[20141027-110146 WordFileConvertSrv.exe] ERR> 轉檔作業失敗. 從 "D:\NTAKWeb\NTAK_DDQS\Exec\Manager\FileStore\楊肅泰(第09804135號)-96年度.doc" 轉換至 "D:\NTAKWeb\NTAK_DDQS\Exec\ConvertArea\楊肅泰(第09804135號)-96年度.doc.txt" 時發生錯誤, 原因: Variant does not reference an automation object
[20141027-110146 WordFileConvertSrv.exe] ERR> 轉檔作業失敗. 從 "D:\NTAKWeb\NTAK_DDQS\Exec\Manager\FileStore\歐陽建華(第09902018號)-88年度.doc" 轉換至 "D:\NTAKWeb\NTAK_DDQS\Exec\ConvertArea\歐陽建華(第09902018號)-88年度.doc.txt" 時發生錯誤, 原因: Variant does not reference an automation object
[20141027-110146 WordFileConvertSrv.exe] ERR> 轉檔作業失敗. 從 "D:\NTAKWeb\NTAK_DDQS\Exec\Manager\FileStore\武穎決~1.DOC" 轉換至 "D:\NTAKWeb\NTAK_DDQS\Exec\ConvertArea\武穎決~1.DOC.txt" 時發生錯誤, 原因: Variant does not reference an automation object
[20141027-110146 WordFileConvertSrv.exe] ERR> 轉檔作業失敗. 從 "D:\NTAKWeb\NTAK_DDQS\Exec\Manager\FileStore\潘&#21843;銘100罰鍰-委託他人代為申報-維持.doc" 轉換至 "D:\NTAKWeb\NTAK_DDQS\Exec\ConvertArea\潘&#21843;銘100罰鍰-委託他人代為申報-維持.doc.txt" 時發生錯誤, 原因: Variant does not reference an automation object
[20141027-110146 WordFileConvertSrv.exe] ERR> 轉檔作業失敗. 從 "D:\NTAKWeb\NTAK_DDQS\Exec\Manager\FileStore\王&#28702;苡101年特銷稅罰鍰決定書-函.docx" 轉換至 "D:\NTAKWeb\NTAK_DDQS\Exec\ConvertArea\王&#28702;苡101年特銷稅罰鍰決定書-函.docx.txt" 時發生錯誤, 原因: Variant does not reference an automation object
[20141027-110146 WordFileConvertSrv.exe] ERR> 轉檔作業失敗. 從 "D:\NTAKWeb\NTAK_DDQS\Exec\Manager\FileStore\白美香(第09803188號)-96年度.doc" 轉換至 "D:\NTAKWeb\NTAK_DDQS\Exec\ConvertArea\白美香(第09803188號)-96年度.doc.txt" 時發生錯誤, 原因: Variant does not reference an automation object
[20141027-110146 WordFileConvertSrv.exe] ERR> 轉檔作業失敗. 從 "D:\NTAKWeb\NTAK_DDQS\Exec\Manager\FileStore\蘇宏典(第10001702號)-95年度.doc" 轉換至 "D:\NTAKWeb\NTAK_DDQS\Exec\ConvertArea\蘇宏典(第10001702號)-95年度.doc.txt" 時發生錯誤, 原因: Variant does not reference an automation object
[20141027-110146 WordFileConvertSrv.exe] ERR> 轉檔作業失敗. 從 "D:\NTAKWeb\NTAK_DDQS\Exec\Manager\FileStore\達旺廣告(第09803394號)-95年度.doc" 轉換至 "D:\NTAKWeb\NTAK_DDQS\Exec\ConvertArea\達旺廣告(第09803394號)-95年度.doc.txt" 時發生錯誤, 原因: Variant does not reference an automation object
[20141027-110146 WordFileConvertSrv.exe] ERR> 轉檔作業失敗. 從 "D:\NTAKWeb\NTAK_DDQS\Exec\Manager\FileStore\鍇億國際95營所稅決定書(虛銷8%).doc" 轉換至 "D:\NTAKWeb\NTAK_DDQS\Exec\ConvertArea\鍇億國際95營所稅決定書(虛銷8%).doc.txt" 時發生錯誤, 原因: Variant does not reference an automation object
[20141027-110146 WordFileConvertSrv.exe] ERR> 轉檔作業失敗. 從 "D:\NTAKWeb\NTAK_DDQS\Exec\Manager\FileStore\鍇億國際95營所稅決定書虛銷8%.doc" 轉換至 "D:\NTAKWeb\NTAK_DDQS\Exec\ConvertArea\鍇億國際95營所稅決定書虛銷8%.doc.txt" 時發生錯誤, 原因: Variant does not reference an automation object
[20141027-110146 WordFileConvertSrv.exe] ERR> 轉檔作業失敗. 從 "D:\NTAKWeb\NTAK_DDQS\Exec\Manager\FileStore\陳麗文(第09801332號)-96年度.doc" 轉換至 "D:\NTAKWeb\NTAK_DDQS\Exec\ConvertArea\陳麗文(第09801332號)-96年度.doc.txt" 時發生錯誤, 原因: Variant does not reference an automation object
[20141027-110146 WordFileConvertSrv.exe] ERR> 轉檔作業失敗. 從 "D:\NTAKWeb\NTAK_DDQS\Exec\Manager\FileStore\黃&#28702;瑢復查決定書-海外所得.doc" 轉換至 "D:\NTAKWeb\NTAK_DDQS\Exec\ConvertArea\黃&#28702;瑢復查決定書-海外所得.doc.txt" 時發生錯誤, 原因: Variant does not reference an automation object
[20141027-110146 WordFileConvertSrv.exe] ERR> 轉檔作業失敗. 從 "D:\NTAKWeb\NTAK_DDQS\Exec\Manager\FileStore\黃鳳珠(第09703642號)-95年度.doc" 轉換至 "D:\NTAKWeb\NTAK_DDQS\Exec\ConvertArea\黃鳳珠(第09703642號)-95年度.doc.txt" 時發生錯誤, 原因: Variant does not reference an automation object
[20141027-110200 WordFileConvertSrv.exe] ERR> 轉檔作業失敗. 從 "D:\NTAKWeb\NTAK_DDQS\Exec\Manager\FileStore\&#40644;武穎決定書.doc" 轉換至 "D:\NTAKWeb\NTAK_DDQS\Exec\ConvertArea\&#40644;武穎決定書.doc.txt" 時發生錯誤, 原因: Variant does not reference an automation object
[20141027-110200 WordFileConvertSrv.exe] ERR> 轉檔作業失敗. 從 "D:\NTAKWeb\NTAK_DDQS\Exec\Manager\FileStore\09700128300.doc" 轉換至 "D:\NTAKWeb\NTAK_DDQS\Exec\ConvertArea\09700128300.doc.txt" 時發生錯誤, 原因: Variant does not reference an automation object
[20141027-110200 WordFileConvertSrv.exe] ERR> 轉檔作業失敗. 從 "D:\NTAKWeb\NTAK_DDQS\Exec\Manager\FileStore\09700398060.doc" 轉換至 "D:\NTAKWeb\NTAK_DDQS\Exec\ConvertArea\09700398060.doc.txt" 時發生錯誤, 原因: Variant does not reference an automation object
[20141027-110200 WordFileConvertSrv.exe] ERR> 轉檔作業失敗. 從 "D:\NTAKWeb\NTAK_DDQS\Exec\Manager\FileStore\1-1020924洪瑞&#23791;君96年度復查決定書-函.doc" 轉換至 "D:\NTAKWeb\NTAK_DDQS\Exec\ConvertArea\1-1020924洪瑞&#23791;君96年度復查決定書-函.doc.txt" 時發生錯誤, 原因: Variant does not reference an automation object
[20141027-110200 WordFileConvertSrv.exe] ERR> 轉檔作業失敗. 從 "D:\NTAKWeb\NTAK_DDQS\Exec\Manager\FileStore\100-2-21鍾泰營造有限公司營業稅罰鍰(復查決定書-重繕(發文).doc" 轉換至 "D:\NTAKWeb\NTAK_DDQS\Exec\ConvertArea\100-2-21鍾泰營造有限公司營業稅罰鍰(復查決定書-重繕(發文).doc.txt" 時發生錯誤, 原因: Variant does not reference an automation object
[20141027-110200 WordFileConvertSrv.exe] ERR> 轉檔作業失敗. 從 "D:\NTAKWeb\NTAK_DDQS\Exec\Manager\FileStore\100年度判字第1949號.doc" 轉換至 "D:\NTAKWeb\NTAK_DDQS\Exec\ConvertArea\100年度判字第1949號.doc.txt" 時發生錯誤, 原因: Variant does not reference an automation object
[20141027-110200 WordFileConvertSrv.exe] ERR> 轉檔作業失敗. 從 "D:\NTAKWeb\NTAK_DDQS\Exec\Manager\FileStore\100年度復查決定書稿發文.doc" 轉換至 "D:\NTAKWeb\NTAK_DDQS\Exec\ConvertArea\100年度復查決定書稿發文.doc.txt" 時發生錯誤, 原因: Variant does not reference an automation object
[20141027-110200 WordFileConvertSrv.exe] ERR> 轉檔作業失敗. 從 "D:\NTAKWeb\NTAK_DDQS\Exec\Manager\FileStore\100年度訴字第444號.doc" 轉換至 "D:\NTAKWeb\NTAK_DDQS\Exec\ConvertArea\100年度訴字第444號.doc.txt" 時發生錯誤, 原因: Variant does not reference an automation object
[20141027-110200 WordFileConvertSrv.exe] ERR> 轉檔作業失敗. 從 "D:\NTAKWeb\NTAK_DDQS\Exec\Manager\FileStore\102.4.29-陳&#28913;泰(陳吳芬釵)100年度綜所稅復查決定書.doc" 轉換至 "D:\NTAKWeb\NTAK_DDQS\Exec\ConvertArea\102.4.29-陳&#28913;泰(陳吳芬釵)100年度綜所稅復查決定書.doc.txt" 時發生錯誤, 原因: Variant does not reference an automation object
[20141027-110200 WordFileConvertSrv.exe] ERR> 轉檔作業失敗. 從 "D:\NTAKWeb\NTAK_DDQS\Exec\Manager\FileStore\10201614.doc" 轉換至 "D:\NTAKWeb\NTAK_DDQS\Exec\ConvertArea\10201614.doc.txt" 時發生錯誤, 原因: Variant does not reference an automation object
[20141027-110200 WordFileConvertSrv.exe] ERR> 轉檔作業失敗. 從 "D:\NTAKWeb\NTAK_DDQS\Exec\Manager\FileStore\1020716張孟信99年度綜所稅復查決定書(復查會決議修正).doc" 轉換至 "D:\NTAKWeb\NTAK_DDQS\Exec\ConvertArea\1020716張孟信99年度綜所稅復查決定書(復查會決議修正).doc.txt" 時發生錯誤, 原因: Variant does not reference an automation object
[20141027-110200 WordFileConvertSrv.exe] ERR> 轉檔作業失敗. 從 "D:\NTAKWeb\NTAK_DDQS\Exec\Manager\FileStore\1021030黃振銘君99年度綜所稅復查決定書.doc" 轉換至 "D:\NTAKWeb\NTAK_DDQS\Exec\ConvertArea\1021030黃振銘君99年度綜所稅復查決定書.doc.txt" 時發生錯誤, 原因: Variant does not reference an automation object
[20141027-110200 WordFileConvertSrv.exe] ERR> 轉檔作業失敗. 從 "D:\NTAKWeb\NTAK_DDQS\Exec\Manager\FileStore\103.06.23發文-黃小芳101年綜所稅決定書稿.doc" 轉換至 "D:\NTAKWeb\NTAK_DDQS\Exec\ConvertArea\103.06.23發文-黃小芳101年綜所稅決定書稿.doc.txt" 時發生錯誤, 原因: Variant does not reference an automation object
[20141027-110200 WordFileConvertSrv.exe] ERR> 轉檔作業失敗. 從 "D:\NTAKWeb\NTAK_DDQS\Exec\Manager\FileStore\103.4.25發文-陳振昌100年綜所稅決定書(罰鍰).doc" 轉換至 "D:\NTAKWeb\NTAK_DDQS\Exec\ConvertArea\103.4.25發文-陳振昌100年綜所稅決定書(罰鍰).doc.txt" 時發生錯誤, 原因: Variant does not reference an automation object
[20141027-110200 WordFileConvertSrv.exe] ERR> 轉檔作業失敗. 從 "D:\NTAKWeb\NTAK_DDQS\Exec\Manager\FileStore\10300120.doc" 轉換至 "D:\NTAKWeb\NTAK_DDQS\Exec\ConvertArea\10300120.doc.txt" 時發生錯誤, 原因: Variant does not reference an automation object
[20141027-110200 WordFileConvertSrv.exe] ERR> 轉檔作業失敗. 從 "D:\NTAKWeb\NTAK_DDQS\Exec\Manager\FileStore\1030912江昌101營所稅(漏報其他收入) 罰鍰復查決定書(發文).doc" 轉換至 "D:\NTAKWeb\NTAK_DDQS\Exec\ConvertArea\1030912江昌101營所稅(漏報其他收入) 罰鍰復查決定書(發文).doc.txt" 時發生錯誤, 原因: Variant does not reference an automation object
[20141027-110200 WordFileConvertSrv.exe] ERR> 轉檔作業失敗. 從 "D:\NTAKWeb\NTAK_DDQS\Exec\Manager\FileStore\95年度訴字第160號(2).doc" 轉換至 "D:\NTAKWeb\NTAK_DDQS\Exec\ConvertArea\95年度訴字第160號(2).doc.txt" 時發生錯誤, 原因: Variant does not reference an automation object
[20141027-110200 WordFileConvertSrv.exe] ERR> 轉檔作業失敗. 從 "D:\NTAKWeb\NTAK_DDQS\Exec\Manager\FileStore\98年度再字第37號.doc" 轉換至 "D:\NTAKWeb\NTAK_DDQS\Exec\ConvertArea\98年度再字第37號.doc.txt" 時發生錯誤, 原因: Variant does not reference an automation object
[20141027-110200 WordFileConvertSrv.exe] ERR> 轉檔作業失敗. 從 "D:\NTAKWeb\NTAK_DDQS\Exec\Manager\FileStore\98年度簡再字第13號(2).doc" 轉換至 "D:\NTAKWeb\NTAK_DDQS\Exec\ConvertArea\98年度簡再字第13號(2).doc.txt" 時發生錯誤, 原因: Variant does not reference an automation object
[20141027-110200 WordFileConvertSrv.exe] ERR> 轉檔作業失敗. 從 "D:\NTAKWeb\NTAK_DDQS\Exec\Manager\FileStore\99年度簡再字第9號.doc" 轉換至 "D:\NTAKWeb\NTAK_DDQS\Exec\ConvertArea\99年度簡再字第9號.doc.txt" 時發生錯誤, 原因: Variant does not reference an automation object
[20141027-110200 WordFileConvertSrv.exe] ERR> 轉檔作業失敗. 從 "D:\NTAKWeb\NTAK_DDQS\Exec\Manager\FileStore\IE8302100730陳景生101本稅-短報5%－更正後.doc" 轉換至 "D:\NTAKWeb\NTAK_DDQS\Exec\ConvertArea\IE8302100730陳景生101本稅-短報5%－更正後.doc.txt" 時發生錯誤, 原因: Variant does not reference an automation object
[20141027-110200 WordFileConvertSrv.exe] ERR> 轉檔作業失敗. 從 "D:\NTAKWeb\NTAK_DDQS\Exec\Manager\FileStore\JVP-LST.doc" 轉換至 "D:\NTAKWeb\NTAK_DDQS\Exec\ConvertArea\JVP-LST.doc.txt" 時發生錯誤, 原因: Variant does not reference an automation object
[20141027-110200 WordFileConvertSrv.exe] ERR> 轉檔作業失敗. 從 "D:\NTAKWeb\NTAK_DDQS\Exec\Manager\FileStore\NE0402400815邱翠蓮99罰鍰-未據實申報扣繳憑單20%-維持.doc" 轉換至 "D:\NTAKWeb\NTAK_DDQS\Exec\ConvertArea\NE0402400815邱翠蓮99罰鍰-未據實申報扣繳憑單20%-維持.doc.txt" 時發生錯誤, 原因: Variant does not reference an automation object
[20141027-110200 WordFileConvertSrv.exe] ERR> 轉檔作業失敗. 從 "D:\NTAKWeb\NTAK_DDQS\Exec\Manager\FileStore\NE0403100144章一民101年復查決定書-稿.doc" 轉換至 "D:\NTAKWeb\NTAK_DDQS\Exec\ConvertArea\NE0403100144章一民101年復查決定書-稿.doc.txt" 時發生錯誤, 原因: Variant does not reference an automation object
[20141027-110200 WordFileConvertSrv.exe] ERR> 轉檔作業失敗. 從 "D:\NTAKWeb\NTAK_DDQS\Exec\Manager\FileStore\NE8302100123莊全勝100免稅額-追減-核定.doc" 轉換至 "D:\NTAKWeb\NTAK_DDQS\Exec\ConvertArea\NE8302100123莊全勝100免稅額-追減-核定.doc.txt" 時發生錯誤, 原因: Variant does not reference an automation object
[20141027-110200 WordFileConvertSrv.exe] ERR> 轉檔作業失敗. 從 "D:\NTAKWeb\NTAK_DDQS\Exec\Manager\FileStore\NE8302400498潘&#21843;銘100罰鍰-委託他人代為申報-維持.doc" 轉換至 "D:\NTAKWeb\NTAK_DDQS\Exec\ConvertArea\NE8302400498潘&#21843;銘100罰鍰-委託他人代為申報-維持.doc.txt" 時發生錯誤, 原因: Variant does not reference an automation object
[20141027-110200 WordFileConvertSrv.exe] ERR> 轉檔作業失敗. 從 "D:\NTAKWeb\NTAK_DDQS\Exec\Manager\FileStore\何海鷗101虛列免稅額決定書(本+罰)正本.doc" 轉換至 "D:\NTAKWeb\NTAK_DDQS\Exec\ConvertArea\何海鷗101虛列免稅額決定書(本+罰)正本.doc.txt" 時發生錯誤, 原因: Variant does not reference an automation object
[20141027-110200 WordFileConvertSrv.exe] ERR> 轉檔作業失敗. 從 "D:\NTAKWeb\NTAK_DDQS\Exec\Manager\FileStore\佳勝營造(第09903392號)-94年度.doc" 轉換至 "D:\NTAKWeb\NTAK_DDQS\Exec\ConvertArea\佳勝營造(第09903392號)-94年度.doc.txt" 時發生錯誤, 原因: Variant does not reference an automation object
[20141027-110200 WordFileConvertSrv.exe] ERR> 轉檔作業失敗. 從 "D:\NTAKWeb\NTAK_DDQS\Exec\Manager\FileStore\北方之星(第09800030號)-89年度.doc" 轉換至 "D:\NTAKWeb\NTAK_DDQS\Exec\ConvertArea\北方之星(第09800030號)-89年度.doc.txt" 時發生錯誤, 原因: Variant does not reference an automation object
[20141027-110200 WordFileConvertSrv.exe] ERR> 轉檔作業失敗. 從 "D:\NTAKWeb\NTAK_DDQS\Exec\Manager\FileStore\呂冠霖(第09704361~09704365號)-91~95年度.doc" 轉換至 "D:\NTAKWeb\NTAK_DDQS\Exec\ConvertArea\呂冠霖(第09704361~09704365號)-91~95年度.doc.txt" 時發生錯誤, 原因: Variant does not reference an automation object
[20141027-110200 WordFileConvertSrv.exe] ERR> 轉檔作業失敗. 從 "D:\NTAKWeb\NTAK_DDQS\Exec\Manager\FileStore\周王金珍(第09800157號)-94年度.doc" 轉換至 "D:\NTAKWeb\NTAK_DDQS\Exec\ConvertArea\周王金珍(第09800157號)-94年度.doc.txt" 時發生錯誤, 原因: Variant does not reference an automation object
[20141027-110200 WordFileConvertSrv.exe] ERR> 轉檔作業失敗. 從 "D:\NTAKWeb\NTAK_DDQS\Exec\Manager\FileStore\在仁成101年營業稅暨罰鍰復查決定書.doc" 轉換至 "D:\NTAKWeb\NTAK_DDQS\Exec\ConvertArea\在仁成101年營業稅暨罰鍰復查決定書.doc.txt" 時發生錯誤, 原因: Variant does not reference an automation object
[20141027-110200 WordFileConvertSrv.exe] ERR> 轉檔作業失敗. 從 "D:\NTAKWeb\NTAK_DDQS\Exec\Manager\FileStore\廖東建(第10001282號)-98年度.doc" 轉換至 "D:\NTAKWeb\NTAK_DDQS\Exec\ConvertArea\廖東建(第10001282號)-98年度.doc.txt" 時發生錯誤, 原因: Variant does not reference an automation object
[20141027-110200 WordFileConvertSrv.exe] ERR> 轉檔作業失敗. 從 "D:\NTAKWeb\NTAK_DDQS\Exec\Manager\FileStore\廣建95營所稅決定書(虛銷8%).doc" 轉換至 "D:\NTAKWeb\NTAK_DDQS\Exec\ConvertArea\廣建95營所稅決定書(虛銷8%).doc.txt" 時發生錯誤, 原因: Variant does not reference an automation object
[20141027-110200 WordFileConvertSrv.exe] ERR> 轉檔作業失敗. 從 "D:\NTAKWeb\NTAK_DDQS\Exec\Manager\FileStore\彭宴祥(第09801703號)-96年度.doc" 轉換至 "D:\NTAKWeb\NTAK_DDQS\Exec\ConvertArea\彭宴祥(第09801703號)-96年度.doc.txt" 時發生錯誤, 原因: Variant does not reference an automation object
[20141027-110200 WordFileConvertSrv.exe] ERR> 轉檔作業失敗. 從 "D:\NTAKWeb\NTAK_DDQS\Exec\Manager\FileStore\復查決定-函洪俊良93信託營利所得-實質課稅-核課期間.doc" 轉換至 "D:\NTAKWeb\NTAK_DDQS\Exec\ConvertArea\復查決定-函洪俊良93信託營利所得-實質課稅-核課期間.doc.txt" 時發生錯誤, 原因: Variant does not reference an automation object
[20141027-110200 WordFileConvertSrv.exe] ERR> 轉檔作業失敗. 從 "D:\NTAKWeb\NTAK_DDQS\Exec\Manager\FileStore\日月光電子100年度營所稅復查決定書.doc" 轉換至 "D:\NTAKWeb\NTAK_DDQS\Exec\ConvertArea\日月光電子100年度營所稅復查決定書.doc.txt" 時發生錯誤, 原因: Variant does not reference an automation object
[20141027-110200 WordFileConvertSrv.exe] ERR> 轉檔作業失敗. 從 "D:\NTAKWeb\NTAK_DDQS\Exec\Manager\FileStore\李淑&#32137;決定書.doc" 轉換至 "D:\NTAKWeb\NTAK_DDQS\Exec\ConvertArea\李淑&#32137;決定書.doc.txt" 時發生錯誤, 原因: Variant does not reference an automation object
[20141027-110200 WordFileConvertSrv.exe] ERR> 轉檔作業失敗. 從 "D:\NTAKWeb\NTAK_DDQS\Exec\Manager\FileStore\李清 復查決定書.doc.doc" 轉換至 "D:\NTAKWeb\NTAK_DDQS\Exec\ConvertArea\李清 復查決定書.doc.doc.txt" 時發生錯誤, 原因: Variant does not reference an automation object
[20141027-110200 WordFileConvertSrv.exe] ERR> 轉檔作業失敗. 從 "D:\NTAKWeb\NTAK_DDQS\Exec\Manager\FileStore\李清&#23791;復查決定書.doc" 轉換至 "D:\NTAKWeb\NTAK_DDQS\Exec\ConvertArea\李清&#23791;復查決定書.doc.txt" 時發生錯誤, 原因: Variant does not reference an automation object
[20141027-110200 WordFileConvertSrv.exe] ERR> 轉檔作業失敗. 從 "D:\NTAKWeb\NTAK_DDQS\Exec\Manager\FileStore\林&#37979;宏決定書.doc" 轉換至 "D:\NTAKWeb\NTAK_DDQS\Exec\ConvertArea\林&#37979;宏決定書.doc.txt" 時發生錯誤, 原因: Variant does not reference an automation object
[20141027-110200 WordFileConvertSrv.exe] ERR> 轉檔作業失敗. 從 "D:\NTAKWeb\NTAK_DDQS\Exec\Manager\FileStore\林奇峰95年度復查報告確定版.doc" 轉換至 "D:\NTAKWeb\NTAK_DDQS\Exec\ConvertArea\林奇峰95年度復查報告確定版.doc.txt" 時發生錯誤, 原因: Variant does not reference an automation object
[20141027-110200 WordFileConvertSrv.exe] ERR> 轉檔作業失敗. 從 "D:\NTAKWeb\NTAK_DDQS\Exec\Manager\FileStore\林宜靜(第09903210號)-94~96年度.doc" 轉換至 "D:\NTAKWeb\NTAK_DDQS\Exec\ConvertArea\林宜靜(第09903210號)-94~96年度.doc.txt" 時發生錯誤, 原因: Variant does not reference an automation object
[20141027-110200 WordFileConvertSrv.exe] ERR> 轉檔作業失敗. 從 "D:\NTAKWeb\NTAK_DDQS\Exec\Manager\FileStore\林茂雄98年度綜合所得稅正本.doc" 轉換至 "D:\NTAKWeb\NTAK_DDQS\Exec\ConvertArea\林茂雄98年度綜合所得稅正本.doc.txt" 時發生錯誤, 原因: Variant does not reference an automation object
[20141027-110200 WordFileConvertSrv.exe] ERR> 轉檔作業失敗. 從 "D:\NTAKWeb\NTAK_DDQS\Exec\Manager\FileStore\林麗俐(第10002578號)-93年度.doc" 轉換至 "D:\NTAKWeb\NTAK_DDQS\Exec\ConvertArea\林麗俐(第10002578號)-93年度.doc.txt" 時發生錯誤, 原因: Variant does not reference an automation object
[20141027-110200 WordFileConvertSrv.exe] ERR> 轉檔作業失敗. 從 "D:\NTAKWeb\NTAK_DDQS\Exec\Manager\FileStore\楊肅泰(第09804135號)-96年度.doc" 轉換至 "D:\NTAKWeb\NTAK_DDQS\Exec\ConvertArea\楊肅泰(第09804135號)-96年度.doc.txt" 時發生錯誤, 原因: Variant does not reference an automation object
[20141027-110200 WordFileConvertSrv.exe] ERR> 轉檔作業失敗. 從 "D:\NTAKWeb\NTAK_DDQS\Exec\Manager\FileStore\歐陽建華(第09902018號)-88年度.doc" 轉換至 "D:\NTAKWeb\NTAK_DDQS\Exec\ConvertArea\歐陽建華(第09902018號)-88年度.doc.txt" 時發生錯誤, 原因: Variant does not reference an automation object
[20141027-110200 WordFileConvertSrv.exe] ERR> 轉檔作業失敗. 從 "D:\NTAKWeb\NTAK_DDQS\Exec\Manager\FileStore\武穎決~1.DOC" 轉換至 "D:\NTAKWeb\NTAK_DDQS\Exec\ConvertArea\武穎決~1.DOC.txt" 時發生錯誤, 原因: Variant does not reference an automation object
[20141027-110200 WordFileConvertSrv.exe] ERR> 轉檔作業失敗. 從 "D:\NTAKWeb\NTAK_DDQS\Exec\Manager\FileStore\潘&#21843;銘100罰鍰-委託他人代為申報-維持.doc" 轉換至 "D:\NTAKWeb\NTAK_DDQS\Exec\ConvertArea\潘&#21843;銘100罰鍰-委託他人代為申報-維持.doc.txt" 時發生錯誤, 原因: Variant does not reference an automation object
[20141027-110200 WordFileConvertSrv.exe] ERR> 轉檔作業失敗. 從 "D:\NTAKWeb\NTAK_DDQS\Exec\Manager\FileStore\王&#28702;苡101年特銷稅罰鍰決定書-函.docx" 轉換至 "D:\NTAKWeb\NTAK_DDQS\Exec\ConvertArea\王&#28702;苡101年特銷稅罰鍰決定書-函.docx.txt" 時發生錯誤, 原因: Variant does not reference an automation object
[20141027-110200 WordFileConvertSrv.exe] ERR> 轉檔作業失敗. 從 "D:\NTAKWeb\NTAK_DDQS\Exec\Manager\FileStore\白美香(第09803188號)-96年度.doc" 轉換至 "D:\NTAKWeb\NTAK_DDQS\Exec\ConvertArea\白美香(第09803188號)-96年度.doc.txt" 時發生錯誤, 原因: Variant does not reference an automation object
[20141027-110200 WordFileConvertSrv.exe] ERR> 轉檔作業失敗. 從 "D:\NTAKWeb\NTAK_DDQS\Exec\Manager\FileStore\蘇宏典(第10001702號)-95年度.doc" 轉換至 "D:\NTAKWeb\NTAK_DDQS\Exec\ConvertArea\蘇宏典(第10001702號)-95年度.doc.txt" 時發生錯誤, 原因: Variant does not reference an automation object
[20141027-110200 WordFileConvertSrv.exe] ERR> 轉檔作業失敗. 從 "D:\NTAKWeb\NTAK_DDQS\Exec\Manager\FileStore\達旺廣告(第09803394號)-95年度.doc" 轉換至 "D:\NTAKWeb\NTAK_DDQS\Exec\ConvertArea\達旺廣告(第09803394號)-95年度.doc.txt" 時發生錯誤, 原因: Variant does not reference an automation object
[20141027-110200 WordFileConvertSrv.exe] ERR> 轉檔作業失敗. 從 "D:\NTAKWeb\NTAK_DDQS\Exec\Manager\FileStore\鍇億國際95營所稅決定書(虛銷8%).doc" 轉換至 "D:\NTAKWeb\NTAK_DDQS\Exec\ConvertArea\鍇億國際95營所稅決定書(虛銷8%).doc.txt" 時發生錯誤, 原因: Variant does not reference an automation object
[20141027-110200 WordFileConvertSrv.exe] ERR> 轉檔作業失敗. 從 "D:\NTAKWeb\NTAK_DDQS\Exec\Manager\FileStore\鍇億國際95營所稅決定書虛銷8%.doc" 轉換至 "D:\NTAKWeb\NTAK_DDQS\Exec\ConvertArea\鍇億國際95營所稅決定書虛銷8%.doc.txt" 時發生錯誤, 原因: Variant does not reference an automation object
[20141027-110200 WordFileConvertSrv.exe] ERR> 轉檔作業失敗. 從 "D:\NTAKWeb\NTAK_DDQS\Exec\Manager\FileStore\陳麗文(第09801332號)-96年度.doc" 轉換至 "D:\NTAKWeb\NTAK_DDQS\Exec\ConvertArea\陳麗文(第09801332號)-96年度.doc.txt" 時發生錯誤, 原因: Variant does not reference an automation object
[20141027-110200 WordFileConvertSrv.exe] ERR> 轉檔作業失敗. 從 "D:\NTAKWeb\NTAK_DDQS\Exec\Manager\FileStore\黃&#28702;瑢復查決定書-海外所得.doc" 轉換至 "D:\NTAKWeb\NTAK_DDQS\Exec\ConvertArea\黃&#28702;瑢復查決定書-海外所得.doc.txt" 時發生錯誤, 原因: Variant does not reference an automation object
[20141027-110200 WordFileConvertSrv.exe] ERR> 轉檔作業失敗. 從 "D:\NTAKWeb\NTAK_DDQS\Exec\Manager\FileStore\黃鳳珠(第09703642號)-95年度.doc" 轉換至 "D:\NTAKWeb\NTAK_DDQS\Exec\ConvertArea\黃鳳珠(第09703642號)-95年度.doc.txt" 時發生錯誤, 原因: Variant does not reference an automation object
[20141027-110313 WordFileConvertSrv.exe] ERR> 轉檔作業失敗. 從 "D:\NTAKWeb\NTAK_DDQS\Exec\Manager\FileStore\&#40644;武穎決定書.doc" 轉換至 "D:\NTAKWeb\NTAK_DDQS\Exec\ConvertArea\&#40644;武穎決定書.doc.txt" 時發生錯誤, 原因: Variant does not reference an automation object
[20141027-110313 WordFileConvertSrv.exe] ERR> 轉檔作業失敗. 從 "D:\NTAKWeb\NTAK_DDQS\Exec\Manager\FileStore\09700128300.doc" 轉換至 "D:\NTAKWeb\NTAK_DDQS\Exec\ConvertArea\09700128300.doc.txt" 時發生錯誤, 原因: Variant does not reference an automation object
[20141027-110313 WordFileConvertSrv.exe] ERR> 轉檔作業失敗. 從 "D:\NTAKWeb\NTAK_DDQS\Exec\Manager\FileStore\09700398060.doc" 轉換至 "D:\NTAKWeb\NTAK_DDQS\Exec\ConvertArea\09700398060.doc.txt" 時發生錯誤, 原因: Variant does not reference an automation object
[20141027-110313 WordFileConvertSrv.exe] ERR> 轉檔作業失敗. 從 "D:\NTAKWeb\NTAK_DDQS\Exec\Manager\FileStore\1-1020924洪瑞&#23791;君96年度復查決定書-函.doc" 轉換至 "D:\NTAKWeb\NTAK_DDQS\Exec\ConvertArea\1-1020924洪瑞&#23791;君96年度復查決定書-函.doc.txt" 時發生錯誤, 原因: Variant does not reference an automation object
[20141027-110313 WordFileConvertSrv.exe] ERR> 轉檔作業失敗. 從 "D:\NTAKWeb\NTAK_DDQS\Exec\Manager\FileStore\100-2-21鍾泰營造有限公司營業稅罰鍰(復查決定書-重繕(發文).doc" 轉換至 "D:\NTAKWeb\NTAK_DDQS\Exec\ConvertArea\100-2-21鍾泰營造有限公司營業稅罰鍰(復查決定書-重繕(發文).doc.txt" 時發生錯誤, 原因: Variant does not reference an automation object
[20141027-110313 WordFileConvertSrv.exe] ERR> 轉檔作業失敗. 從 "D:\NTAKWeb\NTAK_DDQS\Exec\Manager\FileStore\100年度判字第1949號.doc" 轉換至 "D:\NTAKWeb\NTAK_DDQS\Exec\ConvertArea\100年度判字第1949號.doc.txt" 時發生錯誤, 原因: Variant does not reference an automation object
[20141027-110313 WordFileConvertSrv.exe] ERR> 轉檔作業失敗. 從 "D:\NTAKWeb\NTAK_DDQS\Exec\Manager\FileStore\100年度復查決定書稿發文.doc" 轉換至 "D:\NTAKWeb\NTAK_DDQS\Exec\ConvertArea\100年度復查決定書稿發文.doc.txt" 時發生錯誤, 原因: Variant does not reference an automation object
[20141027-110313 WordFileConvertSrv.exe] ERR> 轉檔作業失敗. 從 "D:\NTAKWeb\NTAK_DDQS\Exec\Manager\FileStore\100年度訴字第444號.doc" 轉換至 "D:\NTAKWeb\NTAK_DDQS\Exec\ConvertArea\100年度訴字第444號.doc.txt" 時發生錯誤, 原因: Variant does not reference an automation object
[20141027-110313 WordFileConvertSrv.exe] ERR> 轉檔作業失敗. 從 "D:\NTAKWeb\NTAK_DDQS\Exec\Manager\FileStore\102.4.29-陳&#28913;泰(陳吳芬釵)100年度綜所稅復查決定書.doc" 轉換至 "D:\NTAKWeb\NTAK_DDQS\Exec\ConvertArea\102.4.29-陳&#28913;泰(陳吳芬釵)100年度綜所稅復查決定書.doc.txt" 時發生錯誤, 原因: Variant does not reference an automation object
[20141027-110313 WordFileConvertSrv.exe] ERR> 轉檔作業失敗. 從 "D:\NTAKWeb\NTAK_DDQS\Exec\Manager\FileStore\10201614.doc" 轉換至 "D:\NTAKWeb\NTAK_DDQS\Exec\ConvertArea\10201614.doc.txt" 時發生錯誤, 原因: Variant does not reference an automation object
[20141027-110313 WordFileConvertSrv.exe] ERR> 轉檔作業失敗. 從 "D:\NTAKWeb\NTAK_DDQS\Exec\Manager\FileStore\1020716張孟信99年度綜所稅復查決定書(復查會決議修正).doc" 轉換至 "D:\NTAKWeb\NTAK_DDQS\Exec\ConvertArea\1020716張孟信99年度綜所稅復查決定書(復查會決議修正).doc.txt" 時發生錯誤, 原因: Variant does not reference an automation object
[20141027-110313 WordFileConvertSrv.exe] ERR> 轉檔作業失敗. 從 "D:\NTAKWeb\NTAK_DDQS\Exec\Manager\FileStore\1021030黃振銘君99年度綜所稅復查決定書.doc" 轉換至 "D:\NTAKWeb\NTAK_DDQS\Exec\ConvertArea\1021030黃振銘君99年度綜所稅復查決定書.doc.txt" 時發生錯誤, 原因: Variant does not reference an automation object
[20141027-110313 WordFileConvertSrv.exe] ERR> 轉檔作業失敗. 從 "D:\NTAKWeb\NTAK_DDQS\Exec\Manager\FileStore\103.06.23發文-黃小芳101年綜所稅決定書稿.doc" 轉換至 "D:\NTAKWeb\NTAK_DDQS\Exec\ConvertArea\103.06.23發文-黃小芳101年綜所稅決定書稿.doc.txt" 時發生錯誤, 原因: Variant does not reference an automation object
[20141027-110313 WordFileConvertSrv.exe] ERR> 轉檔作業失敗. 從 "D:\NTAKWeb\NTAK_DDQS\Exec\Manager\FileStore\103.4.25發文-陳振昌100年綜所稅決定書(罰鍰).doc" 轉換至 "D:\NTAKWeb\NTAK_DDQS\Exec\ConvertArea\103.4.25發文-陳振昌100年綜所稅決定書(罰鍰).doc.txt" 時發生錯誤, 原因: Variant does not reference an automation object
[20141027-110313 WordFileConvertSrv.exe] ERR> 轉檔作業失敗. 從 "D:\NTAKWeb\NTAK_DDQS\Exec\Manager\FileStore\10300120.doc" 轉換至 "D:\NTAKWeb\NTAK_DDQS\Exec\ConvertArea\10300120.doc.txt" 時發生錯誤, 原因: Variant does not reference an automation object
[20141027-110313 WordFileConvertSrv.exe] ERR> 轉檔作業失敗. 從 "D:\NTAKWeb\NTAK_DDQS\Exec\Manager\FileStore\1030912江昌101營所稅(漏報其他收入) 罰鍰復查決定書(發文).doc" 轉換至 "D:\NTAKWeb\NTAK_DDQS\Exec\ConvertArea\1030912江昌101營所稅(漏報其他收入) 罰鍰復查決定書(發文).doc.txt" 時發生錯誤, 原因: Variant does not reference an automation object
[20141027-110313 WordFileConvertSrv.exe] ERR> 轉檔作業失敗. 從 "D:\NTAKWeb\NTAK_DDQS\Exec\Manager\FileStore\95年度訴字第160號(2).doc" 轉換至 "D:\NTAKWeb\NTAK_DDQS\Exec\ConvertArea\95年度訴字第160號(2).doc.txt" 時發生錯誤, 原因: Variant does not reference an automation object
[20141027-110313 WordFileConvertSrv.exe] ERR> 轉檔作業失敗. 從 "D:\NTAKWeb\NTAK_DDQS\Exec\Manager\FileStore\98年度再字第37號.doc" 轉換至 "D:\NTAKWeb\NTAK_DDQS\Exec\ConvertArea\98年度再字第37號.doc.txt" 時發生錯誤, 原因: Variant does not reference an automation object
[20141027-110313 WordFileConvertSrv.exe] ERR> 轉檔作業失敗. 從 "D:\NTAKWeb\NTAK_DDQS\Exec\Manager\FileStore\98年度簡再字第13號(2).doc" 轉換至 "D:\NTAKWeb\NTAK_DDQS\Exec\ConvertArea\98年度簡再字第13號(2).doc.txt" 時發生錯誤, 原因: Variant does not reference an automation object
[20141027-110313 WordFileConvertSrv.exe] ERR> 轉檔作業失敗. 從 "D:\NTAKWeb\NTAK_DDQS\Exec\Manager\FileStore\99年度簡再字第9號.doc" 轉換至 "D:\NTAKWeb\NTAK_DDQS\Exec\ConvertArea\99年度簡再字第9號.doc.txt" 時發生錯誤, 原因: Variant does not reference an automation object
[20141027-110313 WordFileConvertSrv.exe] ERR> 轉檔作業失敗. 從 "D:\NTAKWeb\NTAK_DDQS\Exec\Manager\FileStore\IE8302100730陳景生101本稅-短報5%－更正後.doc" 轉換至 "D:\NTAKWeb\NTAK_DDQS\Exec\ConvertArea\IE8302100730陳景生101本稅-短報5%－更正後.doc.txt" 時發生錯誤, 原因: Variant does not reference an automation object
[20141027-110313 WordFileConvertSrv.exe] ERR> 轉檔作業失敗. 從 "D:\NTAKWeb\NTAK_DDQS\Exec\Manager\FileStore\JVP-LST.doc" 轉換至 "D:\NTAKWeb\NTAK_DDQS\Exec\ConvertArea\JVP-LST.doc.txt" 時發生錯誤, 原因: Variant does not reference an automation object
[20141027-110313 WordFileConvertSrv.exe] ERR> 轉檔作業失敗. 從 "D:\NTAKWeb\NTAK_DDQS\Exec\Manager\FileStore\NE0402400815邱翠蓮99罰鍰-未據實申報扣繳憑單20%-維持.doc" 轉換至 "D:\NTAKWeb\NTAK_DDQS\Exec\ConvertArea\NE0402400815邱翠蓮99罰鍰-未據實申報扣繳憑單20%-維持.doc.txt" 時發生錯誤, 原因: Variant does not reference an automation object
[20141027-110313 WordFileConvertSrv.exe] ERR> 轉檔作業失敗. 從 "D:\NTAKWeb\NTAK_DDQS\Exec\Manager\FileStore\NE0403100144章一民101年復查決定書-稿.doc" 轉換至 "D:\NTAKWeb\NTAK_DDQS\Exec\ConvertArea\NE0403100144章一民101年復查決定書-稿.doc.txt" 時發生錯誤, 原因: Variant does not reference an automation object
[20141027-110313 WordFileConvertSrv.exe] ERR> 轉檔作業失敗. 從 "D:\NTAKWeb\NTAK_DDQS\Exec\Manager\FileStore\NE8302100123莊全勝100免稅額-追減-核定.doc" 轉換至 "D:\NTAKWeb\NTAK_DDQS\Exec\ConvertArea\NE8302100123莊全勝100免稅額-追減-核定.doc.txt" 時發生錯誤, 原因: Variant does not reference an automation object
[20141027-110313 WordFileConvertSrv.exe] ERR> 轉檔作業失敗. 從 "D:\NTAKWeb\NTAK_DDQS\Exec\Manager\FileStore\NE8302400498潘&#21843;銘100罰鍰-委託他人代為申報-維持.doc" 轉換至 "D:\NTAKWeb\NTAK_DDQS\Exec\ConvertArea\NE8302400498潘&#21843;銘100罰鍰-委託他人代為申報-維持.doc.txt" 時發生錯誤, 原因: Variant does not reference an automation object
[20141027-110313 WordFileConvertSrv.exe] ERR> 轉檔作業失敗. 從 "D:\NTAKWeb\NTAK_DDQS\Exec\Manager\FileStore\何海鷗101虛列免稅額決定書(本+罰)正本.doc" 轉換至 "D:\NTAKWeb\NTAK_DDQS\Exec\ConvertArea\何海鷗101虛列免稅額決定書(本+罰)正本.doc.txt" 時發生錯誤, 原因: Variant does not reference an automation object
[20141027-110313 WordFileConvertSrv.exe] ERR> 轉檔作業失敗. 從 "D:\NTAKWeb\NTAK_DDQS\Exec\Manager\FileStore\佳勝營造(第09903392號)-94年度.doc" 轉換至 "D:\NTAKWeb\NTAK_DDQS\Exec\ConvertArea\佳勝營造(第09903392號)-94年度.doc.txt" 時發生錯誤, 原因: Variant does not reference an automation object
[20141027-110313 WordFileConvertSrv.exe] ERR> 轉檔作業失敗. 從 "D:\NTAKWeb\NTAK_DDQS\Exec\Manager\FileStore\北方之星(第09800030號)-89年度.doc" 轉換至 "D:\NTAKWeb\NTAK_DDQS\Exec\ConvertArea\北方之星(第09800030號)-89年度.doc.txt" 時發生錯誤, 原因: Variant does not reference an automation object
[20141027-110313 WordFileConvertSrv.exe] ERR> 轉檔作業失敗. 從 "D:\NTAKWeb\NTAK_DDQS\Exec\Manager\FileStore\呂冠霖(第09704361~09704365號)-91~95年度.doc" 轉換至 "D:\NTAKWeb\NTAK_DDQS\Exec\ConvertArea\呂冠霖(第09704361~09704365號)-91~95年度.doc.txt" 時發生錯誤, 原因: Variant does not reference an automation object
[20141027-110313 WordFileConvertSrv.exe] ERR> 轉檔作業失敗. 從 "D:\NTAKWeb\NTAK_DDQS\Exec\Manager\FileStore\周王金珍(第09800157號)-94年度.doc" 轉換至 "D:\NTAKWeb\NTAK_DDQS\Exec\ConvertArea\周王金珍(第09800157號)-94年度.doc.txt" 時發生錯誤, 原因: Variant does not reference an automation object
[20141027-110313 WordFileConvertSrv.exe] ERR> 轉檔作業失敗. 從 "D:\NTAKWeb\NTAK_DDQS\Exec\Manager\FileStore\廖東建(第10001282號)-98年度.doc" 轉換至 "D:\NTAKWeb\NTAK_DDQS\Exec\ConvertArea\廖東建(第10001282號)-98年度.doc.txt" 時發生錯誤, 原因: Variant does not reference an automation object
[20141027-110313 WordFileConvertSrv.exe] ERR> 轉檔作業失敗. 從 "D:\NTAKWeb\NTAK_DDQS\Exec\Manager\FileStore\廣建95營所稅決定書(虛銷8%).doc" 轉換至 "D:\NTAKWeb\NTAK_DDQS\Exec\ConvertArea\廣建95營所稅決定書(虛銷8%).doc.txt" 時發生錯誤, 原因: Variant does not reference an automation object
[20141027-110313 WordFileConvertSrv.exe] ERR> 轉檔作業失敗. 從 "D:\NTAKWeb\NTAK_DDQS\Exec\Manager\FileStore\彭宴祥(第09801703號)-96年度.doc" 轉換至 "D:\NTAKWeb\NTAK_DDQS\Exec\ConvertArea\彭宴祥(第09801703號)-96年度.doc.txt" 時發生錯誤, 原因: Variant does not reference an automation object
[20141027-110313 WordFileConvertSrv.exe] ERR> 轉檔作業失敗. 從 "D:\NTAKWeb\NTAK_DDQS\Exec\Manager\FileStore\復查決定-函洪俊良93信託營利所得-實質課稅-核課期間.doc" 轉換至 "D:\NTAKWeb\NTAK_DDQS\Exec\ConvertArea\復查決定-函洪俊良93信託營利所得-實質課稅-核課期間.doc.txt" 時發生錯誤, 原因: Variant does not reference an automation object
[20141027-110313 WordFileConvertSrv.exe] ERR> 轉檔作業失敗. 從 "D:\NTAKWeb\NTAK_DDQS\Exec\Manager\FileStore\日月光電子100年度營所稅復查決定書.doc" 轉換至 "D:\NTAKWeb\NTAK_DDQS\Exec\ConvertArea\日月光電子100年度營所稅復查決定書.doc.txt" 時發生錯誤, 原因: Variant does not reference an automation object
[20141027-110313 WordFileConvertSrv.exe] ERR> 轉檔作業失敗. 從 "D:\NTAKWeb\NTAK_DDQS\Exec\Manager\FileStore\李淑&#32137;決定書.doc" 轉換至 "D:\NTAKWeb\NTAK_DDQS\Exec\ConvertArea\李淑&#32137;決定書.doc.txt" 時發生錯誤, 原因: Variant does not reference an automation object
[20141027-110313 WordFileConvertSrv.exe] ERR> 轉檔作業失敗. 從 "D:\NTAKWeb\NTAK_DDQS\Exec\Manager\FileStore\李清 復查決定書.doc.doc" 轉換至 "D:\NTAKWeb\NTAK_DDQS\Exec\ConvertArea\李清 復查決定書.doc.doc.txt" 時發生錯誤, 原因: Variant does not reference an automation object
[20141027-110313 WordFileConvertSrv.exe] ERR> 轉檔作業失敗. 從 "D:\NTAKWeb\NTAK_DDQS\Exec\Manager\FileStore\李清&#23791;復查決定書.doc" 轉換至 "D:\NTAKWeb\NTAK_DDQS\Exec\ConvertArea\李清&#23791;復查決定書.doc.txt" 時發生錯誤, 原因: Variant does not reference an automation object
[20141027-110313 WordFileConvertSrv.exe] ERR> 轉檔作業失敗. 從 "D:\NTAKWeb\NTAK_DDQS\Exec\Manager\FileStore\林&#37979;宏決定書.doc" 轉換至 "D:\NTAKWeb\NTAK_DDQS\Exec\ConvertArea\林&#37979;宏決定書.doc.txt" 時發生錯誤, 原因: Variant does not reference an automation object
[20141027-110313 WordFileConvertSrv.exe] ERR> 轉檔作業失敗. 從 "D:\NTAKWeb\NTAK_DDQS\Exec\Manager\FileStore\林奇峰95年度復查報告確定版.doc" 轉換至 "D:\NTAKWeb\NTAK_DDQS\Exec\ConvertArea\林奇峰95年度復查報告確定版.doc.txt" 時發生錯誤, 原因: Variant does not reference an automation object
[20141027-110313 WordFileConvertSrv.exe] ERR> 轉檔作業失敗. 從 "D:\NTAKWeb\NTAK_DDQS\Exec\Manager\FileStore\林宜靜(第09903210號)-94~96年度.doc" 轉換至 "D:\NTAKWeb\NTAK_DDQS\Exec\ConvertArea\林宜靜(第09903210號)-94~96年度.doc.txt" 時發生錯誤, 原因: Variant does not reference an automation object
[20141027-110313 WordFileConvertSrv.exe] ERR> 轉檔作業失敗. 從 "D:\NTAKWeb\NTAK_DDQS\Exec\Manager\FileStore\林茂雄98年度綜合所得稅正本.doc" 轉換至 "D:\NTAKWeb\NTAK_DDQS\Exec\ConvertArea\林茂雄98年度綜合所得稅正本.doc.txt" 時發生錯誤, 原因: Variant does not reference an automation object
[20141027-110313 WordFileConvertSrv.exe] ERR> 轉檔作業失敗. 從 "D:\NTAKWeb\NTAK_DDQS\Exec\Manager\FileStore\林麗俐(第10002578號)-93年度.doc" 轉換至 "D:\NTAKWeb\NTAK_DDQS\Exec\ConvertArea\林麗俐(第10002578號)-93年度.doc.txt" 時發生錯誤, 原因: Variant does not reference an automation object
[20141027-110313 WordFileConvertSrv.exe] ERR> 轉檔作業失敗. 從 "D:\NTAKWeb\NTAK_DDQS\Exec\Manager\FileStore\楊肅泰(第09804135號)-96年度.doc" 轉換至 "D:\NTAKWeb\NTAK_DDQS\Exec\ConvertArea\楊肅泰(第09804135號)-96年度.doc.txt" 時發生錯誤, 原因: Variant does not reference an automation object
[20141027-110313 WordFileConvertSrv.exe] ERR> 轉檔作業失敗. 從 "D:\NTAKWeb\NTAK_DDQS\Exec\Manager\FileStore\歐陽建華(第09902018號)-88年度.doc" 轉換至 "D:\NTAKWeb\NTAK_DDQS\Exec\ConvertArea\歐陽建華(第09902018號)-88年度.doc.txt" 時發生錯誤, 原因: Variant does not reference an automation object
[20141027-110313 WordFileConvertSrv.exe] ERR> 轉檔作業失敗. 從 "D:\NTAKWeb\NTAK_DDQS\Exec\Manager\FileStore\武穎決~1.DOC" 轉換至 "D:\NTAKWeb\NTAK_DDQS\Exec\ConvertArea\武穎決~1.DOC.txt" 時發生錯誤, 原因: Variant does not reference an automation object
[20141027-110313 WordFileConvertSrv.exe] ERR> 轉檔作業失敗. 從 "D:\NTAKWeb\NTAK_DDQS\Exec\Manager\FileStore\潘&#21843;銘100罰鍰-委託他人代為申報-維持.doc" 轉換至 "D:\NTAKWeb\NTAK_DDQS\Exec\ConvertArea\潘&#21843;銘100罰鍰-委託他人代為申報-維持.doc.txt" 時發生錯誤, 原因: Variant does not reference an automation object
[20141027-110313 WordFileConvertSrv.exe] ERR> 轉檔作業失敗. 從 "D:\NTAKWeb\NTAK_DDQS\Exec\Manager\FileStore\王&#28702;苡101年特銷稅罰鍰決定書-函.docx" 轉換至 "D:\NTAKWeb\NTAK_DDQS\Exec\ConvertArea\王&#28702;苡101年特銷稅罰鍰決定書-函.docx.txt" 時發生錯誤, 原因: Variant does not reference an automation object
[20141027-110313 WordFileConvertSrv.exe] ERR> 轉檔作業失敗. 從 "D:\NTAKWeb\NTAK_DDQS\Exec\Manager\FileStore\白美香(第09803188號)-96年度.doc" 轉換至 "D:\NTAKWeb\NTAK_DDQS\Exec\ConvertArea\白美香(第09803188號)-96年度.doc.txt" 時發生錯誤, 原因: Variant does not reference an automation object
[20141027-110313 WordFileConvertSrv.exe] ERR> 轉檔作業失敗. 從 "D:\NTAKWeb\NTAK_DDQS\Exec\Manager\FileStore\蘇宏典(第10001702號)-95年度.doc" 轉換至 "D:\NTAKWeb\NTAK_DDQS\Exec\ConvertArea\蘇宏典(第10001702號)-95年度.doc.txt" 時發生錯誤, 原因: Variant does not reference an automation object
[20141027-110313 WordFileConvertSrv.exe] ERR> 轉檔作業失敗. 從 "D:\NTAKWeb\NTAK_DDQS\Exec\Manager\FileStore\達旺廣告(第09803394號)-95年度.doc" 轉換至 "D:\NTAKWeb\NTAK_DDQS\Exec\ConvertArea\達旺廣告(第09803394號)-95年度.doc.txt" 時發生錯誤, 原因: Variant does not reference an automation object
[20141027-110313 WordFileConvertSrv.exe] ERR> 轉檔作業失敗. 從 "D:\NTAKWeb\NTAK_DDQS\Exec\Manager\FileStore\鍇億國際95營所稅決定書(虛銷8%).doc" 轉換至 "D:\NTAKWeb\NTAK_DDQS\Exec\ConvertArea\鍇億國際95營所稅決定書(虛銷8%).doc.txt" 時發生錯誤, 原因: Variant does not reference an automation object
[20141027-110313 WordFileConvertSrv.exe] ERR> 轉檔作業失敗. 從 "D:\NTAKWeb\NTAK_DDQS\Exec\Manager\FileStore\鍇億國際95營所稅決定書虛銷8%.doc" 轉換至 "D:\NTAKWeb\NTAK_DDQS\Exec\ConvertArea\鍇億國際95營所稅決定書虛銷8%.doc.txt" 時發生錯誤, 原因: Variant does not reference an automation object
[20141027-110313 WordFileConvertSrv.exe] ERR> 轉檔作業失敗. 從 "D:\NTAKWeb\NTAK_DDQS\Exec\Manager\FileStore\陳麗文(第09801332號)-96年度.doc" 轉換至 "D:\NTAKWeb\NTAK_DDQS\Exec\ConvertArea\陳麗文(第09801332號)-96年度.doc.txt" 時發生錯誤, 原因: Variant does not reference an automation object
[20141027-110313 WordFileConvertSrv.exe] ERR> 轉檔作業失敗. 從 "D:\NTAKWeb\NTAK_DDQS\Exec\Manager\FileStore\黃&#28702;瑢復查決定書-海外所得.doc" 轉換至 "D:\NTAKWeb\NTAK_DDQS\Exec\ConvertArea\黃&#28702;瑢復查決定書-海外所得.doc.txt" 時發生錯誤, 原因: Variant does not reference an automation object
[20141027-110313 WordFileConvertSrv.exe] ERR> 轉檔作業失敗. 從 "D:\NTAKWeb\NTAK_DDQS\Exec\Manager\FileStore\黃鳳珠(第09703642號)-95年度.doc" 轉換至 "D:\NTAKWeb\NTAK_DDQS\Exec\ConvertArea\黃鳳珠(第09703642號)-95年度.doc.txt" 時發生錯誤, 原因: Variant does not reference an automation object
[20141027-110313 WordFileConvertSrv.exe] ERR> 轉檔作業失敗. 從 "D:\NTAKWeb\NTAK_DDQS\Exec\Manager\FileStore\&#40644;武穎決定書.doc" 轉換至 "D:\NTAKWeb\NTAK_DDQS\Exec\ConvertArea\&#40644;武穎決定書.doc.txt" 時發生錯誤, 原因: Variant does not reference an automation object
[20141027-110313 WordFileConvertSrv.exe] ERR> 轉檔作業失敗. 從 "D:\NTAKWeb\NTAK_DDQS\Exec\Manager\FileStore\09700128300.doc" 轉換至 "D:\NTAKWeb\NTAK_DDQS\Exec\ConvertArea\09700128300.doc.txt" 時發生錯誤, 原因: Variant does not reference an automation object
[20141027-110313 WordFileConvertSrv.exe] ERR> 轉檔作業失敗. 從 "D:\NTAKWeb\NTAK_DDQS\Exec\Manager\FileStore\09700398060.doc" 轉換至 "D:\NTAKWeb\NTAK_DDQS\Exec\ConvertArea\09700398060.doc.txt" 時發生錯誤, 原因: Variant does not reference an automation object
[20141027-110313 WordFileConvertSrv.exe] ERR> 轉檔作業失敗. 從 "D:\NTAKWeb\NTAK_DDQS\Exec\Manager\FileStore\1-1020924洪瑞&#23791;君96年度復查決定書-函.doc" 轉換至 "D:\NTAKWeb\NTAK_DDQS\Exec\ConvertArea\1-1020924洪瑞&#23791;君96年度復查決定書-函.doc.txt" 時發生錯誤, 原因: Variant does not reference an automation object
[20141027-110313 WordFileConvertSrv.exe] ERR> 轉檔作業失敗. 從 "D:\NTAKWeb\NTAK_DDQS\Exec\Manager\FileStore\100-2-21鍾泰營造有限公司營業稅罰鍰(復查決定書-重繕(發文).doc" 轉換至 "D:\NTAKWeb\NTAK_DDQS\Exec\ConvertArea\100-2-21鍾泰營造有限公司營業稅罰鍰(復查決定書-重繕(發文).doc.txt" 時發生錯誤, 原因: Variant does not reference an automation object
[20141027-110313 WordFileConvertSrv.exe] ERR> 轉檔作業失敗. 從 "D:\NTAKWeb\NTAK_DDQS\Exec\Manager\FileStore\100年度判字第1949號.doc" 轉換至 "D:\NTAKWeb\NTAK_DDQS\Exec\ConvertArea\100年度判字第1949號.doc.txt" 時發生錯誤, 原因: Variant does not reference an automation object
[20141027-110313 WordFileConvertSrv.exe] ERR> 轉檔作業失敗. 從 "D:\NTAKWeb\NTAK_DDQS\Exec\Manager\FileStore\100年度復查決定書稿發文.doc" 轉換至 "D:\NTAKWeb\NTAK_DDQS\Exec\ConvertArea\100年度復查決定書稿發文.doc.txt" 時發生錯誤, 原因: Variant does not reference an automation object
[20141027-110313 WordFileConvertSrv.exe] ERR> 轉檔作業失敗. 從 "D:\NTAKWeb\NTAK_DDQS\Exec\Manager\FileStore\100年度訴字第444號.doc" 轉換至 "D:\NTAKWeb\NTAK_DDQS\Exec\ConvertArea\100年度訴字第444號.doc.txt" 時發生錯誤, 原因: Variant does not reference an automation object
[20141027-110313 WordFileConvertSrv.exe] ERR> 轉檔作業失敗. 從 "D:\NTAKWeb\NTAK_DDQS\Exec\Manager\FileStore\102.4.29-陳&#28913;泰(陳吳芬釵)100年度綜所稅復查決定書.doc" 轉換至 "D:\NTAKWeb\NTAK_DDQS\Exec\ConvertArea\102.4.29-陳&#28913;泰(陳吳芬釵)100年度綜所稅復查決定書.doc.txt" 時發生錯誤, 原因: Variant does not reference an automation object
[20141027-110313 WordFileConvertSrv.exe] ERR> 轉檔作業失敗. 從 "D:\NTAKWeb\NTAK_DDQS\Exec\Manager\FileStore\10201614.doc" 轉換至 "D:\NTAKWeb\NTAK_DDQS\Exec\ConvertArea\10201614.doc.txt" 時發生錯誤, 原因: Variant does not reference an automation object
[20141027-110313 WordFileConvertSrv.exe] ERR> 轉檔作業失敗. 從 "D:\NTAKWeb\NTAK_DDQS\Exec\Manager\FileStore\1020716張孟信99年度綜所稅復查決定書(復查會決議修正).doc" 轉換至 "D:\NTAKWeb\NTAK_DDQS\Exec\ConvertArea\1020716張孟信99年度綜所稅復查決定書(復查會決議修正).doc.txt" 時發生錯誤, 原因: Variant does not reference an automation object
[20141027-110313 WordFileConvertSrv.exe] ERR> 轉檔作業失敗. 從 "D:\NTAKWeb\NTAK_DDQS\Exec\Manager\FileStore\1021030黃振銘君99年度綜所稅復查決定書.doc" 轉換至 "D:\NTAKWeb\NTAK_DDQS\Exec\ConvertArea\1021030黃振銘君99年度綜所稅復查決定書.doc.txt" 時發生錯誤, 原因: Variant does not reference an automation object
[20141027-110313 WordFileConvertSrv.exe] ERR> 轉檔作業失敗. 從 "D:\NTAKWeb\NTAK_DDQS\Exec\Manager\FileStore\103.06.23發文-黃小芳101年綜所稅決定書稿.doc" 轉換至 "D:\NTAKWeb\NTAK_DDQS\Exec\ConvertArea\103.06.23發文-黃小芳101年綜所稅決定書稿.doc.txt" 時發生錯誤, 原因: Variant does not reference an automation object
[20141027-110313 WordFileConvertSrv.exe] ERR> 轉檔作業失敗. 從 "D:\NTAKWeb\NTAK_DDQS\Exec\Manager\FileStore\103.4.25發文-陳振昌100年綜所稅決定書(罰鍰).doc" 轉換至 "D:\NTAKWeb\NTAK_DDQS\Exec\ConvertArea\103.4.25發文-陳振昌100年綜所稅決定書(罰鍰).doc.txt" 時發生錯誤, 原因: Variant does not reference an automation object
[20141027-110313 WordFileConvertSrv.exe] ERR> 轉檔作業失敗. 從 "D:\NTAKWeb\NTAK_DDQS\Exec\Manager\FileStore\10300120.doc" 轉換至 "D:\NTAKWeb\NTAK_DDQS\Exec\ConvertArea\10300120.doc.txt" 時發生錯誤, 原因: Variant does not reference an automation object
[20141027-110313 WordFileConvertSrv.exe] ERR> 轉檔作業失敗. 從 "D:\NTAKWeb\NTAK_DDQS\Exec\Manager\FileStore\1030912江昌101營所稅(漏報其他收入) 罰鍰復查決定書(發文).doc" 轉換至 "D:\NTAKWeb\NTAK_DDQS\Exec\ConvertArea\1030912江昌101營所稅(漏報其他收入) 罰鍰復查決定書(發文).doc.txt" 時發生錯誤, 原因: Variant does not reference an automation object
[20141027-110313 WordFileConvertSrv.exe] ERR> 轉檔作業失敗. 從 "D:\NTAKWeb\NTAK_DDQS\Exec\Manager\FileStore\95年度訴字第160號(2).doc" 轉換至 "D:\NTAKWeb\NTAK_DDQS\Exec\ConvertArea\95年度訴字第160號(2).doc.txt" 時發生錯誤, 原因: Variant does not reference an automation object
[20141027-110313 WordFileConvertSrv.exe] ERR> 轉檔作業失敗. 從 "D:\NTAKWeb\NTAK_DDQS\Exec\Manager\FileStore\98年度再字第37號.doc" 轉換至 "D:\NTAKWeb\NTAK_DDQS\Exec\ConvertArea\98年度再字第37號.doc.txt" 時發生錯誤, 原因: Variant does not reference an automation object
[20141027-110313 WordFileConvertSrv.exe] ERR> 轉檔作業失敗. 從 "D:\NTAKWeb\NTAK_DDQS\Exec\Manager\FileStore\98年度簡再字第13號(2).doc" 轉換至 "D:\NTAKWeb\NTAK_DDQS\Exec\ConvertArea\98年度簡再字第13號(2).doc.txt" 時發生錯誤, 原因: Variant does not reference an automation object
[20141027-110313 WordFileConvertSrv.exe] ERR> 轉檔作業失敗. 從 "D:\NTAKWeb\NTAK_DDQS\Exec\Manager\FileStore\99年度簡再字第9號.doc" 轉換至 "D:\NTAKWeb\NTAK_DDQS\Exec\ConvertArea\99年度簡再字第9號.doc.txt" 時發生錯誤, 原因: Variant does not reference an automation object
[20141027-110313 WordFileConvertSrv.exe] ERR> 轉檔作業失敗. 從 "D:\NTAKWeb\NTAK_DDQS\Exec\Manager\FileStore\IE8302100730陳景生101本稅-短報5%－更正後.doc" 轉換至 "D:\NTAKWeb\NTAK_DDQS\Exec\ConvertArea\IE8302100730陳景生101本稅-短報5%－更正後.doc.txt" 時發生錯誤, 原因: Variant does not reference an automation object
[20141027-110313 WordFileConvertSrv.exe] ERR> 轉檔作業失敗. 從 "D:\NTAKWeb\NTAK_DDQS\Exec\Manager\FileStore\JVP-LST.doc" 轉換至 "D:\NTAKWeb\NTAK_DDQS\Exec\ConvertArea\JVP-LST.doc.txt" 時發生錯誤, 原因: Variant does not reference an automation object
[20141027-110313 WordFileConvertSrv.exe] ERR> 轉檔作業失敗. 從 "D:\NTAKWeb\NTAK_DDQS\Exec\Manager\FileStore\NE0402400815邱翠蓮99罰鍰-未據實申報扣繳憑單20%-維持.doc" 轉換至 "D:\NTAKWeb\NTAK_DDQS\Exec\ConvertArea\NE0402400815邱翠蓮99罰鍰-未據實申報扣繳憑單20%-維持.doc.txt" 時發生錯誤, 原因: Variant does not reference an automation object
[20141027-110313 WordFileConvertSrv.exe] ERR> 轉檔作業失敗. 從 "D:\NTAKWeb\NTAK_DDQS\Exec\Manager\FileStore\NE0403100144章一民101年復查決定書-稿.doc" 轉換至 "D:\NTAKWeb\NTAK_DDQS\Exec\ConvertArea\NE0403100144章一民101年復查決定書-稿.doc.txt" 時發生錯誤, 原因: Variant does not reference an automation object
[20141027-110313 WordFileConvertSrv.exe] ERR> 轉檔作業失敗. 從 "D:\NTAKWeb\NTAK_DDQS\Exec\Manager\FileStore\NE8302100123莊全勝100免稅額-追減-核定.doc" 轉換至 "D:\NTAKWeb\NTAK_DDQS\Exec\ConvertArea\NE8302100123莊全勝100免稅額-追減-核定.doc.txt" 時發生錯誤, 原因: Variant does not reference an automation object
[20141027-110313 WordFileConvertSrv.exe] ERR> 轉檔作業失敗. 從 "D:\NTAKWeb\NTAK_DDQS\Exec\Manager\FileStore\NE8302400498潘&#21843;銘100罰鍰-委託他人代為申報-維持.doc" 轉換至 "D:\NTAKWeb\NTAK_DDQS\Exec\ConvertArea\NE8302400498潘&#21843;銘100罰鍰-委託他人代為申報-維持.doc.txt" 時發生錯誤, 原因: Variant does not reference an automation object
[20141027-110313 WordFileConvertSrv.exe] ERR> 轉檔作業失敗. 從 "D:\NTAKWeb\NTAK_DDQS\Exec\Manager\FileStore\何海鷗101虛列免稅額決定書(本+罰)正本.doc" 轉換至 "D:\NTAKWeb\NTAK_DDQS\Exec\ConvertArea\何海鷗101虛列免稅額決定書(本+罰)正本.doc.txt" 時發生錯誤, 原因: Variant does not reference an automation object
[20141027-110313 WordFileConvertSrv.exe] ERR> 轉檔作業失敗. 從 "D:\NTAKWeb\NTAK_DDQS\Exec\Manager\FileStore\佳勝營造(第09903392號)-94年度.doc" 轉換至 "D:\NTAKWeb\NTAK_DDQS\Exec\ConvertArea\佳勝營造(第09903392號)-94年度.doc.txt" 時發生錯誤, 原因: Variant does not reference an automation object
[20141027-110313 WordFileConvertSrv.exe] ERR> 轉檔作業失敗. 從 "D:\NTAKWeb\NTAK_DDQS\Exec\Manager\FileStore\北方之星(第09800030號)-89年度.doc" 轉換至 "D:\NTAKWeb\NTAK_DDQS\Exec\ConvertArea\北方之星(第09800030號)-89年度.doc.txt" 時發生錯誤, 原因: Variant does not reference an automation object
[20141027-110313 WordFileConvertSrv.exe] ERR> 轉檔作業失敗. 從 "D:\NTAKWeb\NTAK_DDQS\Exec\Manager\FileStore\呂冠霖(第09704361~09704365號)-91~95年度.doc" 轉換至 "D:\NTAKWeb\NTAK_DDQS\Exec\ConvertArea\呂冠霖(第09704361~09704365號)-91~95年度.doc.txt" 時發生錯誤, 原因: Variant does not reference an automation object
[20141027-110313 WordFileConvertSrv.exe] ERR> 轉檔作業失敗. 從 "D:\NTAKWeb\NTAK_DDQS\Exec\Manager\FileStore\周王金珍(第09800157號)-94年度.doc" 轉換至 "D:\NTAKWeb\NTAK_DDQS\Exec\ConvertArea\周王金珍(第09800157號)-94年度.doc.txt" 時發生錯誤, 原因: Variant does not reference an automation object
[20141027-110313 WordFileConvertSrv.exe] ERR> 轉檔作業失敗. 從 "D:\NTAKWeb\NTAK_DDQS\Exec\Manager\FileStore\廖東建(第10001282號)-98年度.doc" 轉換至 "D:\NTAKWeb\NTAK_DDQS\Exec\ConvertArea\廖東建(第10001282號)-98年度.doc.txt" 時發生錯誤, 原因: Variant does not reference an automation object
[20141027-110313 WordFileConvertSrv.exe] ERR> 轉檔作業失敗. 從 "D:\NTAKWeb\NTAK_DDQS\Exec\Manager\FileStore\廣建95營所稅決定書(虛銷8%).doc" 轉換至 "D:\NTAKWeb\NTAK_DDQS\Exec\ConvertArea\廣建95營所稅決定書(虛銷8%).doc.txt" 時發生錯誤, 原因: Variant does not reference an automation object
[20141027-110313 WordFileConvertSrv.exe] ERR> 轉檔作業失敗. 從 "D:\NTAKWeb\NTAK_DDQS\Exec\Manager\FileStore\彭宴祥(第09801703號)-96年度.doc" 轉換至 "D:\NTAKWeb\NTAK_DDQS\Exec\ConvertArea\彭宴祥(第09801703號)-96年度.doc.txt" 時發生錯誤, 原因: Variant does not reference an automation object
[20141027-110313 WordFileConvertSrv.exe] ERR> 轉檔作業失敗. 從 "D:\NTAKWeb\NTAK_DDQS\Exec\Manager\FileStore\復查決定-函洪俊良93信託營利所得-實質課稅-核課期間.doc" 轉換至 "D:\NTAKWeb\NTAK_DDQS\Exec\ConvertArea\復查決定-函洪俊良93信託營利所得-實質課稅-核課期間.doc.txt" 時發生錯誤, 原因: Variant does not reference an automation object
[20141027-110313 WordFileConvertSrv.exe] ERR> 轉檔作業失敗. 從 "D:\NTAKWeb\NTAK_DDQS\Exec\Manager\FileStore\日月光電子100年度營所稅復查決定書.doc" 轉換至 "D:\NTAKWeb\NTAK_DDQS\Exec\ConvertArea\日月光電子100年度營所稅復查決定書.doc.txt" 時發生錯誤, 原因: Variant does not reference an automation object
[20141027-110313 WordFileConvertSrv.exe] ERR> 轉檔作業失敗. 從 "D:\NTAKWeb\NTAK_DDQS\Exec\Manager\FileStore\李淑&#32137;決定書.doc" 轉換至 "D:\NTAKWeb\NTAK_DDQS\Exec\ConvertArea\李淑&#32137;決定書.doc.txt" 時發生錯誤, 原因: Variant does not reference an automation object
[20141027-110313 WordFileConvertSrv.exe] ERR> 轉檔作業失敗. 從 "D:\NTAKWeb\NTAK_DDQS\Exec\Manager\FileStore\李清 復查決定書.doc.doc" 轉換至 "D:\NTAKWeb\NTAK_DDQS\Exec\ConvertArea\李清 復查決定書.doc.doc.txt" 時發生錯誤, 原因: Variant does not reference an automation object
[20141027-110313 WordFileConvertSrv.exe] ERR> 轉檔作業失敗. 從 "D:\NTAKWeb\NTAK_DDQS\Exec\Manager\FileStore\李清&#23791;復查決定書.doc" 轉換至 "D:\NTAKWeb\NTAK_DDQS\Exec\ConvertArea\李清&#23791;復查決定書.doc.txt" 時發生錯誤, 原因: Variant does not reference an automation object
[20141027-110313 WordFileConvertSrv.exe] ERR> 轉檔作業失敗. 從 "D:\NTAKWeb\NTAK_DDQS\Exec\Manager\FileStore\林&#37979;宏決定書.doc" 轉換至 "D:\NTAKWeb\NTAK_DDQS\Exec\ConvertArea\林&#37979;宏決定書.doc.txt" 時發生錯誤, 原因: Variant does not reference an automation object
[20141027-110313 WordFileConvertSrv.exe] ERR> 轉檔作業失敗. 從 "D:\NTAKWeb\NTAK_DDQS\Exec\Manager\FileStore\林奇峰95年度復查報告確定版.doc" 轉換至 "D:\NTAKWeb\NTAK_DDQS\Exec\ConvertArea\林奇峰95年度復查報告確定版.doc.txt" 時發生錯誤, 原因: Variant does not reference an automation object
[20141027-110313 WordFileConvertSrv.exe] ERR> 轉檔作業失敗. 從 "D:\NTAKWeb\NTAK_DDQS\Exec\Manager\FileStore\林宜靜(第09903210號)-94~96年度.doc" 轉換至 "D:\NTAKWeb\NTAK_DDQS\Exec\ConvertArea\林宜靜(第09903210號)-94~96年度.doc.txt" 時發生錯誤, 原因: Variant does not reference an automation object
[20141027-110313 WordFileConvertSrv.exe] ERR> 轉檔作業失敗. 從 "D:\NTAKWeb\NTAK_DDQS\Exec\Manager\FileStore\林茂雄98年度綜合所得稅正本.doc" 轉換至 "D:\NTAKWeb\NTAK_DDQS\Exec\ConvertArea\林茂雄98年度綜合所得稅正本.doc.txt" 時發生錯誤, 原因: Variant does not reference an automation object
[20141027-110313 WordFileConvertSrv.exe] ERR> 轉檔作業失敗. 從 "D:\NTAKWeb\NTAK_DDQS\Exec\Manager\FileStore\林麗俐(第10002578號)-93年度.doc" 轉換至 "D:\NTAKWeb\NTAK_DDQS\Exec\ConvertArea\林麗俐(第10002578號)-93年度.doc.txt" 時發生錯誤, 原因: Variant does not reference an automation object
[20141027-110313 WordFileConvertSrv.exe] ERR> 轉檔作業失敗. 從 "D:\NTAKWeb\NTAK_DDQS\Exec\Manager\FileStore\楊肅泰(第09804135號)-96年度.doc" 轉換至 "D:\NTAKWeb\NTAK_DDQS\Exec\ConvertArea\楊肅泰(第09804135號)-96年度.doc.txt" 時發生錯誤, 原因: Variant does not reference an automation object
[20141027-110313 WordFileConvertSrv.exe] ERR> 轉檔作業失敗. 從 "D:\NTAKWeb\NTAK_DDQS\Exec\Manager\FileStore\歐陽建華(第09902018號)-88年度.doc" 轉換至 "D:\NTAKWeb\NTAK_DDQS\Exec\ConvertArea\歐陽建華(第09902018號)-88年度.doc.txt" 時發生錯誤, 原因: Variant does not reference an automation object
[20141027-110313 WordFileConvertSrv.exe] ERR> 轉檔作業失敗. 從 "D:\NTAKWeb\NTAK_DDQS\Exec\Manager\FileStore\武穎決~1.DOC" 轉換至 "D:\NTAKWeb\NTAK_DDQS\Exec\ConvertArea\武穎決~1.DOC.txt" 時發生錯誤, 原因: Variant does not reference an automation object
[20141027-110313 WordFileConvertSrv.exe] ERR> 轉檔作業失敗. 從 "D:\NTAKWeb\NTAK_DDQS\Exec\Manager\FileStore\潘&#21843;銘100罰鍰-委託他人代為申報-維持.doc" 轉換至 "D:\NTAKWeb\NTAK_DDQS\Exec\ConvertArea\潘&#21843;銘100罰鍰-委託他人代為申報-維持.doc.txt" 時發生錯誤, 原因: Variant does not reference an automation object
[20141027-110313 WordFileConvertSrv.exe] ERR> 轉檔作業失敗. 從 "D:\NTAKWeb\NTAK_DDQS\Exec\Manager\FileStore\王&#28702;苡101年特銷稅罰鍰決定書-函.docx" 轉換至 "D:\NTAKWeb\NTAK_DDQS\Exec\ConvertArea\王&#28702;苡101年特銷稅罰鍰決定書-函.docx.txt" 時發生錯誤, 原因: Variant does not reference an automation object
[20141027-110313 WordFileConvertSrv.exe] ERR> 轉檔作業失敗. 從 "D:\NTAKWeb\NTAK_DDQS\Exec\Manager\FileStore\白美香(第09803188號)-96年度.doc" 轉換至 "D:\NTAKWeb\NTAK_DDQS\Exec\ConvertArea\白美香(第09803188號)-96年度.doc.txt" 時發生錯誤, 原因: Variant does not reference an automation object
[20141027-110313 WordFileConvertSrv.exe] ERR> 轉檔作業失敗. 從 "D:\NTAKWeb\NTAK_DDQS\Exec\Manager\FileStore\蘇宏典(第10001702號)-95年度.doc" 轉換至 "D:\NTAKWeb\NTAK_DDQS\Exec\ConvertArea\蘇宏典(第10001702號)-95年度.doc.txt" 時發生錯誤, 原因: Variant does not reference an automation object
[20141027-110313 WordFileConvertSrv.exe] ERR> 轉檔作業失敗. 從 "D:\NTAKWeb\NTAK_DDQS\Exec\Manager\FileStore\達旺廣告(第09803394號)-95年度.doc" 轉換至 "D:\NTAKWeb\NTAK_DDQS\Exec\ConvertArea\達旺廣告(第09803394號)-95年度.doc.txt" 時發生錯誤, 原因: Variant does not reference an automation object
[20141027-110313 WordFileConvertSrv.exe] ERR> 轉檔作業失敗. 從 "D:\NTAKWeb\NTAK_DDQS\Exec\Manager\FileStore\鍇億國際95營所稅決定書(虛銷8%).doc" 轉換至 "D:\NTAKWeb\NTAK_DDQS\Exec\ConvertArea\鍇億國際95營所稅決定書(虛銷8%).doc.txt" 時發生錯誤, 原因: Variant does not reference an automation object
[20141027-110313 WordFileConvertSrv.exe] ERR> 轉檔作業失敗. 從 "D:\NTAKWeb\NTAK_DDQS\Exec\Manager\FileStore\鍇億國際95營所稅決定書虛銷8%.doc" 轉換至 "D:\NTAKWeb\NTAK_DDQS\Exec\ConvertArea\鍇億國際95營所稅決定書虛銷8%.doc.txt" 時發生錯誤, 原因: Variant does not reference an automation object
[20141027-110313 WordFileConvertSrv.exe] ERR> 轉檔作業失敗. 從 "D:\NTAKWeb\NTAK_DDQS\Exec\Manager\FileStore\陳麗文(第09801332號)-96年度.doc" 轉換至 "D:\NTAKWeb\NTAK_DDQS\Exec\ConvertArea\陳麗文(第09801332號)-96年度.doc.txt" 時發生錯誤, 原因: Variant does not reference an automation object
[20141027-110313 WordFileConvertSrv.exe] ERR> 轉檔作業失敗. 從 "D:\NTAKWeb\NTAK_DDQS\Exec\Manager\FileStore\黃&#28702;瑢復查決定書-海外所得.doc" 轉換至 "D:\NTAKWeb\NTAK_DDQS\Exec\ConvertArea\黃&#28702;瑢復查決定書-海外所得.doc.txt" 時發生錯誤, 原因: Variant does not reference an automation object
[20141027-110313 WordFileConvertSrv.exe] ERR> 轉檔作業失敗. 從 "D:\NTAKWeb\NTAK_DDQS\Exec\Manager\FileStore\黃鳳珠(第09703642號)-95年度.doc" 轉換至 "D:\NTAKWeb\NTAK_DDQS\Exec\ConvertArea\黃鳳珠(第09703642號)-95年度.doc.txt" 時發生錯誤, 原因: Variant does not reference an automation object
[20141028-153311 WordFileConvertSrv.exe] ERR> 轉檔作業失敗. 從 "D:\NTAKWeb\NTAK_DDQS\Exec\Manager\FileStore\&#40644;武穎決定書.doc" 轉換至 "D:\NTAKWeb\NTAK_DDQS\Exec\ConvertArea\&#40644;武穎決定書.doc.txt" 時發生錯誤, 原因: Variant does not reference an automation object
[20141028-153311 WordFileConvertSrv.exe] ERR> 轉檔作業失敗. 從 "D:\NTAKWeb\NTAK_DDQS\Exec\Manager\FileStore\02傅慶隆即勝福茶行營業稅罰鍰復查決定書.doc" 轉換至 "D:\NTAKWeb\NTAK_DDQS\Exec\ConvertArea\02傅慶隆即勝福茶行營業稅罰鍰復查決定書.doc.txt" 時發生錯誤, 原因: Variant does not reference an automation object
[20141028-153311 WordFileConvertSrv.exe] ERR> 轉檔作業失敗. 從 "D:\NTAKWeb\NTAK_DDQS\Exec\Manager\FileStore\09700128300.doc" 轉換至 "D:\NTAKWeb\NTAK_DDQS\Exec\ConvertArea\09700128300.doc.txt" 時發生錯誤, 原因: Variant does not reference an automation object
[20141028-153311 WordFileConvertSrv.exe] ERR> 轉檔作業失敗. 從 "D:\NTAKWeb\NTAK_DDQS\Exec\Manager\FileStore\09700398060.doc" 轉換至 "D:\NTAKWeb\NTAK_DDQS\Exec\ConvertArea\09700398060.doc.txt" 時發生錯誤, 原因: Variant does not reference an automation object
[20141028-153311 WordFileConvertSrv.exe] ERR> 轉檔作業失敗. 從 "D:\NTAKWeb\NTAK_DDQS\Exec\Manager\FileStore\1-1020924洪瑞&#23791;君96年度復查決定書-函.doc" 轉換至 "D:\NTAKWeb\NTAK_DDQS\Exec\ConvertArea\1-1020924洪瑞&#23791;君96年度復查決定書-函.doc.txt" 時發生錯誤, 原因: Variant does not reference an automation object
[20141028-153311 WordFileConvertSrv.exe] ERR> 轉檔作業失敗. 從 "D:\NTAKWeb\NTAK_DDQS\Exec\Manager\FileStore\100-2-21鍾泰營造有限公司營業稅罰鍰(復查決定書-重繕(發文).doc" 轉換至 "D:\NTAKWeb\NTAK_DDQS\Exec\ConvertArea\100-2-21鍾泰營造有限公司營業稅罰鍰(復查決定書-重繕(發文).doc.txt" 時發生錯誤, 原因: Variant does not reference an automation object
[20141028-153311 WordFileConvertSrv.exe] ERR> 轉檔作業失敗. 從 "D:\NTAKWeb\NTAK_DDQS\Exec\Manager\FileStore\100年度判字第1949號.doc" 轉換至 "D:\NTAKWeb\NTAK_DDQS\Exec\ConvertArea\100年度判字第1949號.doc.txt" 時發生錯誤, 原因: Variant does not reference an automation object
[20141028-153311 WordFileConvertSrv.exe] ERR> 轉檔作業失敗. 從 "D:\NTAKWeb\NTAK_DDQS\Exec\Manager\FileStore\100年度復查決定書稿發文.doc" 轉換至 "D:\NTAKWeb\NTAK_DDQS\Exec\ConvertArea\100年度復查決定書稿發文.doc.txt" 時發生錯誤, 原因: Variant does not reference an automation object
[20141028-153311 WordFileConvertSrv.exe] ERR> 轉檔作業失敗. 從 "D:\NTAKWeb\NTAK_DDQS\Exec\Manager\FileStore\100年度訴字第444號.doc" 轉換至 "D:\NTAKWeb\NTAK_DDQS\Exec\ConvertArea\100年度訴字第444號.doc.txt" 時發生錯誤, 原因: Variant does not reference an automation object
[20141028-153311 WordFileConvertSrv.exe] ERR> 轉檔作業失敗. 從 "D:\NTAKWeb\NTAK_DDQS\Exec\Manager\FileStore\102.4.29-陳&#28913;泰(陳吳芬釵)100年度綜所稅復查決定書.doc" 轉換至 "D:\NTAKWeb\NTAK_DDQS\Exec\ConvertArea\102.4.29-陳&#28913;泰(陳吳芬釵)100年度綜所稅復查決定書.doc.txt" 時發生錯誤, 原因: Variant does not reference an automation object
[20141028-153311 WordFileConvertSrv.exe] ERR> 轉檔作業失敗. 從 "D:\NTAKWeb\NTAK_DDQS\Exec\Manager\FileStore\10201614.doc" 轉換至 "D:\NTAKWeb\NTAK_DDQS\Exec\ConvertArea\10201614.doc.txt" 時發生錯誤, 原因: Variant does not reference an automation object
[20141028-153311 WordFileConvertSrv.exe] ERR> 轉檔作業失敗. 從 "D:\NTAKWeb\NTAK_DDQS\Exec\Manager\FileStore\1020716張孟信99年度綜所稅復查決定書(復查會決議修正).doc" 轉換至 "D:\NTAKWeb\NTAK_DDQS\Exec\ConvertArea\1020716張孟信99年度綜所稅復查決定書(復查會決議修正).doc.txt" 時發生錯誤, 原因: Variant does not reference an automation object
[20141028-153311 WordFileConvertSrv.exe] ERR> 轉檔作業失敗. 從 "D:\NTAKWeb\NTAK_DDQS\Exec\Manager\FileStore\1021030黃振銘君99年度綜所稅復查決定書.doc" 轉換至 "D:\NTAKWeb\NTAK_DDQS\Exec\ConvertArea\1021030黃振銘君99年度綜所稅復查決定書.doc.txt" 時發生錯誤, 原因: Variant does not reference an automation object
[20141028-153311 WordFileConvertSrv.exe] ERR> 轉檔作業失敗. 從 "D:\NTAKWeb\NTAK_DDQS\Exec\Manager\FileStore\103.06.23發文-黃小芳101年綜所稅決定書稿.doc" 轉換至 "D:\NTAKWeb\NTAK_DDQS\Exec\ConvertArea\103.06.23發文-黃小芳101年綜所稅決定書稿.doc.txt" 時發生錯誤, 原因: Variant does not reference an automation object
[20141028-153311 WordFileConvertSrv.exe] ERR> 轉檔作業失敗. 從 "D:\NTAKWeb\NTAK_DDQS\Exec\Manager\FileStore\103.4.25發文-陳振昌100年綜所稅決定書(罰鍰).doc" 轉換至 "D:\NTAKWeb\NTAK_DDQS\Exec\ConvertArea\103.4.25發文-陳振昌100年綜所稅決定書(罰鍰).doc.txt" 時發生錯誤, 原因: Variant does not reference an automation object
[20141028-153311 WordFileConvertSrv.exe] ERR> 轉檔作業失敗. 從 "D:\NTAKWeb\NTAK_DDQS\Exec\Manager\FileStore\10300120.doc" 轉換至 "D:\NTAKWeb\NTAK_DDQS\Exec\ConvertArea\10300120.doc.txt" 時發生錯誤, 原因: Variant does not reference an automation object
[20141028-153311 WordFileConvertSrv.exe] ERR> 轉檔作業失敗. 從 "D:\NTAKWeb\NTAK_DDQS\Exec\Manager\FileStore\1030912江昌101營所稅(漏報其他收入) 罰鍰復查決定書(發文).doc" 轉換至 "D:\NTAKWeb\NTAK_DDQS\Exec\ConvertArea\1030912江昌101營所稅(漏報其他收入) 罰鍰復查決定書(發文).doc.txt" 時發生錯誤, 原因: Variant does not reference an automation object
[20141028-153311 WordFileConvertSrv.exe] ERR> 轉檔作業失敗. 從 "D:\NTAKWeb\NTAK_DDQS\Exec\Manager\FileStore\95年度訴字第160號(2).doc" 轉換至 "D:\NTAKWeb\NTAK_DDQS\Exec\ConvertArea\95年度訴字第160號(2).doc.txt" 時發生錯誤, 原因: Variant does not reference an automation object
[20141028-153311 WordFileConvertSrv.exe] ERR> 轉檔作業失敗. 從 "D:\NTAKWeb\NTAK_DDQS\Exec\Manager\FileStore\98年度再字第37號.doc" 轉換至 "D:\NTAKWeb\NTAK_DDQS\Exec\ConvertArea\98年度再字第37號.doc.txt" 時發生錯誤, 原因: Variant does not reference an automation object
[20141028-153311 WordFileConvertSrv.exe] ERR> 轉檔作業失敗. 從 "D:\NTAKWeb\NTAK_DDQS\Exec\Manager\FileStore\98年度簡再字第13號(2).doc" 轉換至 "D:\NTAKWeb\NTAK_DDQS\Exec\ConvertArea\98年度簡再字第13號(2).doc.txt" 時發生錯誤, 原因: Variant does not reference an automation object
[20141028-153311 WordFileConvertSrv.exe] ERR> 轉檔作業失敗. 從 "D:\NTAKWeb\NTAK_DDQS\Exec\Manager\FileStore\99年度簡再字第9號.doc" 轉換至 "D:\NTAKWeb\NTAK_DDQS\Exec\ConvertArea\99年度簡再字第9號.doc.txt" 時發生錯誤, 原因: Variant does not reference an automation object
[20141028-153311 WordFileConvertSrv.exe] ERR> 轉檔作業失敗. 從 "D:\NTAKWeb\NTAK_DDQS\Exec\Manager\FileStore\IE8302100730陳景生101本稅-短報5%－更正後.doc" 轉換至 "D:\NTAKWeb\NTAK_DDQS\Exec\ConvertArea\IE8302100730陳景生101本稅-短報5%－更正後.doc.txt" 時發生錯誤, 原因: Variant does not reference an automation object
[20141028-153311 WordFileConvertSrv.exe] ERR> 轉檔作業失敗. 從 "D:\NTAKWeb\NTAK_DDQS\Exec\Manager\FileStore\JVP-LST.doc" 轉換至 "D:\NTAKWeb\NTAK_DDQS\Exec\ConvertArea\JVP-LST.doc.txt" 時發生錯誤, 原因: Variant does not reference an automation object
[20141028-153311 WordFileConvertSrv.exe] ERR> 轉檔作業失敗. 從 "D:\NTAKWeb\NTAK_DDQS\Exec\Manager\FileStore\NE0402400815邱翠蓮99罰鍰-未據實申報扣繳憑單20%-維持.doc" 轉換至 "D:\NTAKWeb\NTAK_DDQS\Exec\ConvertArea\NE0402400815邱翠蓮99罰鍰-未據實申報扣繳憑單20%-維持.doc.txt" 時發生錯誤, 原因: Variant does not reference an automation object
[20141028-153311 WordFileConvertSrv.exe] ERR> 轉檔作業失敗. 從 "D:\NTAKWeb\NTAK_DDQS\Exec\Manager\FileStore\NE0403100144章一民101年復查決定書-稿.doc" 轉換至 "D:\NTAKWeb\NTAK_DDQS\Exec\ConvertArea\NE0403100144章一民101年復查決定書-稿.doc.txt" 時發生錯誤, 原因: Variant does not reference an automation object
[20141028-153311 WordFileConvertSrv.exe] ERR> 轉檔作業失敗. 從 "D:\NTAKWeb\NTAK_DDQS\Exec\Manager\FileStore\NE8302100123莊全勝100免稅額-追減-核定.doc" 轉換至 "D:\NTAKWeb\NTAK_DDQS\Exec\ConvertArea\NE8302100123莊全勝100免稅額-追減-核定.doc.txt" 時發生錯誤, 原因: Variant does not reference an automation object
[20141028-153311 WordFileConvertSrv.exe] ERR> 轉檔作業失敗. 從 "D:\NTAKWeb\NTAK_DDQS\Exec\Manager\FileStore\NE8302400498潘&#21843;銘100罰鍰-委託他人代為申報-維持.doc" 轉換至 "D:\NTAKWeb\NTAK_DDQS\Exec\ConvertArea\NE8302400498潘&#21843;銘100罰鍰-委託他人代為申報-維持.doc.txt" 時發生錯誤, 原因: Variant does not reference an automation object
[20141028-153311 WordFileConvertSrv.exe] ERR> 轉檔作業失敗. 從 "D:\NTAKWeb\NTAK_DDQS\Exec\Manager\FileStore\何海鷗101虛列免稅額決定書(本+罰)正本.doc" 轉換至 "D:\NTAKWeb\NTAK_DDQS\Exec\ConvertArea\何海鷗101虛列免稅額決定書(本+罰)正本.doc.txt" 時發生錯誤, 原因: Variant does not reference an automation object
[20141028-153311 WordFileConvertSrv.exe] ERR> 轉檔作業失敗. 從 "D:\NTAKWeb\NTAK_DDQS\Exec\Manager\FileStore\佳勝營造(第09903392號)-94年度.doc" 轉換至 "D:\NTAKWeb\NTAK_DDQS\Exec\ConvertArea\佳勝營造(第09903392號)-94年度.doc.txt" 時發生錯誤, 原因: Variant does not reference an automation object
[20141028-153311 WordFileConvertSrv.exe] ERR> 轉檔作業失敗. 從 "D:\NTAKWeb\NTAK_DDQS\Exec\Manager\FileStore\北方之星(第09800030號)-89年度.doc" 轉換至 "D:\NTAKWeb\NTAK_DDQS\Exec\ConvertArea\北方之星(第09800030號)-89年度.doc.txt" 時發生錯誤, 原因: Variant does not reference an automation object
[20141028-153311 WordFileConvertSrv.exe] ERR> 轉檔作業失敗. 從 "D:\NTAKWeb\NTAK_DDQS\Exec\Manager\FileStore\呂冠霖(第09704361~09704365號)-91~95年度.doc" 轉換至 "D:\NTAKWeb\NTAK_DDQS\Exec\ConvertArea\呂冠霖(第09704361~09704365號)-91~95年度.doc.txt" 時發生錯誤, 原因: Variant does not reference an automation object
[20141028-153311 WordFileConvertSrv.exe] ERR> 轉檔作業失敗. 從 "D:\NTAKWeb\NTAK_DDQS\Exec\Manager\FileStore\周王金珍(第09800157號)-94年度.doc" 轉換至 "D:\NTAKWeb\NTAK_DDQS\Exec\ConvertArea\周王金珍(第09800157號)-94年度.doc.txt" 時發生錯誤, 原因: Variant does not reference an automation object
[20141028-153311 WordFileConvertSrv.exe] ERR> 轉檔作業失敗. 從 "D:\NTAKWeb\NTAK_DDQS\Exec\Manager\FileStore\廖東建(第10001282號)-98年度.doc" 轉換至 "D:\NTAKWeb\NTAK_DDQS\Exec\ConvertArea\廖東建(第10001282號)-98年度.doc.txt" 時發生錯誤, 原因: Variant does not reference an automation object
[20141028-153311 WordFileConvertSrv.exe] ERR> 轉檔作業失敗. 從 "D:\NTAKWeb\NTAK_DDQS\Exec\Manager\FileStore\廣建95營所稅決定書(虛銷8%).doc" 轉換至 "D:\NTAKWeb\NTAK_DDQS\Exec\ConvertArea\廣建95營所稅決定書(虛銷8%).doc.txt" 時發生錯誤, 原因: Variant does not reference an automation object
[20141028-153311 WordFileConvertSrv.exe] ERR> 轉檔作業失敗. 從 "D:\NTAKWeb\NTAK_DDQS\Exec\Manager\FileStore\彭宴祥(第09801703號)-96年度.doc" 轉換至 "D:\NTAKWeb\NTAK_DDQS\Exec\ConvertArea\彭宴祥(第09801703號)-96年度.doc.txt" 時發生錯誤, 原因: Variant does not reference an automation object
[20141028-153311 WordFileConvertSrv.exe] ERR> 轉檔作業失敗. 從 "D:\NTAKWeb\NTAK_DDQS\Exec\Manager\FileStore\復查決定-函洪俊良93信託營利所得-實質課稅-核課期間.doc" 轉換至 "D:\NTAKWeb\NTAK_DDQS\Exec\ConvertArea\復查決定-函洪俊良93信託營利所得-實質課稅-核課期間.doc.txt" 時發生錯誤, 原因: Variant does not reference an automation object
[20141028-153311 WordFileConvertSrv.exe] ERR> 轉檔作業失敗. 從 "D:\NTAKWeb\NTAK_DDQS\Exec\Manager\FileStore\日月光電子100年度營所稅復查決定書.doc" 轉換至 "D:\NTAKWeb\NTAK_DDQS\Exec\ConvertArea\日月光電子100年度營所稅復查決定書.doc.txt" 時發生錯誤, 原因: Variant does not reference an automation object
[20141028-153311 WordFileConvertSrv.exe] ERR> 轉檔作業失敗. 從 "D:\NTAKWeb\NTAK_DDQS\Exec\Manager\FileStore\李淑&#32137;決定書.doc" 轉換至 "D:\NTAKWeb\NTAK_DDQS\Exec\ConvertArea\李淑&#32137;決定書.doc.txt" 時發生錯誤, 原因: Variant does not reference an automation object
[20141028-153311 WordFileConvertSrv.exe] ERR> 轉檔作業失敗. 從 "D:\NTAKWeb\NTAK_DDQS\Exec\Manager\FileStore\李清 復查決定書.doc.doc" 轉換至 "D:\NTAKWeb\NTAK_DDQS\Exec\ConvertArea\李清 復查決定書.doc.doc.txt" 時發生錯誤, 原因: Variant does not reference an automation object
[20141028-153311 WordFileConvertSrv.exe] ERR> 轉檔作業失敗. 從 "D:\NTAKWeb\NTAK_DDQS\Exec\Manager\FileStore\李清&#23791;復查決定書.doc" 轉換至 "D:\NTAKWeb\NTAK_DDQS\Exec\ConvertArea\李清&#23791;復查決定書.doc.txt" 時發生錯誤, 原因: Variant does not reference an automation object
[20141028-153311 WordFileConvertSrv.exe] ERR> 轉檔作業失敗. 從 "D:\NTAKWeb\NTAK_DDQS\Exec\Manager\FileStore\林&#37979;宏決定書.doc" 轉換至 "D:\NTAKWeb\NTAK_DDQS\Exec\ConvertArea\林&#37979;宏決定書.doc.txt" 時發生錯誤, 原因: Variant does not reference an automation object
[20141028-153311 WordFileConvertSrv.exe] ERR> 轉檔作業失敗. 從 "D:\NTAKWeb\NTAK_DDQS\Exec\Manager\FileStore\林奇峰95年度復查報告確定版.doc" 轉換至 "D:\NTAKWeb\NTAK_DDQS\Exec\ConvertArea\林奇峰95年度復查報告確定版.doc.txt" 時發生錯誤, 原因: Variant does not reference an automation object
[20141028-153311 WordFileConvertSrv.exe] ERR> 轉檔作業失敗. 從 "D:\NTAKWeb\NTAK_DDQS\Exec\Manager\FileStore\林宜靜(第09903210號)-94~96年度.doc" 轉換至 "D:\NTAKWeb\NTAK_DDQS\Exec\ConvertArea\林宜靜(第09903210號)-94~96年度.doc.txt" 時發生錯誤, 原因: Variant does not reference an automation object
[20141028-153311 WordFileConvertSrv.exe] ERR> 轉檔作業失敗. 從 "D:\NTAKWeb\NTAK_DDQS\Exec\Manager\FileStore\林茂雄98年度綜合所得稅正本.doc" 轉換至 "D:\NTAKWeb\NTAK_DDQS\Exec\ConvertArea\林茂雄98年度綜合所得稅正本.doc.txt" 時發生錯誤, 原因: Variant does not reference an automation object
[20141028-153311 WordFileConvertSrv.exe] ERR> 轉檔作業失敗. 從 "D:\NTAKWeb\NTAK_DDQS\Exec\Manager\FileStore\林麗俐(第10002578號)-93年度.doc" 轉換至 "D:\NTAKWeb\NTAK_DDQS\Exec\ConvertArea\林麗俐(第10002578號)-93年度.doc.txt" 時發生錯誤, 原因: Variant does not reference an automation object
[20141028-153311 WordFileConvertSrv.exe] ERR> 轉檔作業失敗. 從 "D:\NTAKWeb\NTAK_DDQS\Exec\Manager\FileStore\楊肅泰(第09804135號)-96年度.doc" 轉換至 "D:\NTAKWeb\NTAK_DDQS\Exec\ConvertArea\楊肅泰(第09804135號)-96年度.doc.txt" 時發生錯誤, 原因: Variant does not reference an automation object
[20141028-153311 WordFileConvertSrv.exe] ERR> 轉檔作業失敗. 從 "D:\NTAKWeb\NTAK_DDQS\Exec\Manager\FileStore\歐陽建華(第09902018號)-88年度.doc" 轉換至 "D:\NTAKWeb\NTAK_DDQS\Exec\ConvertArea\歐陽建華(第09902018號)-88年度.doc.txt" 時發生錯誤, 原因: Variant does not reference an automation object
[20141028-153311 WordFileConvertSrv.exe] ERR> 轉檔作業失敗. 從 "D:\NTAKWeb\NTAK_DDQS\Exec\Manager\FileStore\武穎決~1.DOC" 轉換至 "D:\NTAKWeb\NTAK_DDQS\Exec\ConvertArea\武穎決~1.DOC.txt" 時發生錯誤, 原因: Variant does not reference an automation object
[20141028-153311 WordFileConvertSrv.exe] ERR> 轉檔作業失敗. 從 "D:\NTAKWeb\NTAK_DDQS\Exec\Manager\FileStore\潘&#21843;銘100罰鍰-委託他人代為申報-維持.doc" 轉換至 "D:\NTAKWeb\NTAK_DDQS\Exec\ConvertArea\潘&#21843;銘100罰鍰-委託他人代為申報-維持.doc.txt" 時發生錯誤, 原因: Variant does not reference an automation object
[20141028-153311 WordFileConvertSrv.exe] ERR> 轉檔作業失敗. 從 "D:\NTAKWeb\NTAK_DDQS\Exec\Manager\FileStore\王&#28702;苡101年特銷稅罰鍰決定書-函.docx" 轉換至 "D:\NTAKWeb\NTAK_DDQS\Exec\ConvertArea\王&#28702;苡101年特銷稅罰鍰決定書-函.docx.txt" 時發生錯誤, 原因: Variant does not reference an automation object
[20141028-153311 WordFileConvertSrv.exe] ERR> 轉檔作業失敗. 從 "D:\NTAKWeb\NTAK_DDQS\Exec\Manager\FileStore\白美香(第09803188號)-96年度.doc" 轉換至 "D:\NTAKWeb\NTAK_DDQS\Exec\ConvertArea\白美香(第09803188號)-96年度.doc.txt" 時發生錯誤, 原因: Variant does not reference an automation object
[20141028-153311 WordFileConvertSrv.exe] ERR> 轉檔作業失敗. 從 "D:\NTAKWeb\NTAK_DDQS\Exec\Manager\FileStore\蘇宏典(第10001702號)-95年度.doc" 轉換至 "D:\NTAKWeb\NTAK_DDQS\Exec\ConvertArea\蘇宏典(第10001702號)-95年度.doc.txt" 時發生錯誤, 原因: Variant does not reference an automation object
[20141028-153311 WordFileConvertSrv.exe] ERR> 轉檔作業失敗. 從 "D:\NTAKWeb\NTAK_DDQS\Exec\Manager\FileStore\達旺廣告(第09803394號)-95年度.doc" 轉換至 "D:\NTAKWeb\NTAK_DDQS\Exec\ConvertArea\達旺廣告(第09803394號)-95年度.doc.txt" 時發生錯誤, 原因: Variant does not reference an automation object
[20141028-153311 WordFileConvertSrv.exe] ERR> 轉檔作業失敗. 從 "D:\NTAKWeb\NTAK_DDQS\Exec\Manager\FileStore\鍇億國際95營所稅決定書(虛銷8%).doc" 轉換至 "D:\NTAKWeb\NTAK_DDQS\Exec\ConvertArea\鍇億國際95營所稅決定書(虛銷8%).doc.txt" 時發生錯誤, 原因: Variant does not reference an automation object
[20141028-153311 WordFileConvertSrv.exe] ERR> 轉檔作業失敗. 從 "D:\NTAKWeb\NTAK_DDQS\Exec\Manager\FileStore\鍇億國際95營所稅決定書虛銷8%.doc" 轉換至 "D:\NTAKWeb\NTAK_DDQS\Exec\ConvertArea\鍇億國際95營所稅決定書虛銷8%.doc.txt" 時發生錯誤, 原因: Variant does not reference an automation object
[20141028-153311 WordFileConvertSrv.exe] ERR> 轉檔作業失敗. 從 "D:\NTAKWeb\NTAK_DDQS\Exec\Manager\FileStore\陳麗文(第09801332號)-96年度.doc" 轉換至 "D:\NTAKWeb\NTAK_DDQS\Exec\ConvertArea\陳麗文(第09801332號)-96年度.doc.txt" 時發生錯誤, 原因: Variant does not reference an automation object
[20141028-153311 WordFileConvertSrv.exe] ERR> 轉檔作業失敗. 從 "D:\NTAKWeb\NTAK_DDQS\Exec\Manager\FileStore\黃&#28702;瑢復查決定書-海外所得.doc" 轉換至 "D:\NTAKWeb\NTAK_DDQS\Exec\ConvertArea\黃&#28702;瑢復查決定書-海外所得.doc.txt" 時發生錯誤, 原因: Variant does not reference an automation object
[20141028-153311 WordFileConvertSrv.exe] ERR> 轉檔作業失敗. 從 "D:\NTAKWeb\NTAK_DDQS\Exec\Manager\FileStore\黃鳳珠(第09703642號)-95年度.doc" 轉換至 "D:\NTAKWeb\NTAK_DDQS\Exec\ConvertArea\黃鳳珠(第09703642號)-95年度.doc.txt" 時發生錯誤, 原因: Variant does not reference an automation object
[20141028-153422 WordFileConvertSrv.exe] ERR> 轉檔作業失敗. 從 "D:\NTAKWeb\NTAK_DDQS\Exec\Manager\FileStore\&#40644;武穎決定書.doc" 轉換至 "D:\NTAKWeb\NTAK_DDQS\Exec\ConvertArea\&#40644;武穎決定書.doc.txt" 時發生錯誤, 原因: Variant does not reference an automation object
[20141028-153422 WordFileConvertSrv.exe] ERR> 轉檔作業失敗. 從 "D:\NTAKWeb\NTAK_DDQS\Exec\Manager\FileStore\09700128300.doc" 轉換至 "D:\NTAKWeb\NTAK_DDQS\Exec\ConvertArea\09700128300.doc.txt" 時發生錯誤, 原因: Variant does not reference an automation object
[20141028-153422 WordFileConvertSrv.exe] ERR> 轉檔作業失敗. 從 "D:\NTAKWeb\NTAK_DDQS\Exec\Manager\FileStore\09700398060.doc" 轉換至 "D:\NTAKWeb\NTAK_DDQS\Exec\ConvertArea\09700398060.doc.txt" 時發生錯誤, 原因: Variant does not reference an automation object
[20141028-153422 WordFileConvertSrv.exe] ERR> 轉檔作業失敗. 從 "D:\NTAKWeb\NTAK_DDQS\Exec\Manager\FileStore\1-1020924洪瑞&#23791;君96年度復查決定書-函.doc" 轉換至 "D:\NTAKWeb\NTAK_DDQS\Exec\ConvertArea\1-1020924洪瑞&#23791;君96年度復查決定書-函.doc.txt" 時發生錯誤, 原因: Variant does not reference an automation object
[20141028-153422 WordFileConvertSrv.exe] ERR> 轉檔作業失敗. 從 "D:\NTAKWeb\NTAK_DDQS\Exec\Manager\FileStore\100-2-21鍾泰營造有限公司營業稅罰鍰(復查決定書-重繕(發文).doc" 轉換至 "D:\NTAKWeb\NTAK_DDQS\Exec\ConvertArea\100-2-21鍾泰營造有限公司營業稅罰鍰(復查決定書-重繕(發文).doc.txt" 時發生錯誤, 原因: Variant does not reference an automation object
[20141028-153422 WordFileConvertSrv.exe] ERR> 轉檔作業失敗. 從 "D:\NTAKWeb\NTAK_DDQS\Exec\Manager\FileStore\100年度判字第1949號.doc" 轉換至 "D:\NTAKWeb\NTAK_DDQS\Exec\ConvertArea\100年度判字第1949號.doc.txt" 時發生錯誤, 原因: Variant does not reference an automation object
[20141028-153422 WordFileConvertSrv.exe] ERR> 轉檔作業失敗. 從 "D:\NTAKWeb\NTAK_DDQS\Exec\Manager\FileStore\100年度復查決定書稿發文.doc" 轉換至 "D:\NTAKWeb\NTAK_DDQS\Exec\ConvertArea\100年度復查決定書稿發文.doc.txt" 時發生錯誤, 原因: Variant does not reference an automation object
[20141028-153422 WordFileConvertSrv.exe] ERR> 轉檔作業失敗. 從 "D:\NTAKWeb\NTAK_DDQS\Exec\Manager\FileStore\100年度訴字第444號.doc" 轉換至 "D:\NTAKWeb\NTAK_DDQS\Exec\ConvertArea\100年度訴字第444號.doc.txt" 時發生錯誤, 原因: Variant does not reference an automation object
[20141028-153422 WordFileConvertSrv.exe] ERR> 轉檔作業失敗. 從 "D:\NTAKWeb\NTAK_DDQS\Exec\Manager\FileStore\102.4.29-陳&#28913;泰(陳吳芬釵)100年度綜所稅復查決定書.doc" 轉換至 "D:\NTAKWeb\NTAK_DDQS\Exec\ConvertArea\102.4.29-陳&#28913;泰(陳吳芬釵)100年度綜所稅復查決定書.doc.txt" 時發生錯誤, 原因: Variant does not reference an automation object
[20141028-153422 WordFileConvertSrv.exe] ERR> 轉檔作業失敗. 從 "D:\NTAKWeb\NTAK_DDQS\Exec\Manager\FileStore\10201614.doc" 轉換至 "D:\NTAKWeb\NTAK_DDQS\Exec\ConvertArea\10201614.doc.txt" 時發生錯誤, 原因: Variant does not reference an automation object
[20141028-153422 WordFileConvertSrv.exe] ERR> 轉檔作業失敗. 從 "D:\NTAKWeb\NTAK_DDQS\Exec\Manager\FileStore\1020716張孟信99年度綜所稅復查決定書(復查會決議修正).doc" 轉換至 "D:\NTAKWeb\NTAK_DDQS\Exec\ConvertArea\1020716張孟信99年度綜所稅復查決定書(復查會決議修正).doc.txt" 時發生錯誤, 原因: Variant does not reference an automation object
[20141028-153422 WordFileConvertSrv.exe] ERR> 轉檔作業失敗. 從 "D:\NTAKWeb\NTAK_DDQS\Exec\Manager\FileStore\1021030黃振銘君99年度綜所稅復查決定書.doc" 轉換至 "D:\NTAKWeb\NTAK_DDQS\Exec\ConvertArea\1021030黃振銘君99年度綜所稅復查決定書.doc.txt" 時發生錯誤, 原因: Variant does not reference an automation object
[20141028-153422 WordFileConvertSrv.exe] ERR> 轉檔作業失敗. 從 "D:\NTAKWeb\NTAK_DDQS\Exec\Manager\FileStore\103.06.23發文-黃小芳101年綜所稅決定書稿.doc" 轉換至 "D:\NTAKWeb\NTAK_DDQS\Exec\ConvertArea\103.06.23發文-黃小芳101年綜所稅決定書稿.doc.txt" 時發生錯誤, 原因: Variant does not reference an automation object
[20141028-153422 WordFileConvertSrv.exe] ERR> 轉檔作業失敗. 從 "D:\NTAKWeb\NTAK_DDQS\Exec\Manager\FileStore\103.4.25發文-陳振昌100年綜所稅決定書(罰鍰).doc" 轉換至 "D:\NTAKWeb\NTAK_DDQS\Exec\ConvertArea\103.4.25發文-陳振昌100年綜所稅決定書(罰鍰).doc.txt" 時發生錯誤, 原因: Variant does not reference an automation object
[20141028-153422 WordFileConvertSrv.exe] ERR> 轉檔作業失敗. 從 "D:\NTAKWeb\NTAK_DDQS\Exec\Manager\FileStore\10300120.doc" 轉換至 "D:\NTAKWeb\NTAK_DDQS\Exec\ConvertArea\10300120.doc.txt" 時發生錯誤, 原因: Variant does not reference an automation object
[20141028-153422 WordFileConvertSrv.exe] ERR> 轉檔作業失敗. 從 "D:\NTAKWeb\NTAK_DDQS\Exec\Manager\FileStore\1030912江昌101營所稅(漏報其他收入) 罰鍰復查決定書(發文).doc" 轉換至 "D:\NTAKWeb\NTAK_DDQS\Exec\ConvertArea\1030912江昌101營所稅(漏報其他收入) 罰鍰復查決定書(發文).doc.txt" 時發生錯誤, 原因: Variant does not reference an automation object
[20141028-153422 WordFileConvertSrv.exe] ERR> 轉檔作業失敗. 從 "D:\NTAKWeb\NTAK_DDQS\Exec\Manager\FileStore\95年度訴字第160號(2).doc" 轉換至 "D:\NTAKWeb\NTAK_DDQS\Exec\ConvertArea\95年度訴字第160號(2).doc.txt" 時發生錯誤, 原因: Variant does not reference an automation object
[20141028-153422 WordFileConvertSrv.exe] ERR> 轉檔作業失敗. 從 "D:\NTAKWeb\NTAK_DDQS\Exec\Manager\FileStore\98年度再字第37號.doc" 轉換至 "D:\NTAKWeb\NTAK_DDQS\Exec\ConvertArea\98年度再字第37號.doc.txt" 時發生錯誤, 原因: Variant does not reference an automation object
[20141028-153422 WordFileConvertSrv.exe] ERR> 轉檔作業失敗. 從 "D:\NTAKWeb\NTAK_DDQS\Exec\Manager\FileStore\98年度簡再字第13號(2).doc" 轉換至 "D:\NTAKWeb\NTAK_DDQS\Exec\ConvertArea\98年度簡再字第13號(2).doc.txt" 時發生錯誤, 原因: Variant does not reference an automation object
[20141028-153422 WordFileConvertSrv.exe] ERR> 轉檔作業失敗. 從 "D:\NTAKWeb\NTAK_DDQS\Exec\Manager\FileStore\99年度簡再字第9號.doc" 轉換至 "D:\NTAKWeb\NTAK_DDQS\Exec\ConvertArea\99年度簡再字第9號.doc.txt" 時發生錯誤, 原因: Variant does not reference an automation object
[20141028-153422 WordFileConvertSrv.exe] ERR> 轉檔作業失敗. 從 "D:\NTAKWeb\NTAK_DDQS\Exec\Manager\FileStore\IE8302100730陳景生101本稅-短報5%－更正後.doc" 轉換至 "D:\NTAKWeb\NTAK_DDQS\Exec\ConvertArea\IE8302100730陳景生101本稅-短報5%－更正後.doc.txt" 時發生錯誤, 原因: Variant does not reference an automation object
[20141028-153422 WordFileConvertSrv.exe] ERR> 轉檔作業失敗. 從 "D:\NTAKWeb\NTAK_DDQS\Exec\Manager\FileStore\JVP-LST.doc" 轉換至 "D:\NTAKWeb\NTAK_DDQS\Exec\ConvertArea\JVP-LST.doc.txt" 時發生錯誤, 原因: Variant does not reference an automation object
[20141028-153422 WordFileConvertSrv.exe] ERR> 轉檔作業失敗. 從 "D:\NTAKWeb\NTAK_DDQS\Exec\Manager\FileStore\NE0402400815邱翠蓮99罰鍰-未據實申報扣繳憑單20%-維持.doc" 轉換至 "D:\NTAKWeb\NTAK_DDQS\Exec\ConvertArea\NE0402400815邱翠蓮99罰鍰-未據實申報扣繳憑單20%-維持.doc.txt" 時發生錯誤, 原因: Variant does not reference an automation object
[20141028-153422 WordFileConvertSrv.exe] ERR> 轉檔作業失敗. 從 "D:\NTAKWeb\NTAK_DDQS\Exec\Manager\FileStore\NE0403100144章一民101年復查決定書-稿.doc" 轉換至 "D:\NTAKWeb\NTAK_DDQS\Exec\ConvertArea\NE0403100144章一民101年復查決定書-稿.doc.txt" 時發生錯誤, 原因: Variant does not reference an automation object
[20141028-153422 WordFileConvertSrv.exe] ERR> 轉檔作業失敗. 從 "D:\NTAKWeb\NTAK_DDQS\Exec\Manager\FileStore\NE8302100123莊全勝100免稅額-追減-核定.doc" 轉換至 "D:\NTAKWeb\NTAK_DDQS\Exec\ConvertArea\NE8302100123莊全勝100免稅額-追減-核定.doc.txt" 時發生錯誤, 原因: Variant does not reference an automation object
[20141028-153422 WordFileConvertSrv.exe] ERR> 轉檔作業失敗. 從 "D:\NTAKWeb\NTAK_DDQS\Exec\Manager\FileStore\NE8302400498潘&#21843;銘100罰鍰-委託他人代為申報-維持.doc" 轉換至 "D:\NTAKWeb\NTAK_DDQS\Exec\ConvertArea\NE8302400498潘&#21843;銘100罰鍰-委託他人代為申報-維持.doc.txt" 時發生錯誤, 原因: Variant does not reference an automation object
[20141028-153422 WordFileConvertSrv.exe] ERR> 轉檔作業失敗. 從 "D:\NTAKWeb\NTAK_DDQS\Exec\Manager\FileStore\何海鷗101虛列免稅額決定書(本+罰)正本.doc" 轉換至 "D:\NTAKWeb\NTAK_DDQS\Exec\ConvertArea\何海鷗101虛列免稅額決定書(本+罰)正本.doc.txt" 時發生錯誤, 原因: Variant does not reference an automation object
[20141028-153422 WordFileConvertSrv.exe] ERR> 轉檔作業失敗. 從 "D:\NTAKWeb\NTAK_DDQS\Exec\Manager\FileStore\佳勝營造(第09903392號)-94年度.doc" 轉換至 "D:\NTAKWeb\NTAK_DDQS\Exec\ConvertArea\佳勝營造(第09903392號)-94年度.doc.txt" 時發生錯誤, 原因: Variant does not reference an automation object
[20141028-153422 WordFileConvertSrv.exe] ERR> 轉檔作業失敗. 從 "D:\NTAKWeb\NTAK_DDQS\Exec\Manager\FileStore\北方之星(第09800030號)-89年度.doc" 轉換至 "D:\NTAKWeb\NTAK_DDQS\Exec\ConvertArea\北方之星(第09800030號)-89年度.doc.txt" 時發生錯誤, 原因: Variant does not reference an automation object
[20141028-153422 WordFileConvertSrv.exe] ERR> 轉檔作業失敗. 從 "D:\NTAKWeb\NTAK_DDQS\Exec\Manager\FileStore\呂冠霖(第09704361~09704365號)-91~95年度.doc" 轉換至 "D:\NTAKWeb\NTAK_DDQS\Exec\ConvertArea\呂冠霖(第09704361~09704365號)-91~95年度.doc.txt" 時發生錯誤, 原因: Variant does not reference an automation object
[20141028-153422 WordFileConvertSrv.exe] ERR> 轉檔作業失敗. 從 "D:\NTAKWeb\NTAK_DDQS\Exec\Manager\FileStore\周王金珍(第09800157號)-94年度.doc" 轉換至 "D:\NTAKWeb\NTAK_DDQS\Exec\ConvertArea\周王金珍(第09800157號)-94年度.doc.txt" 時發生錯誤, 原因: Variant does not reference an automation object
[20141028-153422 WordFileConvertSrv.exe] ERR> 轉檔作業失敗. 從 "D:\NTAKWeb\NTAK_DDQS\Exec\Manager\FileStore\廖東建(第10001282號)-98年度.doc" 轉換至 "D:\NTAKWeb\NTAK_DDQS\Exec\ConvertArea\廖東建(第10001282號)-98年度.doc.txt" 時發生錯誤, 原因: Variant does not reference an automation object
[20141028-153422 WordFileConvertSrv.exe] ERR> 轉檔作業失敗. 從 "D:\NTAKWeb\NTAK_DDQS\Exec\Manager\FileStore\廣建95營所稅決定書(虛銷8%).doc" 轉換至 "D:\NTAKWeb\NTAK_DDQS\Exec\ConvertArea\廣建95營所稅決定書(虛銷8%).doc.txt" 時發生錯誤, 原因: Variant does not reference an automation object
[20141028-153422 WordFileConvertSrv.exe] ERR> 轉檔作業失敗. 從 "D:\NTAKWeb\NTAK_DDQS\Exec\Manager\FileStore\彭宴祥(第09801703號)-96年度.doc" 轉換至 "D:\NTAKWeb\NTAK_DDQS\Exec\ConvertArea\彭宴祥(第09801703號)-96年度.doc.txt" 時發生錯誤, 原因: Variant does not reference an automation object
[20141028-153422 WordFileConvertSrv.exe] ERR> 轉檔作業失敗. 從 "D:\NTAKWeb\NTAK_DDQS\Exec\Manager\FileStore\復查決定-函洪俊良93信託營利所得-實質課稅-核課期間.doc" 轉換至 "D:\NTAKWeb\NTAK_DDQS\Exec\ConvertArea\復查決定-函洪俊良93信託營利所得-實質課稅-核課期間.doc.txt" 時發生錯誤, 原因: Variant does not reference an automation object
[20141028-153422 WordFileConvertSrv.exe] ERR> 轉檔作業失敗. 從 "D:\NTAKWeb\NTAK_DDQS\Exec\Manager\FileStore\日月光電子100年度營所稅復查決定書.doc" 轉換至 "D:\NTAKWeb\NTAK_DDQS\Exec\ConvertArea\日月光電子100年度營所稅復查決定書.doc.txt" 時發生錯誤, 原因: Variant does not reference an automation object
[20141028-153422 WordFileConvertSrv.exe] ERR> 轉檔作業失敗. 從 "D:\NTAKWeb\NTAK_DDQS\Exec\Manager\FileStore\李淑&#32137;決定書.doc" 轉換至 "D:\NTAKWeb\NTAK_DDQS\Exec\ConvertArea\李淑&#32137;決定書.doc.txt" 時發生錯誤, 原因: Variant does not reference an automation object
[20141028-153422 WordFileConvertSrv.exe] ERR> 轉檔作業失敗. 從 "D:\NTAKWeb\NTAK_DDQS\Exec\Manager\FileStore\李清 復查決定書.doc.doc" 轉換至 "D:\NTAKWeb\NTAK_DDQS\Exec\ConvertArea\李清 復查決定書.doc.doc.txt" 時發生錯誤, 原因: Variant does not reference an automation object
[20141028-153422 WordFileConvertSrv.exe] ERR> 轉檔作業失敗. 從 "D:\NTAKWeb\NTAK_DDQS\Exec\Manager\FileStore\李清&#23791;復查決定書.doc" 轉換至 "D:\NTAKWeb\NTAK_DDQS\Exec\ConvertArea\李清&#23791;復查決定書.doc.txt" 時發生錯誤, 原因: Variant does not reference an automation object
[20141028-153422 WordFileConvertSrv.exe] ERR> 轉檔作業失敗. 從 "D:\NTAKWeb\NTAK_DDQS\Exec\Manager\FileStore\林&#37979;宏決定書.doc" 轉換至 "D:\NTAKWeb\NTAK_DDQS\Exec\ConvertArea\林&#37979;宏決定書.doc.txt" 時發生錯誤, 原因: Variant does not reference an automation object
[20141028-153422 WordFileConvertSrv.exe] ERR> 轉檔作業失敗. 從 "D:\NTAKWeb\NTAK_DDQS\Exec\Manager\FileStore\林奇峰95年度復查報告確定版.doc" 轉換至 "D:\NTAKWeb\NTAK_DDQS\Exec\ConvertArea\林奇峰95年度復查報告確定版.doc.txt" 時發生錯誤, 原因: Variant does not reference an automation object
[20141028-153422 WordFileConvertSrv.exe] ERR> 轉檔作業失敗. 從 "D:\NTAKWeb\NTAK_DDQS\Exec\Manager\FileStore\林宜靜(第09903210號)-94~96年度.doc" 轉換至 "D:\NTAKWeb\NTAK_DDQS\Exec\ConvertArea\林宜靜(第09903210號)-94~96年度.doc.txt" 時發生錯誤, 原因: Variant does not reference an automation object
[20141028-153422 WordFileConvertSrv.exe] ERR> 轉檔作業失敗. 從 "D:\NTAKWeb\NTAK_DDQS\Exec\Manager\FileStore\林茂雄98年度綜合所得稅正本.doc" 轉換至 "D:\NTAKWeb\NTAK_DDQS\Exec\ConvertArea\林茂雄98年度綜合所得稅正本.doc.txt" 時發生錯誤, 原因: Variant does not reference an automation object
[20141028-153422 WordFileConvertSrv.exe] ERR> 轉檔作業失敗. 從 "D:\NTAKWeb\NTAK_DDQS\Exec\Manager\FileStore\林麗俐(第10002578號)-93年度.doc" 轉換至 "D:\NTAKWeb\NTAK_DDQS\Exec\ConvertArea\林麗俐(第10002578號)-93年度.doc.txt" 時發生錯誤, 原因: Variant does not reference an automation object
[20141028-153422 WordFileConvertSrv.exe] ERR> 轉檔作業失敗. 從 "D:\NTAKWeb\NTAK_DDQS\Exec\Manager\FileStore\楊肅泰(第09804135號)-96年度.doc" 轉換至 "D:\NTAKWeb\NTAK_DDQS\Exec\ConvertArea\楊肅泰(第09804135號)-96年度.doc.txt" 時發生錯誤, 原因: Variant does not reference an automation object
[20141028-153422 WordFileConvertSrv.exe] ERR> 轉檔作業失敗. 從 "D:\NTAKWeb\NTAK_DDQS\Exec\Manager\FileStore\歐陽建華(第09902018號)-88年度.doc" 轉換至 "D:\NTAKWeb\NTAK_DDQS\Exec\ConvertArea\歐陽建華(第09902018號)-88年度.doc.txt" 時發生錯誤, 原因: Variant does not reference an automation object
[20141028-153422 WordFileConvertSrv.exe] ERR> 轉檔作業失敗. 從 "D:\NTAKWeb\NTAK_DDQS\Exec\Manager\FileStore\武穎決~1.DOC" 轉換至 "D:\NTAKWeb\NTAK_DDQS\Exec\ConvertArea\武穎決~1.DOC.txt" 時發生錯誤, 原因: Variant does not reference an automation object
[20141028-153422 WordFileConvertSrv.exe] ERR> 轉檔作業失敗. 從 "D:\NTAKWeb\NTAK_DDQS\Exec\Manager\FileStore\潘&#21843;銘100罰鍰-委託他人代為申報-維持.doc" 轉換至 "D:\NTAKWeb\NTAK_DDQS\Exec\ConvertArea\潘&#21843;銘100罰鍰-委託他人代為申報-維持.doc.txt" 時發生錯誤, 原因: Variant does not reference an automation object
[20141028-153422 WordFileConvertSrv.exe] ERR> 轉檔作業失敗. 從 "D:\NTAKWeb\NTAK_DDQS\Exec\Manager\FileStore\王&#28702;苡101年特銷稅罰鍰決定書-函.docx" 轉換至 "D:\NTAKWeb\NTAK_DDQS\Exec\ConvertArea\王&#28702;苡101年特銷稅罰鍰決定書-函.docx.txt" 時發生錯誤, 原因: Variant does not reference an automation object
[20141028-153422 WordFileConvertSrv.exe] ERR> 轉檔作業失敗. 從 "D:\NTAKWeb\NTAK_DDQS\Exec\Manager\FileStore\白美香(第09803188號)-96年度.doc" 轉換至 "D:\NTAKWeb\NTAK_DDQS\Exec\ConvertArea\白美香(第09803188號)-96年度.doc.txt" 時發生錯誤, 原因: Variant does not reference an automation object
[20141028-153422 WordFileConvertSrv.exe] ERR> 轉檔作業失敗. 從 "D:\NTAKWeb\NTAK_DDQS\Exec\Manager\FileStore\蘇宏典(第10001702號)-95年度.doc" 轉換至 "D:\NTAKWeb\NTAK_DDQS\Exec\ConvertArea\蘇宏典(第10001702號)-95年度.doc.txt" 時發生錯誤, 原因: Variant does not reference an automation object
[20141028-153422 WordFileConvertSrv.exe] ERR> 轉檔作業失敗. 從 "D:\NTAKWeb\NTAK_DDQS\Exec\Manager\FileStore\達旺廣告(第09803394號)-95年度.doc" 轉換至 "D:\NTAKWeb\NTAK_DDQS\Exec\ConvertArea\達旺廣告(第09803394號)-95年度.doc.txt" 時發生錯誤, 原因: Variant does not reference an automation object
[20141028-153422 WordFileConvertSrv.exe] ERR> 轉檔作業失敗. 從 "D:\NTAKWeb\NTAK_DDQS\Exec\Manager\FileStore\鍇億國際95營所稅決定書(虛銷8%).doc" 轉換至 "D:\NTAKWeb\NTAK_DDQS\Exec\ConvertArea\鍇億國際95營所稅決定書(虛銷8%).doc.txt" 時發生錯誤, 原因: Variant does not reference an automation object
[20141028-153422 WordFileConvertSrv.exe] ERR> 轉檔作業失敗. 從 "D:\NTAKWeb\NTAK_DDQS\Exec\Manager\FileStore\鍇億國際95營所稅決定書虛銷8%.doc" 轉換至 "D:\NTAKWeb\NTAK_DDQS\Exec\ConvertArea\鍇億國際95營所稅決定書虛銷8%.doc.txt" 時發生錯誤, 原因: Variant does not reference an automation object
[20141028-153422 WordFileConvertSrv.exe] ERR> 轉檔作業失敗. 從 "D:\NTAKWeb\NTAK_DDQS\Exec\Manager\FileStore\陳麗文(第09801332號)-96年度.doc" 轉換至 "D:\NTAKWeb\NTAK_DDQS\Exec\ConvertArea\陳麗文(第09801332號)-96年度.doc.txt" 時發生錯誤, 原因: Variant does not reference an automation object
[20141028-153422 WordFileConvertSrv.exe] ERR> 轉檔作業失敗. 從 "D:\NTAKWeb\NTAK_DDQS\Exec\Manager\FileStore\黃&#28702;瑢復查決定書-海外所得.doc" 轉換至 "D:\NTAKWeb\NTAK_DDQS\Exec\ConvertArea\黃&#28702;瑢復查決定書-海外所得.doc.txt" 時發生錯誤, 原因: Variant does not reference an automation object
[20141028-153422 WordFileConvertSrv.exe] ERR> 轉檔作業失敗. 從 "D:\NTAKWeb\NTAK_DDQS\Exec\Manager\FileStore\黃鳳珠(第09703642號)-95年度.doc" 轉換至 "D:\NTAKWeb\NTAK_DDQS\Exec\ConvertArea\黃鳳珠(第09703642號)-95年度.doc.txt" 時發生錯誤, 原因: Variant does not reference an automation object
[20141028-153422 WordFileConvertSrv.exe] ERR> 轉檔作業失敗. 從 "D:\NTAKWeb\NTAK_DDQS\Exec\Manager\FileStore\&#40644;武穎決定書.doc" 轉換至 "D:\NTAKWeb\NTAK_DDQS\Exec\ConvertArea\&#40644;武穎決定書.doc.txt" 時發生錯誤, 原因: Variant does not reference an automation object
[20141028-153422 WordFileConvertSrv.exe] ERR> 轉檔作業失敗. 從 "D:\NTAKWeb\NTAK_DDQS\Exec\Manager\FileStore\09700128300.doc" 轉換至 "D:\NTAKWeb\NTAK_DDQS\Exec\ConvertArea\09700128300.doc.txt" 時發生錯誤, 原因: Variant does not reference an automation object
[20141028-153422 WordFileConvertSrv.exe] ERR> 轉檔作業失敗. 從 "D:\NTAKWeb\NTAK_DDQS\Exec\Manager\FileStore\09700398060.doc" 轉換至 "D:\NTAKWeb\NTAK_DDQS\Exec\ConvertArea\09700398060.doc.txt" 時發生錯誤, 原因: Variant does not reference an automation object
[20141028-153422 WordFileConvertSrv.exe] ERR> 轉檔作業失敗. 從 "D:\NTAKWeb\NTAK_DDQS\Exec\Manager\FileStore\1-1020924洪瑞&#23791;君96年度復查決定書-函.doc" 轉換至 "D:\NTAKWeb\NTAK_DDQS\Exec\ConvertArea\1-1020924洪瑞&#23791;君96年度復查決定書-函.doc.txt" 時發生錯誤, 原因: Variant does not reference an automation object
[20141028-153422 WordFileConvertSrv.exe] ERR> 轉檔作業失敗. 從 "D:\NTAKWeb\NTAK_DDQS\Exec\Manager\FileStore\100-2-21鍾泰營造有限公司營業稅罰鍰(復查決定書-重繕(發文).doc" 轉換至 "D:\NTAKWeb\NTAK_DDQS\Exec\ConvertArea\100-2-21鍾泰營造有限公司營業稅罰鍰(復查決定書-重繕(發文).doc.txt" 時發生錯誤, 原因: Variant does not reference an automation object
[20141028-153422 WordFileConvertSrv.exe] ERR> 轉檔作業失敗. 從 "D:\NTAKWeb\NTAK_DDQS\Exec\Manager\FileStore\100年度判字第1949號.doc" 轉換至 "D:\NTAKWeb\NTAK_DDQS\Exec\ConvertArea\100年度判字第1949號.doc.txt" 時發生錯誤, 原因: Variant does not reference an automation object
[20141028-153422 WordFileConvertSrv.exe] ERR> 轉檔作業失敗. 從 "D:\NTAKWeb\NTAK_DDQS\Exec\Manager\FileStore\100年度復查決定書稿發文.doc" 轉換至 "D:\NTAKWeb\NTAK_DDQS\Exec\ConvertArea\100年度復查決定書稿發文.doc.txt" 時發生錯誤, 原因: Variant does not reference an automation object
[20141028-153422 WordFileConvertSrv.exe] ERR> 轉檔作業失敗. 從 "D:\NTAKWeb\NTAK_DDQS\Exec\Manager\FileStore\100年度訴字第444號.doc" 轉換至 "D:\NTAKWeb\NTAK_DDQS\Exec\ConvertArea\100年度訴字第444號.doc.txt" 時發生錯誤, 原因: Variant does not reference an automation object
[20141028-153422 WordFileConvertSrv.exe] ERR> 轉檔作業失敗. 從 "D:\NTAKWeb\NTAK_DDQS\Exec\Manager\FileStore\102.4.29-陳&#28913;泰(陳吳芬釵)100年度綜所稅復查決定書.doc" 轉換至 "D:\NTAKWeb\NTAK_DDQS\Exec\ConvertArea\102.4.29-陳&#28913;泰(陳吳芬釵)100年度綜所稅復查決定書.doc.txt" 時發生錯誤, 原因: Variant does not reference an automation object
[20141028-153422 WordFileConvertSrv.exe] ERR> 轉檔作業失敗. 從 "D:\NTAKWeb\NTAK_DDQS\Exec\Manager\FileStore\10201614.doc" 轉換至 "D:\NTAKWeb\NTAK_DDQS\Exec\ConvertArea\10201614.doc.txt" 時發生錯誤, 原因: Variant does not reference an automation object
[20141028-153422 WordFileConvertSrv.exe] ERR> 轉檔作業失敗. 從 "D:\NTAKWeb\NTAK_DDQS\Exec\Manager\FileStore\1020716張孟信99年度綜所稅復查決定書(復查會決議修正).doc" 轉換至 "D:\NTAKWeb\NTAK_DDQS\Exec\ConvertArea\1020716張孟信99年度綜所稅復查決定書(復查會決議修正).doc.txt" 時發生錯誤, 原因: Variant does not reference an automation object
[20141028-153422 WordFileConvertSrv.exe] ERR> 轉檔作業失敗. 從 "D:\NTAKWeb\NTAK_DDQS\Exec\Manager\FileStore\1021030黃振銘君99年度綜所稅復查決定書.doc" 轉換至 "D:\NTAKWeb\NTAK_DDQS\Exec\ConvertArea\1021030黃振銘君99年度綜所稅復查決定書.doc.txt" 時發生錯誤, 原因: Variant does not reference an automation object
[20141028-153422 WordFileConvertSrv.exe] ERR> 轉檔作業失敗. 從 "D:\NTAKWeb\NTAK_DDQS\Exec\Manager\FileStore\103.06.23發文-黃小芳101年綜所稅決定書稿.doc" 轉換至 "D:\NTAKWeb\NTAK_DDQS\Exec\ConvertArea\103.06.23發文-黃小芳101年綜所稅決定書稿.doc.txt" 時發生錯誤, 原因: Variant does not reference an automation object
[20141028-153422 WordFileConvertSrv.exe] ERR> 轉檔作業失敗. 從 "D:\NTAKWeb\NTAK_DDQS\Exec\Manager\FileStore\103.4.25發文-陳振昌100年綜所稅決定書(罰鍰).doc" 轉換至 "D:\NTAKWeb\NTAK_DDQS\Exec\ConvertArea\103.4.25發文-陳振昌100年綜所稅決定書(罰鍰).doc.txt" 時發生錯誤, 原因: Variant does not reference an automation object
[20141028-153422 WordFileConvertSrv.exe] ERR> 轉檔作業失敗. 從 "D:\NTAKWeb\NTAK_DDQS\Exec\Manager\FileStore\10300120.doc" 轉換至 "D:\NTAKWeb\NTAK_DDQS\Exec\ConvertArea\10300120.doc.txt" 時發生錯誤, 原因: Variant does not reference an automation object
[20141028-153422 WordFileConvertSrv.exe] ERR> 轉檔作業失敗. 從 "D:\NTAKWeb\NTAK_DDQS\Exec\Manager\FileStore\1030912江昌101營所稅(漏報其他收入) 罰鍰復查決定書(發文).doc" 轉換至 "D:\NTAKWeb\NTAK_DDQS\Exec\ConvertArea\1030912江昌101營所稅(漏報其他收入) 罰鍰復查決定書(發文).doc.txt" 時發生錯誤, 原因: Variant does not reference an automation object
[20141028-153422 WordFileConvertSrv.exe] ERR> 轉檔作業失敗. 從 "D:\NTAKWeb\NTAK_DDQS\Exec\Manager\FileStore\95年度訴字第160號(2).doc" 轉換至 "D:\NTAKWeb\NTAK_DDQS\Exec\ConvertArea\95年度訴字第160號(2).doc.txt" 時發生錯誤, 原因: Variant does not reference an automation object
[20141028-153422 WordFileConvertSrv.exe] ERR> 轉檔作業失敗. 從 "D:\NTAKWeb\NTAK_DDQS\Exec\Manager\FileStore\98年度再字第37號.doc" 轉換至 "D:\NTAKWeb\NTAK_DDQS\Exec\ConvertArea\98年度再字第37號.doc.txt" 時發生錯誤, 原因: Variant does not reference an automation object
[20141028-153422 WordFileConvertSrv.exe] ERR> 轉檔作業失敗. 從 "D:\NTAKWeb\NTAK_DDQS\Exec\Manager\FileStore\98年度簡再字第13號(2).doc" 轉換至 "D:\NTAKWeb\NTAK_DDQS\Exec\ConvertArea\98年度簡再字第13號(2).doc.txt" 時發生錯誤, 原因: Variant does not reference an automation object
[20141028-153422 WordFileConvertSrv.exe] ERR> 轉檔作業失敗. 從 "D:\NTAKWeb\NTAK_DDQS\Exec\Manager\FileStore\99年度簡再字第9號.doc" 轉換至 "D:\NTAKWeb\NTAK_DDQS\Exec\ConvertArea\99年度簡再字第9號.doc.txt" 時發生錯誤, 原因: Variant does not reference an automation object
[20141028-153422 WordFileConvertSrv.exe] ERR> 轉檔作業失敗. 從 "D:\NTAKWeb\NTAK_DDQS\Exec\Manager\FileStore\IE8302100730陳景生101本稅-短報5%－更正後.doc" 轉換至 "D:\NTAKWeb\NTAK_DDQS\Exec\ConvertArea\IE8302100730陳景生101本稅-短報5%－更正後.doc.txt" 時發生錯誤, 原因: Variant does not reference an automation object
[20141028-153422 WordFileConvertSrv.exe] ERR> 轉檔作業失敗. 從 "D:\NTAKWeb\NTAK_DDQS\Exec\Manager\FileStore\JVP-LST.doc" 轉換至 "D:\NTAKWeb\NTAK_DDQS\Exec\ConvertArea\JVP-LST.doc.txt" 時發生錯誤, 原因: Variant does not reference an automation object
[20141028-153422 WordFileConvertSrv.exe] ERR> 轉檔作業失敗. 從 "D:\NTAKWeb\NTAK_DDQS\Exec\Manager\FileStore\NE0402400815邱翠蓮99罰鍰-未據實申報扣繳憑單20%-維持.doc" 轉換至 "D:\NTAKWeb\NTAK_DDQS\Exec\ConvertArea\NE0402400815邱翠蓮99罰鍰-未據實申報扣繳憑單20%-維持.doc.txt" 時發生錯誤, 原因: Variant does not reference an automation object
[20141028-153422 WordFileConvertSrv.exe] ERR> 轉檔作業失敗. 從 "D:\NTAKWeb\NTAK_DDQS\Exec\Manager\FileStore\NE0403100144章一民101年復查決定書-稿.doc" 轉換至 "D:\NTAKWeb\NTAK_DDQS\Exec\ConvertArea\NE0403100144章一民101年復查決定書-稿.doc.txt" 時發生錯誤, 原因: Variant does not reference an automation object
[20141028-153422 WordFileConvertSrv.exe] ERR> 轉檔作業失敗. 從 "D:\NTAKWeb\NTAK_DDQS\Exec\Manager\FileStore\NE8302100123莊全勝100免稅額-追減-核定.doc" 轉換至 "D:\NTAKWeb\NTAK_DDQS\Exec\ConvertArea\NE8302100123莊全勝100免稅額-追減-核定.doc.txt" 時發生錯誤, 原因: Variant does not reference an automation object
[20141028-153422 WordFileConvertSrv.exe] ERR> 轉檔作業失敗. 從 "D:\NTAKWeb\NTAK_DDQS\Exec\Manager\FileStore\NE8302400498潘&#21843;銘100罰鍰-委託他人代為申報-維持.doc" 轉換至 "D:\NTAKWeb\NTAK_DDQS\Exec\ConvertArea\NE8302400498潘&#21843;銘100罰鍰-委託他人代為申報-維持.doc.txt" 時發生錯誤, 原因: Variant does not reference an automation object
[20141028-153422 WordFileConvertSrv.exe] ERR> 轉檔作業失敗. 從 "D:\NTAKWeb\NTAK_DDQS\Exec\Manager\FileStore\何海鷗101虛列免稅額決定書(本+罰)正本.doc" 轉換至 "D:\NTAKWeb\NTAK_DDQS\Exec\ConvertArea\何海鷗101虛列免稅額決定書(本+罰)正本.doc.txt" 時發生錯誤, 原因: Variant does not reference an automation object
[20141028-153422 WordFileConvertSrv.exe] ERR> 轉檔作業失敗. 從 "D:\NTAKWeb\NTAK_DDQS\Exec\Manager\FileStore\佳勝營造(第09903392號)-94年度.doc" 轉換至 "D:\NTAKWeb\NTAK_DDQS\Exec\ConvertArea\佳勝營造(第09903392號)-94年度.doc.txt" 時發生錯誤, 原因: Variant does not reference an automation object
[20141028-153422 WordFileConvertSrv.exe] ERR> 轉檔作業失敗. 從 "D:\NTAKWeb\NTAK_DDQS\Exec\Manager\FileStore\北方之星(第09800030號)-89年度.doc" 轉換至 "D:\NTAKWeb\NTAK_DDQS\Exec\ConvertArea\北方之星(第09800030號)-89年度.doc.txt" 時發生錯誤, 原因: Variant does not reference an automation object
[20141028-153422 WordFileConvertSrv.exe] ERR> 轉檔作業失敗. 從 "D:\NTAKWeb\NTAK_DDQS\Exec\Manager\FileStore\呂冠霖(第09704361~09704365號)-91~95年度.doc" 轉換至 "D:\NTAKWeb\NTAK_DDQS\Exec\ConvertArea\呂冠霖(第09704361~09704365號)-91~95年度.doc.txt" 時發生錯誤, 原因: Variant does not reference an automation object
[20141028-153422 WordFileConvertSrv.exe] ERR> 轉檔作業失敗. 從 "D:\NTAKWeb\NTAK_DDQS\Exec\Manager\FileStore\周王金珍(第09800157號)-94年度.doc" 轉換至 "D:\NTAKWeb\NTAK_DDQS\Exec\ConvertArea\周王金珍(第09800157號)-94年度.doc.txt" 時發生錯誤, 原因: Variant does not reference an automation object
[20141028-153422 WordFileConvertSrv.exe] ERR> 轉檔作業失敗. 從 "D:\NTAKWeb\NTAK_DDQS\Exec\Manager\FileStore\廖東建(第10001282號)-98年度.doc" 轉換至 "D:\NTAKWeb\NTAK_DDQS\Exec\ConvertArea\廖東建(第10001282號)-98年度.doc.txt" 時發生錯誤, 原因: Variant does not reference an automation object
[20141028-153422 WordFileConvertSrv.exe] ERR> 轉檔作業失敗. 從 "D:\NTAKWeb\NTAK_DDQS\Exec\Manager\FileStore\廣建95營所稅決定書(虛銷8%).doc" 轉換至 "D:\NTAKWeb\NTAK_DDQS\Exec\ConvertArea\廣建95營所稅決定書(虛銷8%).doc.txt" 時發生錯誤, 原因: Variant does not reference an automation object
[20141028-153422 WordFileConvertSrv.exe] ERR> 轉檔作業失敗. 從 "D:\NTAKWeb\NTAK_DDQS\Exec\Manager\FileStore\彭宴祥(第09801703號)-96年度.doc" 轉換至 "D:\NTAKWeb\NTAK_DDQS\Exec\ConvertArea\彭宴祥(第09801703號)-96年度.doc.txt" 時發生錯誤, 原因: Variant does not reference an automation object
[20141028-153422 WordFileConvertSrv.exe] ERR> 轉檔作業失敗. 從 "D:\NTAKWeb\NTAK_DDQS\Exec\Manager\FileStore\復查決定-函洪俊良93信託營利所得-實質課稅-核課期間.doc" 轉換至 "D:\NTAKWeb\NTAK_DDQS\Exec\ConvertArea\復查決定-函洪俊良93信託營利所得-實質課稅-核課期間.doc.txt" 時發生錯誤, 原因: Variant does not reference an automation object
[20141028-153422 WordFileConvertSrv.exe] ERR> 轉檔作業失敗. 從 "D:\NTAKWeb\NTAK_DDQS\Exec\Manager\FileStore\日月光電子100年度營所稅復查決定書.doc" 轉換至 "D:\NTAKWeb\NTAK_DDQS\Exec\ConvertArea\日月光電子100年度營所稅復查決定書.doc.txt" 時發生錯誤, 原因: Variant does not reference an automation object
[20141028-153422 WordFileConvertSrv.exe] ERR> 轉檔作業失敗. 從 "D:\NTAKWeb\NTAK_DDQS\Exec\Manager\FileStore\李淑&#32137;決定書.doc" 轉換至 "D:\NTAKWeb\NTAK_DDQS\Exec\ConvertArea\李淑&#32137;決定書.doc.txt" 時發生錯誤, 原因: Variant does not reference an automation object
[20141028-153422 WordFileConvertSrv.exe] ERR> 轉檔作業失敗. 從 "D:\NTAKWeb\NTAK_DDQS\Exec\Manager\FileStore\李清 復查決定書.doc.doc" 轉換至 "D:\NTAKWeb\NTAK_DDQS\Exec\ConvertArea\李清 復查決定書.doc.doc.txt" 時發生錯誤, 原因: Variant does not reference an automation object
[20141028-153422 WordFileConvertSrv.exe] ERR> 轉檔作業失敗. 從 "D:\NTAKWeb\NTAK_DDQS\Exec\Manager\FileStore\李清&#23791;復查決定書.doc" 轉換至 "D:\NTAKWeb\NTAK_DDQS\Exec\ConvertArea\李清&#23791;復查決定書.doc.txt" 時發生錯誤, 原因: Variant does not reference an automation object
[20141028-153422 WordFileConvertSrv.exe] ERR> 轉檔作業失敗. 從 "D:\NTAKWeb\NTAK_DDQS\Exec\Manager\FileStore\林&#37979;宏決定書.doc" 轉換至 "D:\NTAKWeb\NTAK_DDQS\Exec\ConvertArea\林&#37979;宏決定書.doc.txt" 時發生錯誤, 原因: Variant does not reference an automation object
[20141028-153422 WordFileConvertSrv.exe] ERR> 轉檔作業失敗. 從 "D:\NTAKWeb\NTAK_DDQS\Exec\Manager\FileStore\林奇峰95年度復查報告確定版.doc" 轉換至 "D:\NTAKWeb\NTAK_DDQS\Exec\ConvertArea\林奇峰95年度復查報告確定版.doc.txt" 時發生錯誤, 原因: Variant does not reference an automation object
[20141028-153422 WordFileConvertSrv.exe] ERR> 轉檔作業失敗. 從 "D:\NTAKWeb\NTAK_DDQS\Exec\Manager\FileStore\林宜靜(第09903210號)-94~96年度.doc" 轉換至 "D:\NTAKWeb\NTAK_DDQS\Exec\ConvertArea\林宜靜(第09903210號)-94~96年度.doc.txt" 時發生錯誤, 原因: Variant does not reference an automation object
[20141028-153422 WordFileConvertSrv.exe] ERR> 轉檔作業失敗. 從 "D:\NTAKWeb\NTAK_DDQS\Exec\Manager\FileStore\林茂雄98年度綜合所得稅正本.doc" 轉換至 "D:\NTAKWeb\NTAK_DDQS\Exec\ConvertArea\林茂雄98年度綜合所得稅正本.doc.txt" 時發生錯誤, 原因: Variant does not reference an automation object
[20141028-153422 WordFileConvertSrv.exe] ERR> 轉檔作業失敗. 從 "D:\NTAKWeb\NTAK_DDQS\Exec\Manager\FileStore\林麗俐(第10002578號)-93年度.doc" 轉換至 "D:\NTAKWeb\NTAK_DDQS\Exec\ConvertArea\林麗俐(第10002578號)-93年度.doc.txt" 時發生錯誤, 原因: Variant does not reference an automation object
[20141028-153422 WordFileConvertSrv.exe] ERR> 轉檔作業失敗. 從 "D:\NTAKWeb\NTAK_DDQS\Exec\Manager\FileStore\楊肅泰(第09804135號)-96年度.doc" 轉換至 "D:\NTAKWeb\NTAK_DDQS\Exec\ConvertArea\楊肅泰(第09804135號)-96年度.doc.txt" 時發生錯誤, 原因: Variant does not reference an automation object
[20141028-153422 WordFileConvertSrv.exe] ERR> 轉檔作業失敗. 從 "D:\NTAKWeb\NTAK_DDQS\Exec\Manager\FileStore\歐陽建華(第09902018號)-88年度.doc" 轉換至 "D:\NTAKWeb\NTAK_DDQS\Exec\ConvertArea\歐陽建華(第09902018號)-88年度.doc.txt" 時發生錯誤, 原因: Variant does not reference an automation object
[20141028-153422 WordFileConvertSrv.exe] ERR> 轉檔作業失敗. 從 "D:\NTAKWeb\NTAK_DDQS\Exec\Manager\FileStore\武穎決~1.DOC" 轉換至 "D:\NTAKWeb\NTAK_DDQS\Exec\ConvertArea\武穎決~1.DOC.txt" 時發生錯誤, 原因: Variant does not reference an automation object
[20141028-153422 WordFileConvertSrv.exe] ERR> 轉檔作業失敗. 從 "D:\NTAKWeb\NTAK_DDQS\Exec\Manager\FileStore\潘&#21843;銘100罰鍰-委託他人代為申報-維持.doc" 轉換至 "D:\NTAKWeb\NTAK_DDQS\Exec\ConvertArea\潘&#21843;銘100罰鍰-委託他人代為申報-維持.doc.txt" 時發生錯誤, 原因: Variant does not reference an automation object
[20141028-153422 WordFileConvertSrv.exe] ERR> 轉檔作業失敗. 從 "D:\NTAKWeb\NTAK_DDQS\Exec\Manager\FileStore\王&#28702;苡101年特銷稅罰鍰決定書-函.docx" 轉換至 "D:\NTAKWeb\NTAK_DDQS\Exec\ConvertArea\王&#28702;苡101年特銷稅罰鍰決定書-函.docx.txt" 時發生錯誤, 原因: Variant does not reference an automation object
[20141028-153422 WordFileConvertSrv.exe] ERR> 轉檔作業失敗. 從 "D:\NTAKWeb\NTAK_DDQS\Exec\Manager\FileStore\白美香(第09803188號)-96年度.doc" 轉換至 "D:\NTAKWeb\NTAK_DDQS\Exec\ConvertArea\白美香(第09803188號)-96年度.doc.txt" 時發生錯誤, 原因: Variant does not reference an automation object
[20141028-153422 WordFileConvertSrv.exe] ERR> 轉檔作業失敗. 從 "D:\NTAKWeb\NTAK_DDQS\Exec\Manager\FileStore\蘇宏典(第10001702號)-95年度.doc" 轉換至 "D:\NTAKWeb\NTAK_DDQS\Exec\ConvertArea\蘇宏典(第10001702號)-95年度.doc.txt" 時發生錯誤, 原因: Variant does not reference an automation object
[20141028-153422 WordFileConvertSrv.exe] ERR> 轉檔作業失敗. 從 "D:\NTAKWeb\NTAK_DDQS\Exec\Manager\FileStore\達旺廣告(第09803394號)-95年度.doc" 轉換至 "D:\NTAKWeb\NTAK_DDQS\Exec\ConvertArea\達旺廣告(第09803394號)-95年度.doc.txt" 時發生錯誤, 原因: Variant does not reference an automation object
[20141028-153422 WordFileConvertSrv.exe] ERR> 轉檔作業失敗. 從 "D:\NTAKWeb\NTAK_DDQS\Exec\Manager\FileStore\鍇億國際95營所稅決定書(虛銷8%).doc" 轉換至 "D:\NTAKWeb\NTAK_DDQS\Exec\ConvertArea\鍇億國際95營所稅決定書(虛銷8%).doc.txt" 時發生錯誤, 原因: Variant does not reference an automation object
[20141028-153422 WordFileConvertSrv.exe] ERR> 轉檔作業失敗. 從 "D:\NTAKWeb\NTAK_DDQS\Exec\Manager\FileStore\鍇億國際95營所稅決定書虛銷8%.doc" 轉換至 "D:\NTAKWeb\NTAK_DDQS\Exec\ConvertArea\鍇億國際95營所稅決定書虛銷8%.doc.txt" 時發生錯誤, 原因: Variant does not reference an automation object
[20141028-153422 WordFileConvertSrv.exe] ERR> 轉檔作業失敗. 從 "D:\NTAKWeb\NTAK_DDQS\Exec\Manager\FileStore\陳麗文(第09801332號)-96年度.doc" 轉換至 "D:\NTAKWeb\NTAK_DDQS\Exec\ConvertArea\陳麗文(第09801332號)-96年度.doc.txt" 時發生錯誤, 原因: Variant does not reference an automation object
[20141028-153422 WordFileConvertSrv.exe] ERR> 轉檔作業失敗. 從 "D:\NTAKWeb\NTAK_DDQS\Exec\Manager\FileStore\黃&#28702;瑢復查決定書-海外所得.doc" 轉換至 "D:\NTAKWeb\NTAK_DDQS\Exec\ConvertArea\黃&#28702;瑢復查決定書-海外所得.doc.txt" 時發生錯誤, 原因: Variant does not reference an automation object
[20141028-153422 WordFileConvertSrv.exe] ERR> 轉檔作業失敗. 從 "D:\NTAKWeb\NTAK_DDQS\Exec\Manager\FileStore\黃鳳珠(第09703642號)-95年度.doc" 轉換至 "D:\NTAKWeb\NTAK_DDQS\Exec\ConvertArea\黃鳳珠(第09703642號)-95年度.doc.txt" 時發生錯誤, 原因: Variant does not reference an automation object
[20141028-153434 WordFileConvertSrv.exe] ERR> 轉檔作業失敗. 從 "D:\NTAKWeb\NTAK_DDQS\Exec\Manager\FileStore\&#40644;武穎決定書.doc" 轉換至 "D:\NTAKWeb\NTAK_DDQS\Exec\ConvertArea\&#40644;武穎決定書.doc.txt" 時發生錯誤, 原因: Variant does not reference an automation object
[20141028-153434 WordFileConvertSrv.exe] ERR> 轉檔作業失敗. 從 "D:\NTAKWeb\NTAK_DDQS\Exec\Manager\FileStore\09700128300.doc" 轉換至 "D:\NTAKWeb\NTAK_DDQS\Exec\ConvertArea\09700128300.doc.txt" 時發生錯誤, 原因: Variant does not reference an automation object
[20141028-153434 WordFileConvertSrv.exe] ERR> 轉檔作業失敗. 從 "D:\NTAKWeb\NTAK_DDQS\Exec\Manager\FileStore\09700398060.doc" 轉換至 "D:\NTAKWeb\NTAK_DDQS\Exec\ConvertArea\09700398060.doc.txt" 時發生錯誤, 原因: Variant does not reference an automation object
[20141028-153434 WordFileConvertSrv.exe] ERR> 轉檔作業失敗. 從 "D:\NTAKWeb\NTAK_DDQS\Exec\Manager\FileStore\1-1020924洪瑞&#23791;君96年度復查決定書-函.doc" 轉換至 "D:\NTAKWeb\NTAK_DDQS\Exec\ConvertArea\1-1020924洪瑞&#23791;君96年度復查決定書-函.doc.txt" 時發生錯誤, 原因: Variant does not reference an automation object
[20141028-153434 WordFileConvertSrv.exe] ERR> 轉檔作業失敗. 從 "D:\NTAKWeb\NTAK_DDQS\Exec\Manager\FileStore\100-2-21鍾泰營造有限公司營業稅罰鍰(復查決定書-重繕(發文).doc" 轉換至 "D:\NTAKWeb\NTAK_DDQS\Exec\ConvertArea\100-2-21鍾泰營造有限公司營業稅罰鍰(復查決定書-重繕(發文).doc.txt" 時發生錯誤, 原因: Variant does not reference an automation object
[20141028-153434 WordFileConvertSrv.exe] ERR> 轉檔作業失敗. 從 "D:\NTAKWeb\NTAK_DDQS\Exec\Manager\FileStore\100年度判字第1949號.doc" 轉換至 "D:\NTAKWeb\NTAK_DDQS\Exec\ConvertArea\100年度判字第1949號.doc.txt" 時發生錯誤, 原因: Variant does not reference an automation object
[20141028-153434 WordFileConvertSrv.exe] ERR> 轉檔作業失敗. 從 "D:\NTAKWeb\NTAK_DDQS\Exec\Manager\FileStore\100年度復查決定書稿發文.doc" 轉換至 "D:\NTAKWeb\NTAK_DDQS\Exec\ConvertArea\100年度復查決定書稿發文.doc.txt" 時發生錯誤, 原因: Variant does not reference an automation object
[20141028-153434 WordFileConvertSrv.exe] ERR> 轉檔作業失敗. 從 "D:\NTAKWeb\NTAK_DDQS\Exec\Manager\FileStore\100年度訴字第444號.doc" 轉換至 "D:\NTAKWeb\NTAK_DDQS\Exec\ConvertArea\100年度訴字第444號.doc.txt" 時發生錯誤, 原因: Variant does not reference an automation object
[20141028-153434 WordFileConvertSrv.exe] ERR> 轉檔作業失敗. 從 "D:\NTAKWeb\NTAK_DDQS\Exec\Manager\FileStore\102.4.29-陳&#28913;泰(陳吳芬釵)100年度綜所稅復查決定書.doc" 轉換至 "D:\NTAKWeb\NTAK_DDQS\Exec\ConvertArea\102.4.29-陳&#28913;泰(陳吳芬釵)100年度綜所稅復查決定書.doc.txt" 時發生錯誤, 原因: Variant does not reference an automation object
[20141028-153434 WordFileConvertSrv.exe] ERR> 轉檔作業失敗. 從 "D:\NTAKWeb\NTAK_DDQS\Exec\Manager\FileStore\10201614.doc" 轉換至 "D:\NTAKWeb\NTAK_DDQS\Exec\ConvertArea\10201614.doc.txt" 時發生錯誤, 原因: Variant does not reference an automation object
[20141028-153434 WordFileConvertSrv.exe] ERR> 轉檔作業失敗. 從 "D:\NTAKWeb\NTAK_DDQS\Exec\Manager\FileStore\1020716張孟信99年度綜所稅復查決定書(復查會決議修正).doc" 轉換至 "D:\NTAKWeb\NTAK_DDQS\Exec\ConvertArea\1020716張孟信99年度綜所稅復查決定書(復查會決議修正).doc.txt" 時發生錯誤, 原因: Variant does not reference an automation object
[20141028-153434 WordFileConvertSrv.exe] ERR> 轉檔作業失敗. 從 "D:\NTAKWeb\NTAK_DDQS\Exec\Manager\FileStore\1021030黃振銘君99年度綜所稅復查決定書.doc" 轉換至 "D:\NTAKWeb\NTAK_DDQS\Exec\ConvertArea\1021030黃振銘君99年度綜所稅復查決定書.doc.txt" 時發生錯誤, 原因: Variant does not reference an automation object
[20141028-153434 WordFileConvertSrv.exe] ERR> 轉檔作業失敗. 從 "D:\NTAKWeb\NTAK_DDQS\Exec\Manager\FileStore\103.06.23發文-黃小芳101年綜所稅決定書稿.doc" 轉換至 "D:\NTAKWeb\NTAK_DDQS\Exec\ConvertArea\103.06.23發文-黃小芳101年綜所稅決定書稿.doc.txt" 時發生錯誤, 原因: Variant does not reference an automation object
[20141028-153434 WordFileConvertSrv.exe] ERR> 轉檔作業失敗. 從 "D:\NTAKWeb\NTAK_DDQS\Exec\Manager\FileStore\103.4.25發文-陳振昌100年綜所稅決定書(罰鍰).doc" 轉換至 "D:\NTAKWeb\NTAK_DDQS\Exec\ConvertArea\103.4.25發文-陳振昌100年綜所稅決定書(罰鍰).doc.txt" 時發生錯誤, 原因: Variant does not reference an automation object
[20141028-153434 WordFileConvertSrv.exe] ERR> 轉檔作業失敗. 從 "D:\NTAKWeb\NTAK_DDQS\Exec\Manager\FileStore\10300120.doc" 轉換至 "D:\NTAKWeb\NTAK_DDQS\Exec\ConvertArea\10300120.doc.txt" 時發生錯誤, 原因: Variant does not reference an automation object
[20141028-153434 WordFileConvertSrv.exe] ERR> 轉檔作業失敗. 從 "D:\NTAKWeb\NTAK_DDQS\Exec\Manager\FileStore\1030912江昌101營所稅(漏報其他收入) 罰鍰復查決定書(發文).doc" 轉換至 "D:\NTAKWeb\NTAK_DDQS\Exec\ConvertArea\1030912江昌101營所稅(漏報其他收入) 罰鍰復查決定書(發文).doc.txt" 時發生錯誤, 原因: Variant does not reference an automation object
[20141028-153434 WordFileConvertSrv.exe] ERR> 轉檔作業失敗. 從 "D:\NTAKWeb\NTAK_DDQS\Exec\Manager\FileStore\1030929營業稅(滯報金)復查決定書(發文).doc" 轉換至 "D:\NTAKWeb\NTAK_DDQS\Exec\ConvertArea\1030929營業稅(滯報金)復查決定書(發文).doc.txt" 時發生錯誤, 原因: Variant does not reference an automation object
[20141028-153434 WordFileConvertSrv.exe] ERR> 轉檔作業失敗. 從 "D:\NTAKWeb\NTAK_DDQS\Exec\Manager\FileStore\95年度訴字第160號(2).doc" 轉換至 "D:\NTAKWeb\NTAK_DDQS\Exec\ConvertArea\95年度訴字第160號(2).doc.txt" 時發生錯誤, 原因: Variant does not reference an automation object
[20141028-153434 WordFileConvertSrv.exe] ERR> 轉檔作業失敗. 從 "D:\NTAKWeb\NTAK_DDQS\Exec\Manager\FileStore\98年度再字第37號.doc" 轉換至 "D:\NTAKWeb\NTAK_DDQS\Exec\ConvertArea\98年度再字第37號.doc.txt" 時發生錯誤, 原因: Variant does not reference an automation object
[20141028-153434 WordFileConvertSrv.exe] ERR> 轉檔作業失敗. 從 "D:\NTAKWeb\NTAK_DDQS\Exec\Manager\FileStore\98年度簡再字第13號(2).doc" 轉換至 "D:\NTAKWeb\NTAK_DDQS\Exec\ConvertArea\98年度簡再字第13號(2).doc.txt" 時發生錯誤, 原因: Variant does not reference an automation object
[20141028-153434 WordFileConvertSrv.exe] ERR> 轉檔作業失敗. 從 "D:\NTAKWeb\NTAK_DDQS\Exec\Manager\FileStore\99年度簡再字第9號.doc" 轉換至 "D:\NTAKWeb\NTAK_DDQS\Exec\ConvertArea\99年度簡再字第9號.doc.txt" 時發生錯誤, 原因: Variant does not reference an automation object
[20141028-153434 WordFileConvertSrv.exe] ERR> 轉檔作業失敗. 從 "D:\NTAKWeb\NTAK_DDQS\Exec\Manager\FileStore\IE8302100730陳景生101本稅-短報5%－更正後.doc" 轉換至 "D:\NTAKWeb\NTAK_DDQS\Exec\ConvertArea\IE8302100730陳景生101本稅-短報5%－更正後.doc.txt" 時發生錯誤, 原因: Variant does not reference an automation object
[20141028-153434 WordFileConvertSrv.exe] ERR> 轉檔作業失敗. 從 "D:\NTAKWeb\NTAK_DDQS\Exec\Manager\FileStore\JVP-LST.doc" 轉換至 "D:\NTAKWeb\NTAK_DDQS\Exec\ConvertArea\JVP-LST.doc.txt" 時發生錯誤, 原因: Variant does not reference an automation object
[20141028-153434 WordFileConvertSrv.exe] ERR> 轉檔作業失敗. 從 "D:\NTAKWeb\NTAK_DDQS\Exec\Manager\FileStore\NE0402400815邱翠蓮99罰鍰-未據實申報扣繳憑單20%-維持.doc" 轉換至 "D:\NTAKWeb\NTAK_DDQS\Exec\ConvertArea\NE0402400815邱翠蓮99罰鍰-未據實申報扣繳憑單20%-維持.doc.txt" 時發生錯誤, 原因: Variant does not reference an automation object
[20141028-153434 WordFileConvertSrv.exe] ERR> 轉檔作業失敗. 從 "D:\NTAKWeb\NTAK_DDQS\Exec\Manager\FileStore\NE0403100144章一民101年復查決定書-稿.doc" 轉換至 "D:\NTAKWeb\NTAK_DDQS\Exec\ConvertArea\NE0403100144章一民101年復查決定書-稿.doc.txt" 時發生錯誤, 原因: Variant does not reference an automation object
[20141028-153434 WordFileConvertSrv.exe] ERR> 轉檔作業失敗. 從 "D:\NTAKWeb\NTAK_DDQS\Exec\Manager\FileStore\NE8302100123莊全勝100免稅額-追減-核定.doc" 轉換至 "D:\NTAKWeb\NTAK_DDQS\Exec\ConvertArea\NE8302100123莊全勝100免稅額-追減-核定.doc.txt" 時發生錯誤, 原因: Variant does not reference an automation object
[20141028-153434 WordFileConvertSrv.exe] ERR> 轉檔作業失敗. 從 "D:\NTAKWeb\NTAK_DDQS\Exec\Manager\FileStore\NE8302400498潘&#21843;銘100罰鍰-委託他人代為申報-維持.doc" 轉換至 "D:\NTAKWeb\NTAK_DDQS\Exec\ConvertArea\NE8302400498潘&#21843;銘100罰鍰-委託他人代為申報-維持.doc.txt" 時發生錯誤, 原因: Variant does not reference an automation object
[20141028-153434 WordFileConvertSrv.exe] ERR> 轉檔作業失敗. 從 "D:\NTAKWeb\NTAK_DDQS\Exec\Manager\FileStore\何海鷗101虛列免稅額決定書(本+罰)正本.doc" 轉換至 "D:\NTAKWeb\NTAK_DDQS\Exec\ConvertArea\何海鷗101虛列免稅額決定書(本+罰)正本.doc.txt" 時發生錯誤, 原因: Variant does not reference an automation object
[20141028-153434 WordFileConvertSrv.exe] ERR> 轉檔作業失敗. 從 "D:\NTAKWeb\NTAK_DDQS\Exec\Manager\FileStore\佳勝營造(第09903392號)-94年度.doc" 轉換至 "D:\NTAKWeb\NTAK_DDQS\Exec\ConvertArea\佳勝營造(第09903392號)-94年度.doc.txt" 時發生錯誤, 原因: Variant does not reference an automation object
[20141028-153434 WordFileConvertSrv.exe] ERR> 轉檔作業失敗. 從 "D:\NTAKWeb\NTAK_DDQS\Exec\Manager\FileStore\北方之星(第09800030號)-89年度.doc" 轉換至 "D:\NTAKWeb\NTAK_DDQS\Exec\ConvertArea\北方之星(第09800030號)-89年度.doc.txt" 時發生錯誤, 原因: Variant does not reference an automation object
[20141028-153434 WordFileConvertSrv.exe] ERR> 轉檔作業失敗. 從 "D:\NTAKWeb\NTAK_DDQS\Exec\Manager\FileStore\呂冠霖(第09704361~09704365號)-91~95年度.doc" 轉換至 "D:\NTAKWeb\NTAK_DDQS\Exec\ConvertArea\呂冠霖(第09704361~09704365號)-91~95年度.doc.txt" 時發生錯誤, 原因: Variant does not reference an automation object
[20141028-153434 WordFileConvertSrv.exe] ERR> 轉檔作業失敗. 從 "D:\NTAKWeb\NTAK_DDQS\Exec\Manager\FileStore\周王金珍(第09800157號)-94年度.doc" 轉換至 "D:\NTAKWeb\NTAK_DDQS\Exec\ConvertArea\周王金珍(第09800157號)-94年度.doc.txt" 時發生錯誤, 原因: Variant does not reference an automation object
[20141028-153434 WordFileConvertSrv.exe] ERR> 轉檔作業失敗. 從 "D:\NTAKWeb\NTAK_DDQS\Exec\Manager\FileStore\廖東建(第10001282號)-98年度.doc" 轉換至 "D:\NTAKWeb\NTAK_DDQS\Exec\ConvertArea\廖東建(第10001282號)-98年度.doc.txt" 時發生錯誤, 原因: Variant does not reference an automation object
[20141028-153434 WordFileConvertSrv.exe] ERR> 轉檔作業失敗. 從 "D:\NTAKWeb\NTAK_DDQS\Exec\Manager\FileStore\廣建95營所稅決定書(虛銷8%).doc" 轉換至 "D:\NTAKWeb\NTAK_DDQS\Exec\ConvertArea\廣建95營所稅決定書(虛銷8%).doc.txt" 時發生錯誤, 原因: Variant does not reference an automation object
[20141028-153434 WordFileConvertSrv.exe] ERR> 轉檔作業失敗. 從 "D:\NTAKWeb\NTAK_DDQS\Exec\Manager\FileStore\彭宴祥(第09801703號)-96年度.doc" 轉換至 "D:\NTAKWeb\NTAK_DDQS\Exec\ConvertArea\彭宴祥(第09801703號)-96年度.doc.txt" 時發生錯誤, 原因: Variant does not reference an automation object
[20141028-153434 WordFileConvertSrv.exe] ERR> 轉檔作業失敗. 從 "D:\NTAKWeb\NTAK_DDQS\Exec\Manager\FileStore\復查決定-函洪俊良93信託營利所得-實質課稅-核課期間.doc" 轉換至 "D:\NTAKWeb\NTAK_DDQS\Exec\ConvertArea\復查決定-函洪俊良93信託營利所得-實質課稅-核課期間.doc.txt" 時發生錯誤, 原因: Variant does not reference an automation object
[20141028-153434 WordFileConvertSrv.exe] ERR> 轉檔作業失敗. 從 "D:\NTAKWeb\NTAK_DDQS\Exec\Manager\FileStore\日月光電子100年度營所稅復查決定書.doc" 轉換至 "D:\NTAKWeb\NTAK_DDQS\Exec\ConvertArea\日月光電子100年度營所稅復查決定書.doc.txt" 時發生錯誤, 原因: Variant does not reference an automation object
[20141028-153434 WordFileConvertSrv.exe] ERR> 轉檔作業失敗. 從 "D:\NTAKWeb\NTAK_DDQS\Exec\Manager\FileStore\李淑&#32137;決定書.doc" 轉換至 "D:\NTAKWeb\NTAK_DDQS\Exec\ConvertArea\李淑&#32137;決定書.doc.txt" 時發生錯誤, 原因: Variant does not reference an automation object
[20141028-153434 WordFileConvertSrv.exe] ERR> 轉檔作業失敗. 從 "D:\NTAKWeb\NTAK_DDQS\Exec\Manager\FileStore\李清 復查決定書.doc.doc" 轉換至 "D:\NTAKWeb\NTAK_DDQS\Exec\ConvertArea\李清 復查決定書.doc.doc.txt" 時發生錯誤, 原因: Variant does not reference an automation object
[20141028-153434 WordFileConvertSrv.exe] ERR> 轉檔作業失敗. 從 "D:\NTAKWeb\NTAK_DDQS\Exec\Manager\FileStore\李清&#23791;復查決定書.doc" 轉換至 "D:\NTAKWeb\NTAK_DDQS\Exec\ConvertArea\李清&#23791;復查決定書.doc.txt" 時發生錯誤, 原因: Variant does not reference an automation object
[20141028-153434 WordFileConvertSrv.exe] ERR> 轉檔作業失敗. 從 "D:\NTAKWeb\NTAK_DDQS\Exec\Manager\FileStore\林&#37979;宏決定書.doc" 轉換至 "D:\NTAKWeb\NTAK_DDQS\Exec\ConvertArea\林&#37979;宏決定書.doc.txt" 時發生錯誤, 原因: Variant does not reference an automation object
[20141028-153434 WordFileConvertSrv.exe] ERR> 轉檔作業失敗. 從 "D:\NTAKWeb\NTAK_DDQS\Exec\Manager\FileStore\林奇峰95年度復查報告確定版.doc" 轉換至 "D:\NTAKWeb\NTAK_DDQS\Exec\ConvertArea\林奇峰95年度復查報告確定版.doc.txt" 時發生錯誤, 原因: Variant does not reference an automation object
[20141028-153434 WordFileConvertSrv.exe] ERR> 轉檔作業失敗. 從 "D:\NTAKWeb\NTAK_DDQS\Exec\Manager\FileStore\林宜靜(第09903210號)-94~96年度.doc" 轉換至 "D:\NTAKWeb\NTAK_DDQS\Exec\ConvertArea\林宜靜(第09903210號)-94~96年度.doc.txt" 時發生錯誤, 原因: Variant does not reference an automation object
[20141028-153434 WordFileConvertSrv.exe] ERR> 轉檔作業失敗. 從 "D:\NTAKWeb\NTAK_DDQS\Exec\Manager\FileStore\林茂雄98年度綜合所得稅正本.doc" 轉換至 "D:\NTAKWeb\NTAK_DDQS\Exec\ConvertArea\林茂雄98年度綜合所得稅正本.doc.txt" 時發生錯誤, 原因: Variant does not reference an automation object
[20141028-153434 WordFileConvertSrv.exe] ERR> 轉檔作業失敗. 從 "D:\NTAKWeb\NTAK_DDQS\Exec\Manager\FileStore\林麗俐(第10002578號)-93年度.doc" 轉換至 "D:\NTAKWeb\NTAK_DDQS\Exec\ConvertArea\林麗俐(第10002578號)-93年度.doc.txt" 時發生錯誤, 原因: Variant does not reference an automation object
[20141028-153434 WordFileConvertSrv.exe] ERR> 轉檔作業失敗. 從 "D:\NTAKWeb\NTAK_DDQS\Exec\Manager\FileStore\楊肅泰(第09804135號)-96年度.doc" 轉換至 "D:\NTAKWeb\NTAK_DDQS\Exec\ConvertArea\楊肅泰(第09804135號)-96年度.doc.txt" 時發生錯誤, 原因: Variant does not reference an automation object
[20141028-153434 WordFileConvertSrv.exe] ERR> 轉檔作業失敗. 從 "D:\NTAKWeb\NTAK_DDQS\Exec\Manager\FileStore\歐陽建華(第09902018號)-88年度.doc" 轉換至 "D:\NTAKWeb\NTAK_DDQS\Exec\ConvertArea\歐陽建華(第09902018號)-88年度.doc.txt" 時發生錯誤, 原因: Variant does not reference an automation object
[20141028-153434 WordFileConvertSrv.exe] ERR> 轉檔作業失敗. 從 "D:\NTAKWeb\NTAK_DDQS\Exec\Manager\FileStore\武穎決~1.DOC" 轉換至 "D:\NTAKWeb\NTAK_DDQS\Exec\ConvertArea\武穎決~1.DOC.txt" 時發生錯誤, 原因: Variant does not reference an automation object
[20141028-153434 WordFileConvertSrv.exe] ERR> 轉檔作業失敗. 從 "D:\NTAKWeb\NTAK_DDQS\Exec\Manager\FileStore\潘&#21843;銘100罰鍰-委託他人代為申報-維持.doc" 轉換至 "D:\NTAKWeb\NTAK_DDQS\Exec\ConvertArea\潘&#21843;銘100罰鍰-委託他人代為申報-維持.doc.txt" 時發生錯誤, 原因: Variant does not reference an automation object
[20141028-153434 WordFileConvertSrv.exe] ERR> 轉檔作業失敗. 從 "D:\NTAKWeb\NTAK_DDQS\Exec\Manager\FileStore\王&#28702;苡101年特銷稅罰鍰決定書-函.docx" 轉換至 "D:\NTAKWeb\NTAK_DDQS\Exec\ConvertArea\王&#28702;苡101年特銷稅罰鍰決定書-函.docx.txt" 時發生錯誤, 原因: Variant does not reference an automation object
[20141028-153434 WordFileConvertSrv.exe] ERR> 轉檔作業失敗. 從 "D:\NTAKWeb\NTAK_DDQS\Exec\Manager\FileStore\白美香(第09803188號)-96年度.doc" 轉換至 "D:\NTAKWeb\NTAK_DDQS\Exec\ConvertArea\白美香(第09803188號)-96年度.doc.txt" 時發生錯誤, 原因: Variant does not reference an automation object
[20141028-153434 WordFileConvertSrv.exe] ERR> 轉檔作業失敗. 從 "D:\NTAKWeb\NTAK_DDQS\Exec\Manager\FileStore\蘇宏典(第10001702號)-95年度.doc" 轉換至 "D:\NTAKWeb\NTAK_DDQS\Exec\ConvertArea\蘇宏典(第10001702號)-95年度.doc.txt" 時發生錯誤, 原因: Variant does not reference an automation object
[20141028-153434 WordFileConvertSrv.exe] ERR> 轉檔作業失敗. 從 "D:\NTAKWeb\NTAK_DDQS\Exec\Manager\FileStore\達旺廣告(第09803394號)-95年度.doc" 轉換至 "D:\NTAKWeb\NTAK_DDQS\Exec\ConvertArea\達旺廣告(第09803394號)-95年度.doc.txt" 時發生錯誤, 原因: Variant does not reference an automation object
[20141028-153434 WordFileConvertSrv.exe] ERR> 轉檔作業失敗. 從 "D:\NTAKWeb\NTAK_DDQS\Exec\Manager\FileStore\鍇億國際95營所稅決定書(虛銷8%).doc" 轉換至 "D:\NTAKWeb\NTAK_DDQS\Exec\ConvertArea\鍇億國際95營所稅決定書(虛銷8%).doc.txt" 時發生錯誤, 原因: Variant does not reference an automation object
[20141028-153434 WordFileConvertSrv.exe] ERR> 轉檔作業失敗. 從 "D:\NTAKWeb\NTAK_DDQS\Exec\Manager\FileStore\鍇億國際95營所稅決定書虛銷8%.doc" 轉換至 "D:\NTAKWeb\NTAK_DDQS\Exec\ConvertArea\鍇億國際95營所稅決定書虛銷8%.doc.txt" 時發生錯誤, 原因: Variant does not reference an automation object
[20141028-153434 WordFileConvertSrv.exe] ERR> 轉檔作業失敗. 從 "D:\NTAKWeb\NTAK_DDQS\Exec\Manager\FileStore\陳麗文(第09801332號)-96年度.doc" 轉換至 "D:\NTAKWeb\NTAK_DDQS\Exec\ConvertArea\陳麗文(第09801332號)-96年度.doc.txt" 時發生錯誤, 原因: Variant does not reference an automation object
[20141028-153434 WordFileConvertSrv.exe] ERR> 轉檔作業失敗. 從 "D:\NTAKWeb\NTAK_DDQS\Exec\Manager\FileStore\黃&#28702;瑢復查決定書-海外所得.doc" 轉換至 "D:\NTAKWeb\NTAK_DDQS\Exec\ConvertArea\黃&#28702;瑢復查決定書-海外所得.doc.txt" 時發生錯誤, 原因: Variant does not reference an automation object
[20141028-153434 WordFileConvertSrv.exe] ERR> 轉檔作業失敗. 從 "D:\NTAKWeb\NTAK_DDQS\Exec\Manager\FileStore\黃鳳珠(第09703642號)-95年度.doc" 轉換至 "D:\NTAKWeb\NTAK_DDQS\Exec\ConvertArea\黃鳳珠(第09703642號)-95年度.doc.txt" 時發生錯誤, 原因: Variant does not reference an automation object
[20141028-153546 WordFileConvertSrv.exe] ERR> 轉檔作業失敗. 從 "D:\NTAKWeb\NTAK_DDQS\Exec\Manager\FileStore\&#40644;武穎決定書.doc" 轉換至 "D:\NTAKWeb\NTAK_DDQS\Exec\ConvertArea\&#40644;武穎決定書.doc.txt" 時發生錯誤, 原因: Variant does not reference an automation object
[20141028-153546 WordFileConvertSrv.exe] ERR> 轉檔作業失敗. 從 "D:\NTAKWeb\NTAK_DDQS\Exec\Manager\FileStore\09700128300.doc" 轉換至 "D:\NTAKWeb\NTAK_DDQS\Exec\ConvertArea\09700128300.doc.txt" 時發生錯誤, 原因: Variant does not reference an automation object
[20141028-153546 WordFileConvertSrv.exe] ERR> 轉檔作業失敗. 從 "D:\NTAKWeb\NTAK_DDQS\Exec\Manager\FileStore\09700398060.doc" 轉換至 "D:\NTAKWeb\NTAK_DDQS\Exec\ConvertArea\09700398060.doc.txt" 時發生錯誤, 原因: Variant does not reference an automation object
[20141028-153546 WordFileConvertSrv.exe] ERR> 轉檔作業失敗. 從 "D:\NTAKWeb\NTAK_DDQS\Exec\Manager\FileStore\1-1020924洪瑞&#23791;君96年度復查決定書-函.doc" 轉換至 "D:\NTAKWeb\NTAK_DDQS\Exec\ConvertArea\1-1020924洪瑞&#23791;君96年度復查決定書-函.doc.txt" 時發生錯誤, 原因: Variant does not reference an automation object
[20141028-153546 WordFileConvertSrv.exe] ERR> 轉檔作業失敗. 從 "D:\NTAKWeb\NTAK_DDQS\Exec\Manager\FileStore\100-2-21鍾泰營造有限公司營業稅罰鍰(復查決定書-重繕(發文).doc" 轉換至 "D:\NTAKWeb\NTAK_DDQS\Exec\ConvertArea\100-2-21鍾泰營造有限公司營業稅罰鍰(復查決定書-重繕(發文).doc.txt" 時發生錯誤, 原因: Variant does not reference an automation object
[20141028-153546 WordFileConvertSrv.exe] ERR> 轉檔作業失敗. 從 "D:\NTAKWeb\NTAK_DDQS\Exec\Manager\FileStore\100年度判字第1949號.doc" 轉換至 "D:\NTAKWeb\NTAK_DDQS\Exec\ConvertArea\100年度判字第1949號.doc.txt" 時發生錯誤, 原因: Variant does not reference an automation object
[20141028-153546 WordFileConvertSrv.exe] ERR> 轉檔作業失敗. 從 "D:\NTAKWeb\NTAK_DDQS\Exec\Manager\FileStore\100年度復查決定書稿發文.doc" 轉換至 "D:\NTAKWeb\NTAK_DDQS\Exec\ConvertArea\100年度復查決定書稿發文.doc.txt" 時發生錯誤, 原因: Variant does not reference an automation object
[20141028-153546 WordFileConvertSrv.exe] ERR> 轉檔作業失敗. 從 "D:\NTAKWeb\NTAK_DDQS\Exec\Manager\FileStore\100年度訴字第444號.doc" 轉換至 "D:\NTAKWeb\NTAK_DDQS\Exec\ConvertArea\100年度訴字第444號.doc.txt" 時發生錯誤, 原因: Variant does not reference an automation object
[20141028-153546 WordFileConvertSrv.exe] ERR> 轉檔作業失敗. 從 "D:\NTAKWeb\NTAK_DDQS\Exec\Manager\FileStore\102.4.29-陳&#28913;泰(陳吳芬釵)100年度綜所稅復查決定書.doc" 轉換至 "D:\NTAKWeb\NTAK_DDQS\Exec\ConvertArea\102.4.29-陳&#28913;泰(陳吳芬釵)100年度綜所稅復查決定書.doc.txt" 時發生錯誤, 原因: Variant does not reference an automation object
[20141028-153546 WordFileConvertSrv.exe] ERR> 轉檔作業失敗. 從 "D:\NTAKWeb\NTAK_DDQS\Exec\Manager\FileStore\10201614.doc" 轉換至 "D:\NTAKWeb\NTAK_DDQS\Exec\ConvertArea\10201614.doc.txt" 時發生錯誤, 原因: Variant does not reference an automation object
[20141028-153546 WordFileConvertSrv.exe] ERR> 轉檔作業失敗. 從 "D:\NTAKWeb\NTAK_DDQS\Exec\Manager\FileStore\1020716張孟信99年度綜所稅復查決定書(復查會決議修正).doc" 轉換至 "D:\NTAKWeb\NTAK_DDQS\Exec\ConvertArea\1020716張孟信99年度綜所稅復查決定書(復查會決議修正).doc.txt" 時發生錯誤, 原因: Variant does not reference an automation object
[20141028-153546 WordFileConvertSrv.exe] ERR> 轉檔作業失敗. 從 "D:\NTAKWeb\NTAK_DDQS\Exec\Manager\FileStore\1021030黃振銘君99年度綜所稅復查決定書.doc" 轉換至 "D:\NTAKWeb\NTAK_DDQS\Exec\ConvertArea\1021030黃振銘君99年度綜所稅復查決定書.doc.txt" 時發生錯誤, 原因: Variant does not reference an automation object
[20141028-153546 WordFileConvertSrv.exe] ERR> 轉檔作業失敗. 從 "D:\NTAKWeb\NTAK_DDQS\Exec\Manager\FileStore\103.06.23發文-黃小芳101年綜所稅決定書稿.doc" 轉換至 "D:\NTAKWeb\NTAK_DDQS\Exec\ConvertArea\103.06.23發文-黃小芳101年綜所稅決定書稿.doc.txt" 時發生錯誤, 原因: Variant does not reference an automation object
[20141028-153546 WordFileConvertSrv.exe] ERR> 轉檔作業失敗. 從 "D:\NTAKWeb\NTAK_DDQS\Exec\Manager\FileStore\103.4.25發文-陳振昌100年綜所稅決定書(罰鍰).doc" 轉換至 "D:\NTAKWeb\NTAK_DDQS\Exec\ConvertArea\103.4.25發文-陳振昌100年綜所稅決定書(罰鍰).doc.txt" 時發生錯誤, 原因: Variant does not reference an automation object
[20141028-153546 WordFileConvertSrv.exe] ERR> 轉檔作業失敗. 從 "D:\NTAKWeb\NTAK_DDQS\Exec\Manager\FileStore\10300120.doc" 轉換至 "D:\NTAKWeb\NTAK_DDQS\Exec\ConvertArea\10300120.doc.txt" 時發生錯誤, 原因: Variant does not reference an automation object
[20141028-153546 WordFileConvertSrv.exe] ERR> 轉檔作業失敗. 從 "D:\NTAKWeb\NTAK_DDQS\Exec\Manager\FileStore\1030912江昌101營所稅(漏報其他收入) 罰鍰復查決定書(發文).doc" 轉換至 "D:\NTAKWeb\NTAK_DDQS\Exec\ConvertArea\1030912江昌101營所稅(漏報其他收入) 罰鍰復查決定書(發文).doc.txt" 時發生錯誤, 原因: Variant does not reference an automation object
[20141028-153546 WordFileConvertSrv.exe] ERR> 轉檔作業失敗. 從 "D:\NTAKWeb\NTAK_DDQS\Exec\Manager\FileStore\95年度訴字第160號(2).doc" 轉換至 "D:\NTAKWeb\NTAK_DDQS\Exec\ConvertArea\95年度訴字第160號(2).doc.txt" 時發生錯誤, 原因: Variant does not reference an automation object
[20141028-153546 WordFileConvertSrv.exe] ERR> 轉檔作業失敗. 從 "D:\NTAKWeb\NTAK_DDQS\Exec\Manager\FileStore\98年度再字第37號.doc" 轉換至 "D:\NTAKWeb\NTAK_DDQS\Exec\ConvertArea\98年度再字第37號.doc.txt" 時發生錯誤, 原因: Variant does not reference an automation object
[20141028-153546 WordFileConvertSrv.exe] ERR> 轉檔作業失敗. 從 "D:\NTAKWeb\NTAK_DDQS\Exec\Manager\FileStore\98年度簡再字第13號(2).doc" 轉換至 "D:\NTAKWeb\NTAK_DDQS\Exec\ConvertArea\98年度簡再字第13號(2).doc.txt" 時發生錯誤, 原因: Variant does not reference an automation object
[20141028-153546 WordFileConvertSrv.exe] ERR> 轉檔作業失敗. 從 "D:\NTAKWeb\NTAK_DDQS\Exec\Manager\FileStore\99年度簡再字第9號.doc" 轉換至 "D:\NTAKWeb\NTAK_DDQS\Exec\ConvertArea\99年度簡再字第9號.doc.txt" 時發生錯誤, 原因: Variant does not reference an automation object
[20141028-153546 WordFileConvertSrv.exe] ERR> 轉檔作業失敗. 從 "D:\NTAKWeb\NTAK_DDQS\Exec\Manager\FileStore\IE8302100730陳景生101本稅-短報5%－更正後.doc" 轉換至 "D:\NTAKWeb\NTAK_DDQS\Exec\ConvertArea\IE8302100730陳景生101本稅-短報5%－更正後.doc.txt" 時發生錯誤, 原因: Variant does not reference an automation object
[20141028-153546 WordFileConvertSrv.exe] ERR> 轉檔作業失敗. 從 "D:\NTAKWeb\NTAK_DDQS\Exec\Manager\FileStore\JVP-LST.doc" 轉換至 "D:\NTAKWeb\NTAK_DDQS\Exec\ConvertArea\JVP-LST.doc.txt" 時發生錯誤, 原因: Variant does not reference an automation object
[20141028-153546 WordFileConvertSrv.exe] ERR> 轉檔作業失敗. 從 "D:\NTAKWeb\NTAK_DDQS\Exec\Manager\FileStore\NE0402400815邱翠蓮99罰鍰-未據實申報扣繳憑單20%-維持.doc" 轉換至 "D:\NTAKWeb\NTAK_DDQS\Exec\ConvertArea\NE0402400815邱翠蓮99罰鍰-未據實申報扣繳憑單20%-維持.doc.txt" 時發生錯誤, 原因: Variant does not reference an automation object
[20141028-153546 WordFileConvertSrv.exe] ERR> 轉檔作業失敗. 從 "D:\NTAKWeb\NTAK_DDQS\Exec\Manager\FileStore\NE0403100144章一民101年復查決定書-稿.doc" 轉換至 "D:\NTAKWeb\NTAK_DDQS\Exec\ConvertArea\NE0403100144章一民101年復查決定書-稿.doc.txt" 時發生錯誤, 原因: Variant does not reference an automation object
[20141028-153546 WordFileConvertSrv.exe] ERR> 轉檔作業失敗. 從 "D:\NTAKWeb\NTAK_DDQS\Exec\Manager\FileStore\NE8302100123莊全勝100免稅額-追減-核定.doc" 轉換至 "D:\NTAKWeb\NTAK_DDQS\Exec\ConvertArea\NE8302100123莊全勝100免稅額-追減-核定.doc.txt" 時發生錯誤, 原因: Variant does not reference an automation object
[20141028-153546 WordFileConvertSrv.exe] ERR> 轉檔作業失敗. 從 "D:\NTAKWeb\NTAK_DDQS\Exec\Manager\FileStore\NE8302400498潘&#21843;銘100罰鍰-委託他人代為申報-維持.doc" 轉換至 "D:\NTAKWeb\NTAK_DDQS\Exec\ConvertArea\NE8302400498潘&#21843;銘100罰鍰-委託他人代為申報-維持.doc.txt" 時發生錯誤, 原因: Variant does not reference an automation object
[20141028-153546 WordFileConvertSrv.exe] ERR> 轉檔作業失敗. 從 "D:\NTAKWeb\NTAK_DDQS\Exec\Manager\FileStore\何海鷗101虛列免稅額決定書(本+罰)正本.doc" 轉換至 "D:\NTAKWeb\NTAK_DDQS\Exec\ConvertArea\何海鷗101虛列免稅額決定書(本+罰)正本.doc.txt" 時發生錯誤, 原因: Variant does not reference an automation object
[20141028-153546 WordFileConvertSrv.exe] ERR> 轉檔作業失敗. 從 "D:\NTAKWeb\NTAK_DDQS\Exec\Manager\FileStore\佳勝營造(第09903392號)-94年度.doc" 轉換至 "D:\NTAKWeb\NTAK_DDQS\Exec\ConvertArea\佳勝營造(第09903392號)-94年度.doc.txt" 時發生錯誤, 原因: Variant does not reference an automation object
[20141028-153546 WordFileConvertSrv.exe] ERR> 轉檔作業失敗. 從 "D:\NTAKWeb\NTAK_DDQS\Exec\Manager\FileStore\北方之星(第09800030號)-89年度.doc" 轉換至 "D:\NTAKWeb\NTAK_DDQS\Exec\ConvertArea\北方之星(第09800030號)-89年度.doc.txt" 時發生錯誤, 原因: Variant does not reference an automation object
[20141028-153546 WordFileConvertSrv.exe] ERR> 轉檔作業失敗. 從 "D:\NTAKWeb\NTAK_DDQS\Exec\Manager\FileStore\呂冠霖(第09704361~09704365號)-91~95年度.doc" 轉換至 "D:\NTAKWeb\NTAK_DDQS\Exec\ConvertArea\呂冠霖(第09704361~09704365號)-91~95年度.doc.txt" 時發生錯誤, 原因: Variant does not reference an automation object
[20141028-153546 WordFileConvertSrv.exe] ERR> 轉檔作業失敗. 從 "D:\NTAKWeb\NTAK_DDQS\Exec\Manager\FileStore\周王金珍(第09800157號)-94年度.doc" 轉換至 "D:\NTAKWeb\NTAK_DDQS\Exec\ConvertArea\周王金珍(第09800157號)-94年度.doc.txt" 時發生錯誤, 原因: Variant does not reference an automation object
[20141028-153546 WordFileConvertSrv.exe] ERR> 轉檔作業失敗. 從 "D:\NTAKWeb\NTAK_DDQS\Exec\Manager\FileStore\廖東建(第10001282號)-98年度.doc" 轉換至 "D:\NTAKWeb\NTAK_DDQS\Exec\ConvertArea\廖東建(第10001282號)-98年度.doc.txt" 時發生錯誤, 原因: Variant does not reference an automation object
[20141028-153546 WordFileConvertSrv.exe] ERR> 轉檔作業失敗. 從 "D:\NTAKWeb\NTAK_DDQS\Exec\Manager\FileStore\廣建95營所稅決定書(虛銷8%).doc" 轉換至 "D:\NTAKWeb\NTAK_DDQS\Exec\ConvertArea\廣建95營所稅決定書(虛銷8%).doc.txt" 時發生錯誤, 原因: Variant does not reference an automation object
[20141028-153546 WordFileConvertSrv.exe] ERR> 轉檔作業失敗. 從 "D:\NTAKWeb\NTAK_DDQS\Exec\Manager\FileStore\彭宴祥(第09801703號)-96年度.doc" 轉換至 "D:\NTAKWeb\NTAK_DDQS\Exec\ConvertArea\彭宴祥(第09801703號)-96年度.doc.txt" 時發生錯誤, 原因: Variant does not reference an automation object
[20141028-153546 WordFileConvertSrv.exe] ERR> 轉檔作業失敗. 從 "D:\NTAKWeb\NTAK_DDQS\Exec\Manager\FileStore\復查決定-函洪俊良93信託營利所得-實質課稅-核課期間.doc" 轉換至 "D:\NTAKWeb\NTAK_DDQS\Exec\ConvertArea\復查決定-函洪俊良93信託營利所得-實質課稅-核課期間.doc.txt" 時發生錯誤, 原因: Variant does not reference an automation object
[20141028-153546 WordFileConvertSrv.exe] ERR> 轉檔作業失敗. 從 "D:\NTAKWeb\NTAK_DDQS\Exec\Manager\FileStore\日月光電子100年度營所稅復查決定書.doc" 轉換至 "D:\NTAKWeb\NTAK_DDQS\Exec\ConvertArea\日月光電子100年度營所稅復查決定書.doc.txt" 時發生錯誤, 原因: Variant does not reference an automation object
[20141028-153546 WordFileConvertSrv.exe] ERR> 轉檔作業失敗. 從 "D:\NTAKWeb\NTAK_DDQS\Exec\Manager\FileStore\李淑&#32137;決定書.doc" 轉換至 "D:\NTAKWeb\NTAK_DDQS\Exec\ConvertArea\李淑&#32137;決定書.doc.txt" 時發生錯誤, 原因: Variant does not reference an automation object
[20141028-153546 WordFileConvertSrv.exe] ERR> 轉檔作業失敗. 從 "D:\NTAKWeb\NTAK_DDQS\Exec\Manager\FileStore\李清 復查決定書.doc.doc" 轉換至 "D:\NTAKWeb\NTAK_DDQS\Exec\ConvertArea\李清 復查決定書.doc.doc.txt" 時發生錯誤, 原因: Variant does not reference an automation object
[20141028-153546 WordFileConvertSrv.exe] ERR> 轉檔作業失敗. 從 "D:\NTAKWeb\NTAK_DDQS\Exec\Manager\FileStore\李清&#23791;復查決定書.doc" 轉換至 "D:\NTAKWeb\NTAK_DDQS\Exec\ConvertArea\李清&#23791;復查決定書.doc.txt" 時發生錯誤, 原因: Variant does not reference an automation object
[20141028-153546 WordFileConvertSrv.exe] ERR> 轉檔作業失敗. 從 "D:\NTAKWeb\NTAK_DDQS\Exec\Manager\FileStore\林&#37979;宏決定書.doc" 轉換至 "D:\NTAKWeb\NTAK_DDQS\Exec\ConvertArea\林&#37979;宏決定書.doc.txt" 時發生錯誤, 原因: Variant does not reference an automation object
[20141028-153546 WordFileConvertSrv.exe] ERR> 轉檔作業失敗. 從 "D:\NTAKWeb\NTAK_DDQS\Exec\Manager\FileStore\林奇峰95年度復查報告確定版.doc" 轉換至 "D:\NTAKWeb\NTAK_DDQS\Exec\ConvertArea\林奇峰95年度復查報告確定版.doc.txt" 時發生錯誤, 原因: Variant does not reference an automation object
[20141028-153546 WordFileConvertSrv.exe] ERR> 轉檔作業失敗. 從 "D:\NTAKWeb\NTAK_DDQS\Exec\Manager\FileStore\林宜靜(第09903210號)-94~96年度.doc" 轉換至 "D:\NTAKWeb\NTAK_DDQS\Exec\ConvertArea\林宜靜(第09903210號)-94~96年度.doc.txt" 時發生錯誤, 原因: Variant does not reference an automation object
[20141028-153546 WordFileConvertSrv.exe] ERR> 轉檔作業失敗. 從 "D:\NTAKWeb\NTAK_DDQS\Exec\Manager\FileStore\林茂雄98年度綜合所得稅正本.doc" 轉換至 "D:\NTAKWeb\NTAK_DDQS\Exec\ConvertArea\林茂雄98年度綜合所得稅正本.doc.txt" 時發生錯誤, 原因: Variant does not reference an automation object
[20141028-153546 WordFileConvertSrv.exe] ERR> 轉檔作業失敗. 從 "D:\NTAKWeb\NTAK_DDQS\Exec\Manager\FileStore\林麗俐(第10002578號)-93年度.doc" 轉換至 "D:\NTAKWeb\NTAK_DDQS\Exec\ConvertArea\林麗俐(第10002578號)-93年度.doc.txt" 時發生錯誤, 原因: Variant does not reference an automation object
[20141028-153546 WordFileConvertSrv.exe] ERR> 轉檔作業失敗. 從 "D:\NTAKWeb\NTAK_DDQS\Exec\Manager\FileStore\楊肅泰(第09804135號)-96年度.doc" 轉換至 "D:\NTAKWeb\NTAK_DDQS\Exec\ConvertArea\楊肅泰(第09804135號)-96年度.doc.txt" 時發生錯誤, 原因: Variant does not reference an automation object
[20141028-153546 WordFileConvertSrv.exe] ERR> 轉檔作業失敗. 從 "D:\NTAKWeb\NTAK_DDQS\Exec\Manager\FileStore\歐陽建華(第09902018號)-88年度.doc" 轉換至 "D:\NTAKWeb\NTAK_DDQS\Exec\ConvertArea\歐陽建華(第09902018號)-88年度.doc.txt" 時發生錯誤, 原因: Variant does not reference an automation object
[20141028-153546 WordFileConvertSrv.exe] ERR> 轉檔作業失敗. 從 "D:\NTAKWeb\NTAK_DDQS\Exec\Manager\FileStore\武穎決~1.DOC" 轉換至 "D:\NTAKWeb\NTAK_DDQS\Exec\ConvertArea\武穎決~1.DOC.txt" 時發生錯誤, 原因: Variant does not reference an automation object
[20141028-153546 WordFileConvertSrv.exe] ERR> 轉檔作業失敗. 從 "D:\NTAKWeb\NTAK_DDQS\Exec\Manager\FileStore\潘&#21843;銘100罰鍰-委託他人代為申報-維持.doc" 轉換至 "D:\NTAKWeb\NTAK_DDQS\Exec\ConvertArea\潘&#21843;銘100罰鍰-委託他人代為申報-維持.doc.txt" 時發生錯誤, 原因: Variant does not reference an automation object
[20141028-153546 WordFileConvertSrv.exe] ERR> 轉檔作業失敗. 從 "D:\NTAKWeb\NTAK_DDQS\Exec\Manager\FileStore\王&#28702;苡101年特銷稅罰鍰決定書-函.docx" 轉換至 "D:\NTAKWeb\NTAK_DDQS\Exec\ConvertArea\王&#28702;苡101年特銷稅罰鍰決定書-函.docx.txt" 時發生錯誤, 原因: Variant does not reference an automation object
[20141028-153546 WordFileConvertSrv.exe] ERR> 轉檔作業失敗. 從 "D:\NTAKWeb\NTAK_DDQS\Exec\Manager\FileStore\白美香(第09803188號)-96年度.doc" 轉換至 "D:\NTAKWeb\NTAK_DDQS\Exec\ConvertArea\白美香(第09803188號)-96年度.doc.txt" 時發生錯誤, 原因: Variant does not reference an automation object
[20141028-153546 WordFileConvertSrv.exe] ERR> 轉檔作業失敗. 從 "D:\NTAKWeb\NTAK_DDQS\Exec\Manager\FileStore\蘇宏典(第10001702號)-95年度.doc" 轉換至 "D:\NTAKWeb\NTAK_DDQS\Exec\ConvertArea\蘇宏典(第10001702號)-95年度.doc.txt" 時發生錯誤, 原因: Variant does not reference an automation object
[20141028-153546 WordFileConvertSrv.exe] ERR> 轉檔作業失敗. 從 "D:\NTAKWeb\NTAK_DDQS\Exec\Manager\FileStore\達旺廣告(第09803394號)-95年度.doc" 轉換至 "D:\NTAKWeb\NTAK_DDQS\Exec\ConvertArea\達旺廣告(第09803394號)-95年度.doc.txt" 時發生錯誤, 原因: Variant does not reference an automation object
[20141028-153546 WordFileConvertSrv.exe] ERR> 轉檔作業失敗. 從 "D:\NTAKWeb\NTAK_DDQS\Exec\Manager\FileStore\鍇億國際95營所稅決定書(虛銷8%).doc" 轉換至 "D:\NTAKWeb\NTAK_DDQS\Exec\ConvertArea\鍇億國際95營所稅決定書(虛銷8%).doc.txt" 時發生錯誤, 原因: Variant does not reference an automation object
[20141028-153546 WordFileConvertSrv.exe] ERR> 轉檔作業失敗. 從 "D:\NTAKWeb\NTAK_DDQS\Exec\Manager\FileStore\鍇億國際95營所稅決定書虛銷8%.doc" 轉換至 "D:\NTAKWeb\NTAK_DDQS\Exec\ConvertArea\鍇億國際95營所稅決定書虛銷8%.doc.txt" 時發生錯誤, 原因: Variant does not reference an automation object
[20141028-153546 WordFileConvertSrv.exe] ERR> 轉檔作業失敗. 從 "D:\NTAKWeb\NTAK_DDQS\Exec\Manager\FileStore\陳麗文(第09801332號)-96年度.doc" 轉換至 "D:\NTAKWeb\NTAK_DDQS\Exec\ConvertArea\陳麗文(第09801332號)-96年度.doc.txt" 時發生錯誤, 原因: Variant does not reference an automation object
[20141028-153546 WordFileConvertSrv.exe] ERR> 轉檔作業失敗. 從 "D:\NTAKWeb\NTAK_DDQS\Exec\Manager\FileStore\黃&#28702;瑢復查決定書-海外所得.doc" 轉換至 "D:\NTAKWeb\NTAK_DDQS\Exec\ConvertArea\黃&#28702;瑢復查決定書-海外所得.doc.txt" 時發生錯誤, 原因: Variant does not reference an automation object
[20141028-153546 WordFileConvertSrv.exe] ERR> 轉檔作業失敗. 從 "D:\NTAKWeb\NTAK_DDQS\Exec\Manager\FileStore\黃鳳珠(第09703642號)-95年度.doc" 轉換至 "D:\NTAKWeb\NTAK_DDQS\Exec\ConvertArea\黃鳳珠(第09703642號)-95年度.doc.txt" 時發生錯誤, 原因: Variant does not reference an automation object
[20141028-153546 WordFileConvertSrv.exe] ERR> 轉檔作業失敗. 從 "D:\NTAKWeb\NTAK_DDQS\Exec\Manager\FileStore\&#40644;武穎決定書.doc" 轉換至 "D:\NTAKWeb\NTAK_DDQS\Exec\ConvertArea\&#40644;武穎決定書.doc.txt" 時發生錯誤, 原因: Variant does not reference an automation object
[20141028-153546 WordFileConvertSrv.exe] ERR> 轉檔作業失敗. 從 "D:\NTAKWeb\NTAK_DDQS\Exec\Manager\FileStore\09700128300.doc" 轉換至 "D:\NTAKWeb\NTAK_DDQS\Exec\ConvertArea\09700128300.doc.txt" 時發生錯誤, 原因: Variant does not reference an automation object
[20141028-153546 WordFileConvertSrv.exe] ERR> 轉檔作業失敗. 從 "D:\NTAKWeb\NTAK_DDQS\Exec\Manager\FileStore\09700398060.doc" 轉換至 "D:\NTAKWeb\NTAK_DDQS\Exec\ConvertArea\09700398060.doc.txt" 時發生錯誤, 原因: Variant does not reference an automation object
[20141028-153546 WordFileConvertSrv.exe] ERR> 轉檔作業失敗. 從 "D:\NTAKWeb\NTAK_DDQS\Exec\Manager\FileStore\1-1020924洪瑞&#23791;君96年度復查決定書-函.doc" 轉換至 "D:\NTAKWeb\NTAK_DDQS\Exec\ConvertArea\1-1020924洪瑞&#23791;君96年度復查決定書-函.doc.txt" 時發生錯誤, 原因: Variant does not reference an automation object
[20141028-153546 WordFileConvertSrv.exe] ERR> 轉檔作業失敗. 從 "D:\NTAKWeb\NTAK_DDQS\Exec\Manager\FileStore\100-2-21鍾泰營造有限公司營業稅罰鍰(復查決定書-重繕(發文).doc" 轉換至 "D:\NTAKWeb\NTAK_DDQS\Exec\ConvertArea\100-2-21鍾泰營造有限公司營業稅罰鍰(復查決定書-重繕(發文).doc.txt" 時發生錯誤, 原因: Variant does not reference an automation object
[20141028-153546 WordFileConvertSrv.exe] ERR> 轉檔作業失敗. 從 "D:\NTAKWeb\NTAK_DDQS\Exec\Manager\FileStore\100年度判字第1949號.doc" 轉換至 "D:\NTAKWeb\NTAK_DDQS\Exec\ConvertArea\100年度判字第1949號.doc.txt" 時發生錯誤, 原因: Variant does not reference an automation object
[20141028-153546 WordFileConvertSrv.exe] ERR> 轉檔作業失敗. 從 "D:\NTAKWeb\NTAK_DDQS\Exec\Manager\FileStore\100年度復查決定書稿發文.doc" 轉換至 "D:\NTAKWeb\NTAK_DDQS\Exec\ConvertArea\100年度復查決定書稿發文.doc.txt" 時發生錯誤, 原因: Variant does not reference an automation object
[20141028-153546 WordFileConvertSrv.exe] ERR> 轉檔作業失敗. 從 "D:\NTAKWeb\NTAK_DDQS\Exec\Manager\FileStore\100年度訴字第444號.doc" 轉換至 "D:\NTAKWeb\NTAK_DDQS\Exec\ConvertArea\100年度訴字第444號.doc.txt" 時發生錯誤, 原因: Variant does not reference an automation object
[20141028-153546 WordFileConvertSrv.exe] ERR> 轉檔作業失敗. 從 "D:\NTAKWeb\NTAK_DDQS\Exec\Manager\FileStore\102.4.29-陳&#28913;泰(陳吳芬釵)100年度綜所稅復查決定書.doc" 轉換至 "D:\NTAKWeb\NTAK_DDQS\Exec\ConvertArea\102.4.29-陳&#28913;泰(陳吳芬釵)100年度綜所稅復查決定書.doc.txt" 時發生錯誤, 原因: Variant does not reference an automation object
[20141028-153546 WordFileConvertSrv.exe] ERR> 轉檔作業失敗. 從 "D:\NTAKWeb\NTAK_DDQS\Exec\Manager\FileStore\10201614.doc" 轉換至 "D:\NTAKWeb\NTAK_DDQS\Exec\ConvertArea\10201614.doc.txt" 時發生錯誤, 原因: Variant does not reference an automation object
[20141028-153546 WordFileConvertSrv.exe] ERR> 轉檔作業失敗. 從 "D:\NTAKWeb\NTAK_DDQS\Exec\Manager\FileStore\1020716張孟信99年度綜所稅復查決定書(復查會決議修正).doc" 轉換至 "D:\NTAKWeb\NTAK_DDQS\Exec\ConvertArea\1020716張孟信99年度綜所稅復查決定書(復查會決議修正).doc.txt" 時發生錯誤, 原因: Variant does not reference an automation object
[20141028-153546 WordFileConvertSrv.exe] ERR> 轉檔作業失敗. 從 "D:\NTAKWeb\NTAK_DDQS\Exec\Manager\FileStore\1021030黃振銘君99年度綜所稅復查決定書.doc" 轉換至 "D:\NTAKWeb\NTAK_DDQS\Exec\ConvertArea\1021030黃振銘君99年度綜所稅復查決定書.doc.txt" 時發生錯誤, 原因: Variant does not reference an automation object
[20141028-153546 WordFileConvertSrv.exe] ERR> 轉檔作業失敗. 從 "D:\NTAKWeb\NTAK_DDQS\Exec\Manager\FileStore\103.06.23發文-黃小芳101年綜所稅決定書稿.doc" 轉換至 "D:\NTAKWeb\NTAK_DDQS\Exec\ConvertArea\103.06.23發文-黃小芳101年綜所稅決定書稿.doc.txt" 時發生錯誤, 原因: Variant does not reference an automation object
[20141028-153546 WordFileConvertSrv.exe] ERR> 轉檔作業失敗. 從 "D:\NTAKWeb\NTAK_DDQS\Exec\Manager\FileStore\103.4.25發文-陳振昌100年綜所稅決定書(罰鍰).doc" 轉換至 "D:\NTAKWeb\NTAK_DDQS\Exec\ConvertArea\103.4.25發文-陳振昌100年綜所稅決定書(罰鍰).doc.txt" 時發生錯誤, 原因: Variant does not reference an automation object
[20141028-153546 WordFileConvertSrv.exe] ERR> 轉檔作業失敗. 從 "D:\NTAKWeb\NTAK_DDQS\Exec\Manager\FileStore\10300120.doc" 轉換至 "D:\NTAKWeb\NTAK_DDQS\Exec\ConvertArea\10300120.doc.txt" 時發生錯誤, 原因: Variant does not reference an automation object
[20141028-153546 WordFileConvertSrv.exe] ERR> 轉檔作業失敗. 從 "D:\NTAKWeb\NTAK_DDQS\Exec\Manager\FileStore\1030912江昌101營所稅(漏報其他收入) 罰鍰復查決定書(發文).doc" 轉換至 "D:\NTAKWeb\NTAK_DDQS\Exec\ConvertArea\1030912江昌101營所稅(漏報其他收入) 罰鍰復查決定書(發文).doc.txt" 時發生錯誤, 原因: Variant does not reference an automation object
[20141028-153546 WordFileConvertSrv.exe] ERR> 轉檔作業失敗. 從 "D:\NTAKWeb\NTAK_DDQS\Exec\Manager\FileStore\95年度訴字第160號(2).doc" 轉換至 "D:\NTAKWeb\NTAK_DDQS\Exec\ConvertArea\95年度訴字第160號(2).doc.txt" 時發生錯誤, 原因: Variant does not reference an automation object
[20141028-153546 WordFileConvertSrv.exe] ERR> 轉檔作業失敗. 從 "D:\NTAKWeb\NTAK_DDQS\Exec\Manager\FileStore\98年度再字第37號.doc" 轉換至 "D:\NTAKWeb\NTAK_DDQS\Exec\ConvertArea\98年度再字第37號.doc.txt" 時發生錯誤, 原因: Variant does not reference an automation object
[20141028-153546 WordFileConvertSrv.exe] ERR> 轉檔作業失敗. 從 "D:\NTAKWeb\NTAK_DDQS\Exec\Manager\FileStore\98年度簡再字第13號(2).doc" 轉換至 "D:\NTAKWeb\NTAK_DDQS\Exec\ConvertArea\98年度簡再字第13號(2).doc.txt" 時發生錯誤, 原因: Variant does not reference an automation object
[20141028-153546 WordFileConvertSrv.exe] ERR> 轉檔作業失敗. 從 "D:\NTAKWeb\NTAK_DDQS\Exec\Manager\FileStore\99年度簡再字第9號.doc" 轉換至 "D:\NTAKWeb\NTAK_DDQS\Exec\ConvertArea\99年度簡再字第9號.doc.txt" 時發生錯誤, 原因: Variant does not reference an automation object
[20141028-153546 WordFileConvertSrv.exe] ERR> 轉檔作業失敗. 從 "D:\NTAKWeb\NTAK_DDQS\Exec\Manager\FileStore\IE8302100730陳景生101本稅-短報5%－更正後.doc" 轉換至 "D:\NTAKWeb\NTAK_DDQS\Exec\ConvertArea\IE8302100730陳景生101本稅-短報5%－更正後.doc.txt" 時發生錯誤, 原因: Variant does not reference an automation object
[20141028-153546 WordFileConvertSrv.exe] ERR> 轉檔作業失敗. 從 "D:\NTAKWeb\NTAK_DDQS\Exec\Manager\FileStore\JVP-LST.doc" 轉換至 "D:\NTAKWeb\NTAK_DDQS\Exec\ConvertArea\JVP-LST.doc.txt" 時發生錯誤, 原因: Variant does not reference an automation object
[20141028-153546 WordFileConvertSrv.exe] ERR> 轉檔作業失敗. 從 "D:\NTAKWeb\NTAK_DDQS\Exec\Manager\FileStore\NE0402400815邱翠蓮99罰鍰-未據實申報扣繳憑單20%-維持.doc" 轉換至 "D:\NTAKWeb\NTAK_DDQS\Exec\ConvertArea\NE0402400815邱翠蓮99罰鍰-未據實申報扣繳憑單20%-維持.doc.txt" 時發生錯誤, 原因: Variant does not reference an automation object
[20141028-153546 WordFileConvertSrv.exe] ERR> 轉檔作業失敗. 從 "D:\NTAKWeb\NTAK_DDQS\Exec\Manager\FileStore\NE0403100144章一民101年復查決定書-稿.doc" 轉換至 "D:\NTAKWeb\NTAK_DDQS\Exec\ConvertArea\NE0403100144章一民101年復查決定書-稿.doc.txt" 時發生錯誤, 原因: Variant does not reference an automation object
[20141028-153546 WordFileConvertSrv.exe] ERR> 轉檔作業失敗. 從 "D:\NTAKWeb\NTAK_DDQS\Exec\Manager\FileStore\NE8302100123莊全勝100免稅額-追減-核定.doc" 轉換至 "D:\NTAKWeb\NTAK_DDQS\Exec\ConvertArea\NE8302100123莊全勝100免稅額-追減-核定.doc.txt" 時發生錯誤, 原因: Variant does not reference an automation object
[20141028-153546 WordFileConvertSrv.exe] ERR> 轉檔作業失敗. 從 "D:\NTAKWeb\NTAK_DDQS\Exec\Manager\FileStore\NE8302400498潘&#21843;銘100罰鍰-委託他人代為申報-維持.doc" 轉換至 "D:\NTAKWeb\NTAK_DDQS\Exec\ConvertArea\NE8302400498潘&#21843;銘100罰鍰-委託他人代為申報-維持.doc.txt" 時發生錯誤, 原因: Variant does not reference an automation object
[20141028-153546 WordFileConvertSrv.exe] ERR> 轉檔作業失敗. 從 "D:\NTAKWeb\NTAK_DDQS\Exec\Manager\FileStore\何海鷗101虛列免稅額決定書(本+罰)正本.doc" 轉換至 "D:\NTAKWeb\NTAK_DDQS\Exec\ConvertArea\何海鷗101虛列免稅額決定書(本+罰)正本.doc.txt" 時發生錯誤, 原因: Variant does not reference an automation object
[20141028-153546 WordFileConvertSrv.exe] ERR> 轉檔作業失敗. 從 "D:\NTAKWeb\NTAK_DDQS\Exec\Manager\FileStore\佳勝營造(第09903392號)-94年度.doc" 轉換至 "D:\NTAKWeb\NTAK_DDQS\Exec\ConvertArea\佳勝營造(第09903392號)-94年度.doc.txt" 時發生錯誤, 原因: Variant does not reference an automation object
[20141028-153546 WordFileConvertSrv.exe] ERR> 轉檔作業失敗. 從 "D:\NTAKWeb\NTAK_DDQS\Exec\Manager\FileStore\北方之星(第09800030號)-89年度.doc" 轉換至 "D:\NTAKWeb\NTAK_DDQS\Exec\ConvertArea\北方之星(第09800030號)-89年度.doc.txt" 時發生錯誤, 原因: Variant does not reference an automation object
[20141028-153546 WordFileConvertSrv.exe] ERR> 轉檔作業失敗. 從 "D:\NTAKWeb\NTAK_DDQS\Exec\Manager\FileStore\呂冠霖(第09704361~09704365號)-91~95年度.doc" 轉換至 "D:\NTAKWeb\NTAK_DDQS\Exec\ConvertArea\呂冠霖(第09704361~09704365號)-91~95年度.doc.txt" 時發生錯誤, 原因: Variant does not reference an automation object
[20141028-153546 WordFileConvertSrv.exe] ERR> 轉檔作業失敗. 從 "D:\NTAKWeb\NTAK_DDQS\Exec\Manager\FileStore\周王金珍(第09800157號)-94年度.doc" 轉換至 "D:\NTAKWeb\NTAK_DDQS\Exec\ConvertArea\周王金珍(第09800157號)-94年度.doc.txt" 時發生錯誤, 原因: Variant does not reference an automation object
[20141028-153546 WordFileConvertSrv.exe] ERR> 轉檔作業失敗. 從 "D:\NTAKWeb\NTAK_DDQS\Exec\Manager\FileStore\廖東建(第10001282號)-98年度.doc" 轉換至 "D:\NTAKWeb\NTAK_DDQS\Exec\ConvertArea\廖東建(第10001282號)-98年度.doc.txt" 時發生錯誤, 原因: Variant does not reference an automation object
[20141028-153546 WordFileConvertSrv.exe] ERR> 轉檔作業失敗. 從 "D:\NTAKWeb\NTAK_DDQS\Exec\Manager\FileStore\廣建95營所稅決定書(虛銷8%).doc" 轉換至 "D:\NTAKWeb\NTAK_DDQS\Exec\ConvertArea\廣建95營所稅決定書(虛銷8%).doc.txt" 時發生錯誤, 原因: Variant does not reference an automation object
[20141028-153546 WordFileConvertSrv.exe] ERR> 轉檔作業失敗. 從 "D:\NTAKWeb\NTAK_DDQS\Exec\Manager\FileStore\彭宴祥(第09801703號)-96年度.doc" 轉換至 "D:\NTAKWeb\NTAK_DDQS\Exec\ConvertArea\彭宴祥(第09801703號)-96年度.doc.txt" 時發生錯誤, 原因: Variant does not reference an automation object
[20141028-153546 WordFileConvertSrv.exe] ERR> 轉檔作業失敗. 從 "D:\NTAKWeb\NTAK_DDQS\Exec\Manager\FileStore\復查決定-函洪俊良93信託營利所得-實質課稅-核課期間.doc" 轉換至 "D:\NTAKWeb\NTAK_DDQS\Exec\ConvertArea\復查決定-函洪俊良93信託營利所得-實質課稅-核課期間.doc.txt" 時發生錯誤, 原因: Variant does not reference an automation object
[20141028-153546 WordFileConvertSrv.exe] ERR> 轉檔作業失敗. 從 "D:\NTAKWeb\NTAK_DDQS\Exec\Manager\FileStore\日月光電子100年度營所稅復查決定書.doc" 轉換至 "D:\NTAKWeb\NTAK_DDQS\Exec\ConvertArea\日月光電子100年度營所稅復查決定書.doc.txt" 時發生錯誤, 原因: Variant does not reference an automation object
[20141028-153546 WordFileConvertSrv.exe] ERR> 轉檔作業失敗. 從 "D:\NTAKWeb\NTAK_DDQS\Exec\Manager\FileStore\李淑&#32137;決定書.doc" 轉換至 "D:\NTAKWeb\NTAK_DDQS\Exec\ConvertArea\李淑&#32137;決定書.doc.txt" 時發生錯誤, 原因: Variant does not reference an automation object
[20141028-153546 WordFileConvertSrv.exe] ERR> 轉檔作業失敗. 從 "D:\NTAKWeb\NTAK_DDQS\Exec\Manager\FileStore\李清 復查決定書.doc.doc" 轉換至 "D:\NTAKWeb\NTAK_DDQS\Exec\ConvertArea\李清 復查決定書.doc.doc.txt" 時發生錯誤, 原因: Variant does not reference an automation object
[20141028-153546 WordFileConvertSrv.exe] ERR> 轉檔作業失敗. 從 "D:\NTAKWeb\NTAK_DDQS\Exec\Manager\FileStore\李清&#23791;復查決定書.doc" 轉換至 "D:\NTAKWeb\NTAK_DDQS\Exec\ConvertArea\李清&#23791;復查決定書.doc.txt" 時發生錯誤, 原因: Variant does not reference an automation object
[20141028-153546 WordFileConvertSrv.exe] ERR> 轉檔作業失敗. 從 "D:\NTAKWeb\NTAK_DDQS\Exec\Manager\FileStore\林&#37979;宏決定書.doc" 轉換至 "D:\NTAKWeb\NTAK_DDQS\Exec\ConvertArea\林&#37979;宏決定書.doc.txt" 時發生錯誤, 原因: Variant does not reference an automation object
[20141028-153546 WordFileConvertSrv.exe] ERR> 轉檔作業失敗. 從 "D:\NTAKWeb\NTAK_DDQS\Exec\Manager\FileStore\林奇峰95年度復查報告確定版.doc" 轉換至 "D:\NTAKWeb\NTAK_DDQS\Exec\ConvertArea\林奇峰95年度復查報告確定版.doc.txt" 時發生錯誤, 原因: Variant does not reference an automation object
[20141028-153546 WordFileConvertSrv.exe] ERR> 轉檔作業失敗. 從 "D:\NTAKWeb\NTAK_DDQS\Exec\Manager\FileStore\林宜靜(第09903210號)-94~96年度.doc" 轉換至 "D:\NTAKWeb\NTAK_DDQS\Exec\ConvertArea\林宜靜(第09903210號)-94~96年度.doc.txt" 時發生錯誤, 原因: Variant does not reference an automation object
[20141028-153546 WordFileConvertSrv.exe] ERR> 轉檔作業失敗. 從 "D:\NTAKWeb\NTAK_DDQS\Exec\Manager\FileStore\林茂雄98年度綜合所得稅正本.doc" 轉換至 "D:\NTAKWeb\NTAK_DDQS\Exec\ConvertArea\林茂雄98年度綜合所得稅正本.doc.txt" 時發生錯誤, 原因: Variant does not reference an automation object
[20141028-153546 WordFileConvertSrv.exe] ERR> 轉檔作業失敗. 從 "D:\NTAKWeb\NTAK_DDQS\Exec\Manager\FileStore\林麗俐(第10002578號)-93年度.doc" 轉換至 "D:\NTAKWeb\NTAK_DDQS\Exec\ConvertArea\林麗俐(第10002578號)-93年度.doc.txt" 時發生錯誤, 原因: Variant does not reference an automation object
[20141028-153546 WordFileConvertSrv.exe] ERR> 轉檔作業失敗. 從 "D:\NTAKWeb\NTAK_DDQS\Exec\Manager\FileStore\楊肅泰(第09804135號)-96年度.doc" 轉換至 "D:\NTAKWeb\NTAK_DDQS\Exec\ConvertArea\楊肅泰(第09804135號)-96年度.doc.txt" 時發生錯誤, 原因: Variant does not reference an automation object
[20141028-153546 WordFileConvertSrv.exe] ERR> 轉檔作業失敗. 從 "D:\NTAKWeb\NTAK_DDQS\Exec\Manager\FileStore\歐陽建華(第09902018號)-88年度.doc" 轉換至 "D:\NTAKWeb\NTAK_DDQS\Exec\ConvertArea\歐陽建華(第09902018號)-88年度.doc.txt" 時發生錯誤, 原因: Variant does not reference an automation object
[20141028-153546 WordFileConvertSrv.exe] ERR> 轉檔作業失敗. 從 "D:\NTAKWeb\NTAK_DDQS\Exec\Manager\FileStore\武穎決~1.DOC" 轉換至 "D:\NTAKWeb\NTAK_DDQS\Exec\ConvertArea\武穎決~1.DOC.txt" 時發生錯誤, 原因: Variant does not reference an automation object
[20141028-153546 WordFileConvertSrv.exe] ERR> 轉檔作業失敗. 從 "D:\NTAKWeb\NTAK_DDQS\Exec\Manager\FileStore\潘&#21843;銘100罰鍰-委託他人代為申報-維持.doc" 轉換至 "D:\NTAKWeb\NTAK_DDQS\Exec\ConvertArea\潘&#21843;銘100罰鍰-委託他人代為申報-維持.doc.txt" 時發生錯誤, 原因: Variant does not reference an automation object
[20141028-153546 WordFileConvertSrv.exe] ERR> 轉檔作業失敗. 從 "D:\NTAKWeb\NTAK_DDQS\Exec\Manager\FileStore\王&#28702;苡101年特銷稅罰鍰決定書-函.docx" 轉換至 "D:\NTAKWeb\NTAK_DDQS\Exec\ConvertArea\王&#28702;苡101年特銷稅罰鍰決定書-函.docx.txt" 時發生錯誤, 原因: Variant does not reference an automation object
[20141028-153546 WordFileConvertSrv.exe] ERR> 轉檔作業失敗. 從 "D:\NTAKWeb\NTAK_DDQS\Exec\Manager\FileStore\白美香(第09803188號)-96年度.doc" 轉換至 "D:\NTAKWeb\NTAK_DDQS\Exec\ConvertArea\白美香(第09803188號)-96年度.doc.txt" 時發生錯誤, 原因: Variant does not reference an automation object
[20141028-153546 WordFileConvertSrv.exe] ERR> 轉檔作業失敗. 從 "D:\NTAKWeb\NTAK_DDQS\Exec\Manager\FileStore\蘇宏典(第10001702號)-95年度.doc" 轉換至 "D:\NTAKWeb\NTAK_DDQS\Exec\ConvertArea\蘇宏典(第10001702號)-95年度.doc.txt" 時發生錯誤, 原因: Variant does not reference an automation object
[20141028-153546 WordFileConvertSrv.exe] ERR> 轉檔作業失敗. 從 "D:\NTAKWeb\NTAK_DDQS\Exec\Manager\FileStore\達旺廣告(第09803394號)-95年度.doc" 轉換至 "D:\NTAKWeb\NTAK_DDQS\Exec\ConvertArea\達旺廣告(第09803394號)-95年度.doc.txt" 時發生錯誤, 原因: Variant does not reference an automation object
[20141028-153546 WordFileConvertSrv.exe] ERR> 轉檔作業失敗. 從 "D:\NTAKWeb\NTAK_DDQS\Exec\Manager\FileStore\鍇億國際95營所稅決定書(虛銷8%).doc" 轉換至 "D:\NTAKWeb\NTAK_DDQS\Exec\ConvertArea\鍇億國際95營所稅決定書(虛銷8%).doc.txt" 時發生錯誤, 原因: Variant does not reference an automation object
[20141028-153546 WordFileConvertSrv.exe] ERR> 轉檔作業失敗. 從 "D:\NTAKWeb\NTAK_DDQS\Exec\Manager\FileStore\鍇億國際95營所稅決定書虛銷8%.doc" 轉換至 "D:\NTAKWeb\NTAK_DDQS\Exec\ConvertArea\鍇億國際95營所稅決定書虛銷8%.doc.txt" 時發生錯誤, 原因: Variant does not reference an automation object
[20141028-153546 WordFileConvertSrv.exe] ERR> 轉檔作業失敗. 從 "D:\NTAKWeb\NTAK_DDQS\Exec\Manager\FileStore\陳麗文(第09801332號)-96年度.doc" 轉換至 "D:\NTAKWeb\NTAK_DDQS\Exec\ConvertArea\陳麗文(第09801332號)-96年度.doc.txt" 時發生錯誤, 原因: Variant does not reference an automation object
[20141028-153546 WordFileConvertSrv.exe] ERR> 轉檔作業失敗. 從 "D:\NTAKWeb\NTAK_DDQS\Exec\Manager\FileStore\黃&#28702;瑢復查決定書-海外所得.doc" 轉換至 "D:\NTAKWeb\NTAK_DDQS\Exec\ConvertArea\黃&#28702;瑢復查決定書-海外所得.doc.txt" 時發生錯誤, 原因: Variant does not reference an automation object
[20141028-153546 WordFileConvertSrv.exe] ERR> 轉檔作業失敗. 從 "D:\NTAKWeb\NTAK_DDQS\Exec\Manager\FileStore\黃鳳珠(第09703642號)-95年度.doc" 轉換至 "D:\NTAKWeb\NTAK_DDQS\Exec\ConvertArea\黃鳳珠(第09703642號)-95年度.doc.txt" 時發生錯誤, 原因: Variant does not reference an automation object
[20141028-153910 WordFileConvertSrv.exe] ERR> 轉檔作業失敗. 從 "D:\NTAKWeb\NTAK_DDQS\Exec\Manager\FileStore\&#40644;武穎決定書.doc" 轉換至 "D:\NTAKWeb\NTAK_DDQS\Exec\ConvertArea\&#40644;武穎決定書.doc.txt" 時發生錯誤, 原因: Variant does not reference an automation object
[20141028-153910 WordFileConvertSrv.exe] ERR> 轉檔作業失敗. 從 "D:\NTAKWeb\NTAK_DDQS\Exec\Manager\FileStore\09700128300.doc" 轉換至 "D:\NTAKWeb\NTAK_DDQS\Exec\ConvertArea\09700128300.doc.txt" 時發生錯誤, 原因: Variant does not reference an automation object
[20141028-153910 WordFileConvertSrv.exe] ERR> 轉檔作業失敗. 從 "D:\NTAKWeb\NTAK_DDQS\Exec\Manager\FileStore\09700398060.doc" 轉換至 "D:\NTAKWeb\NTAK_DDQS\Exec\ConvertArea\09700398060.doc.txt" 時發生錯誤, 原因: Variant does not reference an automation object
[20141028-153910 WordFileConvertSrv.exe] ERR> 轉檔作業失敗. 從 "D:\NTAKWeb\NTAK_DDQS\Exec\Manager\FileStore\1-1020924洪瑞&#23791;君96年度復查決定書-函.doc" 轉換至 "D:\NTAKWeb\NTAK_DDQS\Exec\ConvertArea\1-1020924洪瑞&#23791;君96年度復查決定書-函.doc.txt" 時發生錯誤, 原因: Variant does not reference an automation object
[20141028-153910 WordFileConvertSrv.exe] ERR> 轉檔作業失敗. 從 "D:\NTAKWeb\NTAK_DDQS\Exec\Manager\FileStore\100-2-21鍾泰營造有限公司營業稅罰鍰(復查決定書-重繕(發文).doc" 轉換至 "D:\NTAKWeb\NTAK_DDQS\Exec\ConvertArea\100-2-21鍾泰營造有限公司營業稅罰鍰(復查決定書-重繕(發文).doc.txt" 時發生錯誤, 原因: Variant does not reference an automation object
[20141028-153910 WordFileConvertSrv.exe] ERR> 轉檔作業失敗. 從 "D:\NTAKWeb\NTAK_DDQS\Exec\Manager\FileStore\100年度判字第1949號.doc" 轉換至 "D:\NTAKWeb\NTAK_DDQS\Exec\ConvertArea\100年度判字第1949號.doc.txt" 時發生錯誤, 原因: Variant does not reference an automation object
[20141028-153910 WordFileConvertSrv.exe] ERR> 轉檔作業失敗. 從 "D:\NTAKWeb\NTAK_DDQS\Exec\Manager\FileStore\100年度復查決定書稿發文.doc" 轉換至 "D:\NTAKWeb\NTAK_DDQS\Exec\ConvertArea\100年度復查決定書稿發文.doc.txt" 時發生錯誤, 原因: Variant does not reference an automation object
[20141028-153910 WordFileConvertSrv.exe] ERR> 轉檔作業失敗. 從 "D:\NTAKWeb\NTAK_DDQS\Exec\Manager\FileStore\100年度訴字第444號.doc" 轉換至 "D:\NTAKWeb\NTAK_DDQS\Exec\ConvertArea\100年度訴字第444號.doc.txt" 時發生錯誤, 原因: Variant does not reference an automation object
[20141028-153910 WordFileConvertSrv.exe] ERR> 轉檔作業失敗. 從 "D:\NTAKWeb\NTAK_DDQS\Exec\Manager\FileStore\102.4.29-陳&#28913;泰(陳吳芬釵)100年度綜所稅復查決定書.doc" 轉換至 "D:\NTAKWeb\NTAK_DDQS\Exec\ConvertArea\102.4.29-陳&#28913;泰(陳吳芬釵)100年度綜所稅復查決定書.doc.txt" 時發生錯誤, 原因: Variant does not reference an automation object
[20141028-153910 WordFileConvertSrv.exe] ERR> 轉檔作業失敗. 從 "D:\NTAKWeb\NTAK_DDQS\Exec\Manager\FileStore\10201614.doc" 轉換至 "D:\NTAKWeb\NTAK_DDQS\Exec\ConvertArea\10201614.doc.txt" 時發生錯誤, 原因: Variant does not reference an automation object
[20141028-153910 WordFileConvertSrv.exe] ERR> 轉檔作業失敗. 從 "D:\NTAKWeb\NTAK_DDQS\Exec\Manager\FileStore\1020716張孟信99年度綜所稅復查決定書(復查會決議修正).doc" 轉換至 "D:\NTAKWeb\NTAK_DDQS\Exec\ConvertArea\1020716張孟信99年度綜所稅復查決定書(復查會決議修正).doc.txt" 時發生錯誤, 原因: Variant does not reference an automation object
[20141028-153910 WordFileConvertSrv.exe] ERR> 轉檔作業失敗. 從 "D:\NTAKWeb\NTAK_DDQS\Exec\Manager\FileStore\1021030黃振銘君99年度綜所稅復查決定書.doc" 轉換至 "D:\NTAKWeb\NTAK_DDQS\Exec\ConvertArea\1021030黃振銘君99年度綜所稅復查決定書.doc.txt" 時發生錯誤, 原因: Variant does not reference an automation object
[20141028-153910 WordFileConvertSrv.exe] ERR> 轉檔作業失敗. 從 "D:\NTAKWeb\NTAK_DDQS\Exec\Manager\FileStore\103.06.23發文-黃小芳101年綜所稅決定書稿.doc" 轉換至 "D:\NTAKWeb\NTAK_DDQS\Exec\ConvertArea\103.06.23發文-黃小芳101年綜所稅決定書稿.doc.txt" 時發生錯誤, 原因: Variant does not reference an automation object
[20141028-153910 WordFileConvertSrv.exe] ERR> 轉檔作業失敗. 從 "D:\NTAKWeb\NTAK_DDQS\Exec\Manager\FileStore\103.4.25發文-陳振昌100年綜所稅決定書(罰鍰).doc" 轉換至 "D:\NTAKWeb\NTAK_DDQS\Exec\ConvertArea\103.4.25發文-陳振昌100年綜所稅決定書(罰鍰).doc.txt" 時發生錯誤, 原因: Variant does not reference an automation object
[20141028-153910 WordFileConvertSrv.exe] ERR> 轉檔作業失敗. 從 "D:\NTAKWeb\NTAK_DDQS\Exec\Manager\FileStore\10300120.doc" 轉換至 "D:\NTAKWeb\NTAK_DDQS\Exec\ConvertArea\10300120.doc.txt" 時發生錯誤, 原因: Variant does not reference an automation object
[20141028-153910 WordFileConvertSrv.exe] ERR> 轉檔作業失敗. 從 "D:\NTAKWeb\NTAK_DDQS\Exec\Manager\FileStore\1030912江昌101營所稅(漏報其他收入) 罰鍰復查決定書(發文).doc" 轉換至 "D:\NTAKWeb\NTAK_DDQS\Exec\ConvertArea\1030912江昌101營所稅(漏報其他收入) 罰鍰復查決定書(發文).doc.txt" 時發生錯誤, 原因: Variant does not reference an automation object
[20141028-153910 WordFileConvertSrv.exe] ERR> 轉檔作業失敗. 從 "D:\NTAKWeb\NTAK_DDQS\Exec\Manager\FileStore\95年度訴字第160號(2).doc" 轉換至 "D:\NTAKWeb\NTAK_DDQS\Exec\ConvertArea\95年度訴字第160號(2).doc.txt" 時發生錯誤, 原因: Variant does not reference an automation object
[20141028-153910 WordFileConvertSrv.exe] ERR> 轉檔作業失敗. 從 "D:\NTAKWeb\NTAK_DDQS\Exec\Manager\FileStore\98年度再字第37號.doc" 轉換至 "D:\NTAKWeb\NTAK_DDQS\Exec\ConvertArea\98年度再字第37號.doc.txt" 時發生錯誤, 原因: Variant does not reference an automation object
[20141028-153910 WordFileConvertSrv.exe] ERR> 轉檔作業失敗. 從 "D:\NTAKWeb\NTAK_DDQS\Exec\Manager\FileStore\98年度簡再字第13號(2).doc" 轉換至 "D:\NTAKWeb\NTAK_DDQS\Exec\ConvertArea\98年度簡再字第13號(2).doc.txt" 時發生錯誤, 原因: Variant does not reference an automation object
[20141028-153910 WordFileConvertSrv.exe] ERR> 轉檔作業失敗. 從 "D:\NTAKWeb\NTAK_DDQS\Exec\Manager\FileStore\99年度簡再字第9號.doc" 轉換至 "D:\NTAKWeb\NTAK_DDQS\Exec\ConvertArea\99年度簡再字第9號.doc.txt" 時發生錯誤, 原因: Variant does not reference an automation object
[20141028-153910 WordFileConvertSrv.exe] ERR> 轉檔作業失敗. 從 "D:\NTAKWeb\NTAK_DDQS\Exec\Manager\FileStore\IE8302100730陳景生101本稅-短報5%－更正後.doc" 轉換至 "D:\NTAKWeb\NTAK_DDQS\Exec\ConvertArea\IE8302100730陳景生101本稅-短報5%－更正後.doc.txt" 時發生錯誤, 原因: Variant does not reference an automation object
[20141028-153910 WordFileConvertSrv.exe] ERR> 轉檔作業失敗. 從 "D:\NTAKWeb\NTAK_DDQS\Exec\Manager\FileStore\JVP-LST.doc" 轉換至 "D:\NTAKWeb\NTAK_DDQS\Exec\ConvertArea\JVP-LST.doc.txt" 時發生錯誤, 原因: Variant does not reference an automation object
[20141028-153910 WordFileConvertSrv.exe] ERR> 轉檔作業失敗. 從 "D:\NTAKWeb\NTAK_DDQS\Exec\Manager\FileStore\NE0402400815邱翠蓮99罰鍰-未據實申報扣繳憑單20%-維持.doc" 轉換至 "D:\NTAKWeb\NTAK_DDQS\Exec\ConvertArea\NE0402400815邱翠蓮99罰鍰-未據實申報扣繳憑單20%-維持.doc.txt" 時發生錯誤, 原因: Variant does not reference an automation object
[20141028-153910 WordFileConvertSrv.exe] ERR> 轉檔作業失敗. 從 "D:\NTAKWeb\NTAK_DDQS\Exec\Manager\FileStore\NE0403100144章一民101年復查決定書-稿.doc" 轉換至 "D:\NTAKWeb\NTAK_DDQS\Exec\ConvertArea\NE0403100144章一民101年復查決定書-稿.doc.txt" 時發生錯誤, 原因: Variant does not reference an automation object
[20141028-153910 WordFileConvertSrv.exe] ERR> 轉檔作業失敗. 從 "D:\NTAKWeb\NTAK_DDQS\Exec\Manager\FileStore\NE8302100123莊全勝100免稅額-追減-核定.doc" 轉換至 "D:\NTAKWeb\NTAK_DDQS\Exec\ConvertArea\NE8302100123莊全勝100免稅額-追減-核定.doc.txt" 時發生錯誤, 原因: Variant does not reference an automation object
[20141028-153910 WordFileConvertSrv.exe] ERR> 轉檔作業失敗. 從 "D:\NTAKWeb\NTAK_DDQS\Exec\Manager\FileStore\NE8302400498潘&#21843;銘100罰鍰-委託他人代為申報-維持.doc" 轉換至 "D:\NTAKWeb\NTAK_DDQS\Exec\ConvertArea\NE8302400498潘&#21843;銘100罰鍰-委託他人代為申報-維持.doc.txt" 時發生錯誤, 原因: Variant does not reference an automation object
[20141028-153910 WordFileConvertSrv.exe] ERR> 轉檔作業失敗. 從 "D:\NTAKWeb\NTAK_DDQS\Exec\Manager\FileStore\何海鷗101虛列免稅額決定書(本+罰)正本.doc" 轉換至 "D:\NTAKWeb\NTAK_DDQS\Exec\ConvertArea\何海鷗101虛列免稅額決定書(本+罰)正本.doc.txt" 時發生錯誤, 原因: Variant does not reference an automation object
[20141028-153910 WordFileConvertSrv.exe] ERR> 轉檔作業失敗. 從 "D:\NTAKWeb\NTAK_DDQS\Exec\Manager\FileStore\佳勝營造(第09903392號)-94年度.doc" 轉換至 "D:\NTAKWeb\NTAK_DDQS\Exec\ConvertArea\佳勝營造(第09903392號)-94年度.doc.txt" 時發生錯誤, 原因: Variant does not reference an automation object
[20141028-153910 WordFileConvertSrv.exe] ERR> 轉檔作業失敗. 從 "D:\NTAKWeb\NTAK_DDQS\Exec\Manager\FileStore\北方之星(第09800030號)-89年度.doc" 轉換至 "D:\NTAKWeb\NTAK_DDQS\Exec\ConvertArea\北方之星(第09800030號)-89年度.doc.txt" 時發生錯誤, 原因: Variant does not reference an automation object
[20141028-153910 WordFileConvertSrv.exe] ERR> 轉檔作業失敗. 從 "D:\NTAKWeb\NTAK_DDQS\Exec\Manager\FileStore\呂冠霖(第09704361~09704365號)-91~95年度.doc" 轉換至 "D:\NTAKWeb\NTAK_DDQS\Exec\ConvertArea\呂冠霖(第09704361~09704365號)-91~95年度.doc.txt" 時發生錯誤, 原因: Variant does not reference an automation object
[20141028-153910 WordFileConvertSrv.exe] ERR> 轉檔作業失敗. 從 "D:\NTAKWeb\NTAK_DDQS\Exec\Manager\FileStore\周王金珍(第09800157號)-94年度.doc" 轉換至 "D:\NTAKWeb\NTAK_DDQS\Exec\ConvertArea\周王金珍(第09800157號)-94年度.doc.txt" 時發生錯誤, 原因: Variant does not reference an automation object
[20141028-153910 WordFileConvertSrv.exe] ERR> 轉檔作業失敗. 從 "D:\NTAKWeb\NTAK_DDQS\Exec\Manager\FileStore\廖東建(第10001282號)-98年度.doc" 轉換至 "D:\NTAKWeb\NTAK_DDQS\Exec\ConvertArea\廖東建(第10001282號)-98年度.doc.txt" 時發生錯誤, 原因: Variant does not reference an automation object
[20141028-153910 WordFileConvertSrv.exe] ERR> 轉檔作業失敗. 從 "D:\NTAKWeb\NTAK_DDQS\Exec\Manager\FileStore\廣建95營所稅決定書(虛銷8%).doc" 轉換至 "D:\NTAKWeb\NTAK_DDQS\Exec\ConvertArea\廣建95營所稅決定書(虛銷8%).doc.txt" 時發生錯誤, 原因: Variant does not reference an automation object
[20141028-153910 WordFileConvertSrv.exe] ERR> 轉檔作業失敗. 從 "D:\NTAKWeb\NTAK_DDQS\Exec\Manager\FileStore\彭宴祥(第09801703號)-96年度.doc" 轉換至 "D:\NTAKWeb\NTAK_DDQS\Exec\ConvertArea\彭宴祥(第09801703號)-96年度.doc.txt" 時發生錯誤, 原因: Variant does not reference an automation object
[20141028-153910 WordFileConvertSrv.exe] ERR> 轉檔作業失敗. 從 "D:\NTAKWeb\NTAK_DDQS\Exec\Manager\FileStore\復查決定-函洪俊良93信託營利所得-實質課稅-核課期間.doc" 轉換至 "D:\NTAKWeb\NTAK_DDQS\Exec\ConvertArea\復查決定-函洪俊良93信託營利所得-實質課稅-核課期間.doc.txt" 時發生錯誤, 原因: Variant does not reference an automation object
[20141028-153910 WordFileConvertSrv.exe] ERR> 轉檔作業失敗. 從 "D:\NTAKWeb\NTAK_DDQS\Exec\Manager\FileStore\日月光電子100年度營所稅復查決定書.doc" 轉換至 "D:\NTAKWeb\NTAK_DDQS\Exec\ConvertArea\日月光電子100年度營所稅復查決定書.doc.txt" 時發生錯誤, 原因: Variant does not reference an automation object
[20141028-153910 WordFileConvertSrv.exe] ERR> 轉檔作業失敗. 從 "D:\NTAKWeb\NTAK_DDQS\Exec\Manager\FileStore\李淑&#32137;決定書.doc" 轉換至 "D:\NTAKWeb\NTAK_DDQS\Exec\ConvertArea\李淑&#32137;決定書.doc.txt" 時發生錯誤, 原因: Variant does not reference an automation object
[20141028-153910 WordFileConvertSrv.exe] ERR> 轉檔作業失敗. 從 "D:\NTAKWeb\NTAK_DDQS\Exec\Manager\FileStore\李清 復查決定書.doc.doc" 轉換至 "D:\NTAKWeb\NTAK_DDQS\Exec\ConvertArea\李清 復查決定書.doc.doc.txt" 時發生錯誤, 原因: Variant does not reference an automation object
[20141028-153910 WordFileConvertSrv.exe] ERR> 轉檔作業失敗. 從 "D:\NTAKWeb\NTAK_DDQS\Exec\Manager\FileStore\李清&#23791;復查決定書.doc" 轉換至 "D:\NTAKWeb\NTAK_DDQS\Exec\ConvertArea\李清&#23791;復查決定書.doc.txt" 時發生錯誤, 原因: Variant does not reference an automation object
[20141028-153910 WordFileConvertSrv.exe] ERR> 轉檔作業失敗. 從 "D:\NTAKWeb\NTAK_DDQS\Exec\Manager\FileStore\林&#37979;宏決定書.doc" 轉換至 "D:\NTAKWeb\NTAK_DDQS\Exec\ConvertArea\林&#37979;宏決定書.doc.txt" 時發生錯誤, 原因: Variant does not reference an automation object
[20141028-153910 WordFileConvertSrv.exe] ERR> 轉檔作業失敗. 從 "D:\NTAKWeb\NTAK_DDQS\Exec\Manager\FileStore\林奇峰95年度復查報告確定版.doc" 轉換至 "D:\NTAKWeb\NTAK_DDQS\Exec\ConvertArea\林奇峰95年度復查報告確定版.doc.txt" 時發生錯誤, 原因: Variant does not reference an automation object
[20141028-153910 WordFileConvertSrv.exe] ERR> 轉檔作業失敗. 從 "D:\NTAKWeb\NTAK_DDQS\Exec\Manager\FileStore\林宜靜(第09903210號)-94~96年度.doc" 轉換至 "D:\NTAKWeb\NTAK_DDQS\Exec\ConvertArea\林宜靜(第09903210號)-94~96年度.doc.txt" 時發生錯誤, 原因: Variant does not reference an automation object
[20141028-153910 WordFileConvertSrv.exe] ERR> 轉檔作業失敗. 從 "D:\NTAKWeb\NTAK_DDQS\Exec\Manager\FileStore\林茂雄98年度綜合所得稅正本.doc" 轉換至 "D:\NTAKWeb\NTAK_DDQS\Exec\ConvertArea\林茂雄98年度綜合所得稅正本.doc.txt" 時發生錯誤, 原因: Variant does not reference an automation object
[20141028-153910 WordFileConvertSrv.exe] ERR> 轉檔作業失敗. 從 "D:\NTAKWeb\NTAK_DDQS\Exec\Manager\FileStore\林首文96綜所稅決定書發文.doc" 轉換至 "D:\NTAKWeb\NTAK_DDQS\Exec\ConvertArea\林首文96綜所稅決定書發文.doc.txt" 時發生錯誤, 原因: Variant does not reference an automation object
[20141028-153910 WordFileConvertSrv.exe] ERR> 轉檔作業失敗. 從 "D:\NTAKWeb\NTAK_DDQS\Exec\Manager\FileStore\林麗俐(第10002578號)-93年度.doc" 轉換至 "D:\NTAKWeb\NTAK_DDQS\Exec\ConvertArea\林麗俐(第10002578號)-93年度.doc.txt" 時發生錯誤, 原因: Variant does not reference an automation object
[20141028-153910 WordFileConvertSrv.exe] ERR> 轉檔作業失敗. 從 "D:\NTAKWeb\NTAK_DDQS\Exec\Manager\FileStore\楊肅泰(第09804135號)-96年度.doc" 轉換至 "D:\NTAKWeb\NTAK_DDQS\Exec\ConvertArea\楊肅泰(第09804135號)-96年度.doc.txt" 時發生錯誤, 原因: Variant does not reference an automation object
[20141028-153910 WordFileConvertSrv.exe] ERR> 轉檔作業失敗. 從 "D:\NTAKWeb\NTAK_DDQS\Exec\Manager\FileStore\歐陽建華(第09902018號)-88年度.doc" 轉換至 "D:\NTAKWeb\NTAK_DDQS\Exec\ConvertArea\歐陽建華(第09902018號)-88年度.doc.txt" 時發生錯誤, 原因: Variant does not reference an automation object
[20141028-153910 WordFileConvertSrv.exe] ERR> 轉檔作業失敗. 從 "D:\NTAKWeb\NTAK_DDQS\Exec\Manager\FileStore\武穎決~1.DOC" 轉換至 "D:\NTAKWeb\NTAK_DDQS\Exec\ConvertArea\武穎決~1.DOC.txt" 時發生錯誤, 原因: Variant does not reference an automation object
[20141028-153910 WordFileConvertSrv.exe] ERR> 轉檔作業失敗. 從 "D:\NTAKWeb\NTAK_DDQS\Exec\Manager\FileStore\潘&#21843;銘100罰鍰-委託他人代為申報-維持.doc" 轉換至 "D:\NTAKWeb\NTAK_DDQS\Exec\ConvertArea\潘&#21843;銘100罰鍰-委託他人代為申報-維持.doc.txt" 時發生錯誤, 原因: Variant does not reference an automation object
[20141028-153910 WordFileConvertSrv.exe] ERR> 轉檔作業失敗. 從 "D:\NTAKWeb\NTAK_DDQS\Exec\Manager\FileStore\王&#28702;苡101年特銷稅罰鍰決定書-函.docx" 轉換至 "D:\NTAKWeb\NTAK_DDQS\Exec\ConvertArea\王&#28702;苡101年特銷稅罰鍰決定書-函.docx.txt" 時發生錯誤, 原因: Variant does not reference an automation object
[20141028-153910 WordFileConvertSrv.exe] ERR> 轉檔作業失敗. 從 "D:\NTAKWeb\NTAK_DDQS\Exec\Manager\FileStore\白美香(第09803188號)-96年度.doc" 轉換至 "D:\NTAKWeb\NTAK_DDQS\Exec\ConvertArea\白美香(第09803188號)-96年度.doc.txt" 時發生錯誤, 原因: Variant does not reference an automation object
[20141028-153910 WordFileConvertSrv.exe] ERR> 轉檔作業失敗. 從 "D:\NTAKWeb\NTAK_DDQS\Exec\Manager\FileStore\蘇宏典(第10001702號)-95年度.doc" 轉換至 "D:\NTAKWeb\NTAK_DDQS\Exec\ConvertArea\蘇宏典(第10001702號)-95年度.doc.txt" 時發生錯誤, 原因: Variant does not reference an automation object
[20141028-153910 WordFileConvertSrv.exe] ERR> 轉檔作業失敗. 從 "D:\NTAKWeb\NTAK_DDQS\Exec\Manager\FileStore\達旺廣告(第09803394號)-95年度.doc" 轉換至 "D:\NTAKWeb\NTAK_DDQS\Exec\ConvertArea\達旺廣告(第09803394號)-95年度.doc.txt" 時發生錯誤, 原因: Variant does not reference an automation object
[20141028-153910 WordFileConvertSrv.exe] ERR> 轉檔作業失敗. 從 "D:\NTAKWeb\NTAK_DDQS\Exec\Manager\FileStore\鍇億國際95營所稅決定書(虛銷8%).doc" 轉換至 "D:\NTAKWeb\NTAK_DDQS\Exec\ConvertArea\鍇億國際95營所稅決定書(虛銷8%).doc.txt" 時發生錯誤, 原因: Variant does not reference an automation object
[20141028-153910 WordFileConvertSrv.exe] ERR> 轉檔作業失敗. 從 "D:\NTAKWeb\NTAK_DDQS\Exec\Manager\FileStore\鍇億國際95營所稅決定書虛銷8%.doc" 轉換至 "D:\NTAKWeb\NTAK_DDQS\Exec\ConvertArea\鍇億國際95營所稅決定書虛銷8%.doc.txt" 時發生錯誤, 原因: Variant does not reference an automation object
[20141028-153910 WordFileConvertSrv.exe] ERR> 轉檔作業失敗. 從 "D:\NTAKWeb\NTAK_DDQS\Exec\Manager\FileStore\陳麗文(第09801332號)-96年度.doc" 轉換至 "D:\NTAKWeb\NTAK_DDQS\Exec\ConvertArea\陳麗文(第09801332號)-96年度.doc.txt" 時發生錯誤, 原因: Variant does not reference an automation object
[20141028-153910 WordFileConvertSrv.exe] ERR> 轉檔作業失敗. 從 "D:\NTAKWeb\NTAK_DDQS\Exec\Manager\FileStore\黃&#28702;瑢復查決定書-海外所得.doc" 轉換至 "D:\NTAKWeb\NTAK_DDQS\Exec\ConvertArea\黃&#28702;瑢復查決定書-海外所得.doc.txt" 時發生錯誤, 原因: Variant does not reference an automation object
[20141028-153910 WordFileConvertSrv.exe] ERR> 轉檔作業失敗. 從 "D:\NTAKWeb\NTAK_DDQS\Exec\Manager\FileStore\黃鳳珠(第09703642號)-95年度.doc" 轉換至 "D:\NTAKWeb\NTAK_DDQS\Exec\ConvertArea\黃鳳珠(第09703642號)-95年度.doc.txt" 時發生錯誤, 原因: Variant does not reference an automation object
[20141028-154101 WordFileConvertSrv.exe] ERR> 轉檔作業失敗. 從 "D:\NTAKWeb\NTAK_DDQS\Exec\Manager\FileStore\&#40644;武穎決定書.doc" 轉換至 "D:\NTAKWeb\NTAK_DDQS\Exec\ConvertArea\&#40644;武穎決定書.doc.txt" 時發生錯誤, 原因: Variant does not reference an automation object
[20141028-154101 WordFileConvertSrv.exe] ERR> 轉檔作業失敗. 從 "D:\NTAKWeb\NTAK_DDQS\Exec\Manager\FileStore\09700128300.doc" 轉換至 "D:\NTAKWeb\NTAK_DDQS\Exec\ConvertArea\09700128300.doc.txt" 時發生錯誤, 原因: Variant does not reference an automation object
[20141028-154101 WordFileConvertSrv.exe] ERR> 轉檔作業失敗. 從 "D:\NTAKWeb\NTAK_DDQS\Exec\Manager\FileStore\09700398060.doc" 轉換至 "D:\NTAKWeb\NTAK_DDQS\Exec\ConvertArea\09700398060.doc.txt" 時發生錯誤, 原因: Variant does not reference an automation object
[20141028-154101 WordFileConvertSrv.exe] ERR> 轉檔作業失敗. 從 "D:\NTAKWeb\NTAK_DDQS\Exec\Manager\FileStore\1-1020924洪瑞&#23791;君96年度復查決定書-函.doc" 轉換至 "D:\NTAKWeb\NTAK_DDQS\Exec\ConvertArea\1-1020924洪瑞&#23791;君96年度復查決定書-函.doc.txt" 時發生錯誤, 原因: Variant does not reference an automation object
[20141028-154101 WordFileConvertSrv.exe] ERR> 轉檔作業失敗. 從 "D:\NTAKWeb\NTAK_DDQS\Exec\Manager\FileStore\100-2-21鍾泰營造有限公司營業稅罰鍰(復查決定書-重繕(發文).doc" 轉換至 "D:\NTAKWeb\NTAK_DDQS\Exec\ConvertArea\100-2-21鍾泰營造有限公司營業稅罰鍰(復查決定書-重繕(發文).doc.txt" 時發生錯誤, 原因: Variant does not reference an automation object
[20141028-154101 WordFileConvertSrv.exe] ERR> 轉檔作業失敗. 從 "D:\NTAKWeb\NTAK_DDQS\Exec\Manager\FileStore\100年度判字第1949號.doc" 轉換至 "D:\NTAKWeb\NTAK_DDQS\Exec\ConvertArea\100年度判字第1949號.doc.txt" 時發生錯誤, 原因: Variant does not reference an automation object
[20141028-154101 WordFileConvertSrv.exe] ERR> 轉檔作業失敗. 從 "D:\NTAKWeb\NTAK_DDQS\Exec\Manager\FileStore\100年度復查決定書稿發文.doc" 轉換至 "D:\NTAKWeb\NTAK_DDQS\Exec\ConvertArea\100年度復查決定書稿發文.doc.txt" 時發生錯誤, 原因: Variant does not reference an automation object
[20141028-154101 WordFileConvertSrv.exe] ERR> 轉檔作業失敗. 從 "D:\NTAKWeb\NTAK_DDQS\Exec\Manager\FileStore\100年度訴字第444號.doc" 轉換至 "D:\NTAKWeb\NTAK_DDQS\Exec\ConvertArea\100年度訴字第444號.doc.txt" 時發生錯誤, 原因: Variant does not reference an automation object
[20141028-154101 WordFileConvertSrv.exe] ERR> 轉檔作業失敗. 從 "D:\NTAKWeb\NTAK_DDQS\Exec\Manager\FileStore\102.4.29-陳&#28913;泰(陳吳芬釵)100年度綜所稅復查決定書.doc" 轉換至 "D:\NTAKWeb\NTAK_DDQS\Exec\ConvertArea\102.4.29-陳&#28913;泰(陳吳芬釵)100年度綜所稅復查決定書.doc.txt" 時發生錯誤, 原因: Variant does not reference an automation object
[20141028-154101 WordFileConvertSrv.exe] ERR> 轉檔作業失敗. 從 "D:\NTAKWeb\NTAK_DDQS\Exec\Manager\FileStore\10201614.doc" 轉換至 "D:\NTAKWeb\NTAK_DDQS\Exec\ConvertArea\10201614.doc.txt" 時發生錯誤, 原因: Variant does not reference an automation object
[20141028-154101 WordFileConvertSrv.exe] ERR> 轉檔作業失敗. 從 "D:\NTAKWeb\NTAK_DDQS\Exec\Manager\FileStore\1020716張孟信99年度綜所稅復查決定書(復查會決議修正).doc" 轉換至 "D:\NTAKWeb\NTAK_DDQS\Exec\ConvertArea\1020716張孟信99年度綜所稅復查決定書(復查會決議修正).doc.txt" 時發生錯誤, 原因: Variant does not reference an automation object
[20141028-154101 WordFileConvertSrv.exe] ERR> 轉檔作業失敗. 從 "D:\NTAKWeb\NTAK_DDQS\Exec\Manager\FileStore\1021030黃振銘君99年度綜所稅復查決定書.doc" 轉換至 "D:\NTAKWeb\NTAK_DDQS\Exec\ConvertArea\1021030黃振銘君99年度綜所稅復查決定書.doc.txt" 時發生錯誤, 原因: Variant does not reference an automation object
[20141028-154101 WordFileConvertSrv.exe] ERR> 轉檔作業失敗. 從 "D:\NTAKWeb\NTAK_DDQS\Exec\Manager\FileStore\103.06.23發文-黃小芳101年綜所稅決定書稿.doc" 轉換至 "D:\NTAKWeb\NTAK_DDQS\Exec\ConvertArea\103.06.23發文-黃小芳101年綜所稅決定書稿.doc.txt" 時發生錯誤, 原因: Variant does not reference an automation object
[20141028-154101 WordFileConvertSrv.exe] ERR> 轉檔作業失敗. 從 "D:\NTAKWeb\NTAK_DDQS\Exec\Manager\FileStore\103.4.25發文-陳振昌100年綜所稅決定書(罰鍰).doc" 轉換至 "D:\NTAKWeb\NTAK_DDQS\Exec\ConvertArea\103.4.25發文-陳振昌100年綜所稅決定書(罰鍰).doc.txt" 時發生錯誤, 原因: Variant does not reference an automation object
[20141028-154101 WordFileConvertSrv.exe] ERR> 轉檔作業失敗. 從 "D:\NTAKWeb\NTAK_DDQS\Exec\Manager\FileStore\10300120.doc" 轉換至 "D:\NTAKWeb\NTAK_DDQS\Exec\ConvertArea\10300120.doc.txt" 時發生錯誤, 原因: Variant does not reference an automation object
[20141028-154101 WordFileConvertSrv.exe] ERR> 轉檔作業失敗. 從 "D:\NTAKWeb\NTAK_DDQS\Exec\Manager\FileStore\1030912江昌101營所稅(漏報其他收入) 罰鍰復查決定書(發文).doc" 轉換至 "D:\NTAKWeb\NTAK_DDQS\Exec\ConvertArea\1030912江昌101營所稅(漏報其他收入) 罰鍰復查決定書(發文).doc.txt" 時發生錯誤, 原因: Variant does not reference an automation object
[20141028-154101 WordFileConvertSrv.exe] ERR> 轉檔作業失敗. 從 "D:\NTAKWeb\NTAK_DDQS\Exec\Manager\FileStore\95年度訴字第160號(2).doc" 轉換至 "D:\NTAKWeb\NTAK_DDQS\Exec\ConvertArea\95年度訴字第160號(2).doc.txt" 時發生錯誤, 原因: Variant does not reference an automation object
[20141028-154101 WordFileConvertSrv.exe] ERR> 轉檔作業失敗. 從 "D:\NTAKWeb\NTAK_DDQS\Exec\Manager\FileStore\98年度再字第37號.doc" 轉換至 "D:\NTAKWeb\NTAK_DDQS\Exec\ConvertArea\98年度再字第37號.doc.txt" 時發生錯誤, 原因: Variant does not reference an automation object
[20141028-154101 WordFileConvertSrv.exe] ERR> 轉檔作業失敗. 從 "D:\NTAKWeb\NTAK_DDQS\Exec\Manager\FileStore\98年度簡再字第13號(2).doc" 轉換至 "D:\NTAKWeb\NTAK_DDQS\Exec\ConvertArea\98年度簡再字第13號(2).doc.txt" 時發生錯誤, 原因: Variant does not reference an automation object
[20141028-154101 WordFileConvertSrv.exe] ERR> 轉檔作業失敗. 從 "D:\NTAKWeb\NTAK_DDQS\Exec\Manager\FileStore\99年度簡再字第9號.doc" 轉換至 "D:\NTAKWeb\NTAK_DDQS\Exec\ConvertArea\99年度簡再字第9號.doc.txt" 時發生錯誤, 原因: Variant does not reference an automation object
[20141028-154101 WordFileConvertSrv.exe] ERR> 轉檔作業失敗. 從 "D:\NTAKWeb\NTAK_DDQS\Exec\Manager\FileStore\IE8302100730陳景生101本稅-短報5%－更正後.doc" 轉換至 "D:\NTAKWeb\NTAK_DDQS\Exec\ConvertArea\IE8302100730陳景生101本稅-短報5%－更正後.doc.txt" 時發生錯誤, 原因: Variant does not reference an automation object
[20141028-154101 WordFileConvertSrv.exe] ERR> 轉檔作業失敗. 從 "D:\NTAKWeb\NTAK_DDQS\Exec\Manager\FileStore\JVP-LST.doc" 轉換至 "D:\NTAKWeb\NTAK_DDQS\Exec\ConvertArea\JVP-LST.doc.txt" 時發生錯誤, 原因: Variant does not reference an automation object
[20141028-154101 WordFileConvertSrv.exe] ERR> 轉檔作業失敗. 從 "D:\NTAKWeb\NTAK_DDQS\Exec\Manager\FileStore\NE0402400815邱翠蓮99罰鍰-未據實申報扣繳憑單20%-維持.doc" 轉換至 "D:\NTAKWeb\NTAK_DDQS\Exec\ConvertArea\NE0402400815邱翠蓮99罰鍰-未據實申報扣繳憑單20%-維持.doc.txt" 時發生錯誤, 原因: Variant does not reference an automation object
[20141028-154101 WordFileConvertSrv.exe] ERR> 轉檔作業失敗. 從 "D:\NTAKWeb\NTAK_DDQS\Exec\Manager\FileStore\NE0403100144章一民101年復查決定書-稿.doc" 轉換至 "D:\NTAKWeb\NTAK_DDQS\Exec\ConvertArea\NE0403100144章一民101年復查決定書-稿.doc.txt" 時發生錯誤, 原因: Variant does not reference an automation object
[20141028-154101 WordFileConvertSrv.exe] ERR> 轉檔作業失敗. 從 "D:\NTAKWeb\NTAK_DDQS\Exec\Manager\FileStore\NE8302100123莊全勝100免稅額-追減-核定.doc" 轉換至 "D:\NTAKWeb\NTAK_DDQS\Exec\ConvertArea\NE8302100123莊全勝100免稅額-追減-核定.doc.txt" 時發生錯誤, 原因: Variant does not reference an automation object
[20141028-154101 WordFileConvertSrv.exe] ERR> 轉檔作業失敗. 從 "D:\NTAKWeb\NTAK_DDQS\Exec\Manager\FileStore\NE8302400498潘&#21843;銘100罰鍰-委託他人代為申報-維持.doc" 轉換至 "D:\NTAKWeb\NTAK_DDQS\Exec\ConvertArea\NE8302400498潘&#21843;銘100罰鍰-委託他人代為申報-維持.doc.txt" 時發生錯誤, 原因: Variant does not reference an automation object
[20141028-154101 WordFileConvertSrv.exe] ERR> 轉檔作業失敗. 從 "D:\NTAKWeb\NTAK_DDQS\Exec\Manager\FileStore\何海鷗101虛列免稅額決定書(本+罰)正本.doc" 轉換至 "D:\NTAKWeb\NTAK_DDQS\Exec\ConvertArea\何海鷗101虛列免稅額決定書(本+罰)正本.doc.txt" 時發生錯誤, 原因: Variant does not reference an automation object
[20141028-154101 WordFileConvertSrv.exe] ERR> 轉檔作業失敗. 從 "D:\NTAKWeb\NTAK_DDQS\Exec\Manager\FileStore\佳勝營造(第09903392號)-94年度.doc" 轉換至 "D:\NTAKWeb\NTAK_DDQS\Exec\ConvertArea\佳勝營造(第09903392號)-94年度.doc.txt" 時發生錯誤, 原因: Variant does not reference an automation object
[20141028-154101 WordFileConvertSrv.exe] ERR> 轉檔作業失敗. 從 "D:\NTAKWeb\NTAK_DDQS\Exec\Manager\FileStore\北方之星(第09800030號)-89年度.doc" 轉換至 "D:\NTAKWeb\NTAK_DDQS\Exec\ConvertArea\北方之星(第09800030號)-89年度.doc.txt" 時發生錯誤, 原因: Variant does not reference an automation object
[20141028-154101 WordFileConvertSrv.exe] ERR> 轉檔作業失敗. 從 "D:\NTAKWeb\NTAK_DDQS\Exec\Manager\FileStore\呂冠霖(第09704361~09704365號)-91~95年度.doc" 轉換至 "D:\NTAKWeb\NTAK_DDQS\Exec\ConvertArea\呂冠霖(第09704361~09704365號)-91~95年度.doc.txt" 時發生錯誤, 原因: Variant does not reference an automation object
[20141028-154101 WordFileConvertSrv.exe] ERR> 轉檔作業失敗. 從 "D:\NTAKWeb\NTAK_DDQS\Exec\Manager\FileStore\周王金珍(第09800157號)-94年度.doc" 轉換至 "D:\NTAKWeb\NTAK_DDQS\Exec\ConvertArea\周王金珍(第09800157號)-94年度.doc.txt" 時發生錯誤, 原因: Variant does not reference an automation object
[20141028-154101 WordFileConvertSrv.exe] ERR> 轉檔作業失敗. 從 "D:\NTAKWeb\NTAK_DDQS\Exec\Manager\FileStore\廖東建(第10001282號)-98年度.doc" 轉換至 "D:\NTAKWeb\NTAK_DDQS\Exec\ConvertArea\廖東建(第10001282號)-98年度.doc.txt" 時發生錯誤, 原因: Variant does not reference an automation object
[20141028-154101 WordFileConvertSrv.exe] ERR> 轉檔作業失敗. 從 "D:\NTAKWeb\NTAK_DDQS\Exec\Manager\FileStore\廣建95營所稅決定書(虛銷8%).doc" 轉換至 "D:\NTAKWeb\NTAK_DDQS\Exec\ConvertArea\廣建95營所稅決定書(虛銷8%).doc.txt" 時發生錯誤, 原因: Variant does not reference an automation object
[20141028-154101 WordFileConvertSrv.exe] ERR> 轉檔作業失敗. 從 "D:\NTAKWeb\NTAK_DDQS\Exec\Manager\FileStore\彭宴祥(第09801703號)-96年度.doc" 轉換至 "D:\NTAKWeb\NTAK_DDQS\Exec\ConvertArea\彭宴祥(第09801703號)-96年度.doc.txt" 時發生錯誤, 原因: Variant does not reference an automation object
[20141028-154101 WordFileConvertSrv.exe] ERR> 轉檔作業失敗. 從 "D:\NTAKWeb\NTAK_DDQS\Exec\Manager\FileStore\復查決定-函洪俊良93信託營利所得-實質課稅-核課期間.doc" 轉換至 "D:\NTAKWeb\NTAK_DDQS\Exec\ConvertArea\復查決定-函洪俊良93信託營利所得-實質課稅-核課期間.doc.txt" 時發生錯誤, 原因: Variant does not reference an automation object
[20141028-154101 WordFileConvertSrv.exe] ERR> 轉檔作業失敗. 從 "D:\NTAKWeb\NTAK_DDQS\Exec\Manager\FileStore\日月光電子100年度營所稅復查決定書.doc" 轉換至 "D:\NTAKWeb\NTAK_DDQS\Exec\ConvertArea\日月光電子100年度營所稅復查決定書.doc.txt" 時發生錯誤, 原因: Variant does not reference an automation object
[20141028-154101 WordFileConvertSrv.exe] ERR> 轉檔作業失敗. 從 "D:\NTAKWeb\NTAK_DDQS\Exec\Manager\FileStore\李淑&#32137;決定書.doc" 轉換至 "D:\NTAKWeb\NTAK_DDQS\Exec\ConvertArea\李淑&#32137;決定書.doc.txt" 時發生錯誤, 原因: Variant does not reference an automation object
[20141028-154101 WordFileConvertSrv.exe] ERR> 轉檔作業失敗. 從 "D:\NTAKWeb\NTAK_DDQS\Exec\Manager\FileStore\李清 復查決定書.doc.doc" 轉換至 "D:\NTAKWeb\NTAK_DDQS\Exec\ConvertArea\李清 復查決定書.doc.doc.txt" 時發生錯誤, 原因: Variant does not reference an automation object
[20141028-154101 WordFileConvertSrv.exe] ERR> 轉檔作業失敗. 從 "D:\NTAKWeb\NTAK_DDQS\Exec\Manager\FileStore\李清&#23791;復查決定書.doc" 轉換至 "D:\NTAKWeb\NTAK_DDQS\Exec\ConvertArea\李清&#23791;復查決定書.doc.txt" 時發生錯誤, 原因: Variant does not reference an automation object
[20141028-154101 WordFileConvertSrv.exe] ERR> 轉檔作業失敗. 從 "D:\NTAKWeb\NTAK_DDQS\Exec\Manager\FileStore\林&#37979;宏決定書.doc" 轉換至 "D:\NTAKWeb\NTAK_DDQS\Exec\ConvertArea\林&#37979;宏決定書.doc.txt" 時發生錯誤, 原因: Variant does not reference an automation object
[20141028-154101 WordFileConvertSrv.exe] ERR> 轉檔作業失敗. 從 "D:\NTAKWeb\NTAK_DDQS\Exec\Manager\FileStore\林奇峰95年度復查報告確定版.doc" 轉換至 "D:\NTAKWeb\NTAK_DDQS\Exec\ConvertArea\林奇峰95年度復查報告確定版.doc.txt" 時發生錯誤, 原因: Variant does not reference an automation object
[20141028-154101 WordFileConvertSrv.exe] ERR> 轉檔作業失敗. 從 "D:\NTAKWeb\NTAK_DDQS\Exec\Manager\FileStore\林宜靜(第09903210號)-94~96年度.doc" 轉換至 "D:\NTAKWeb\NTAK_DDQS\Exec\ConvertArea\林宜靜(第09903210號)-94~96年度.doc.txt" 時發生錯誤, 原因: Variant does not reference an automation object
[20141028-154101 WordFileConvertSrv.exe] ERR> 轉檔作業失敗. 從 "D:\NTAKWeb\NTAK_DDQS\Exec\Manager\FileStore\林茂雄98年度綜合所得稅正本.doc" 轉換至 "D:\NTAKWeb\NTAK_DDQS\Exec\ConvertArea\林茂雄98年度綜合所得稅正本.doc.txt" 時發生錯誤, 原因: Variant does not reference an automation object
[20141028-154101 WordFileConvertSrv.exe] ERR> 轉檔作業失敗. 從 "D:\NTAKWeb\NTAK_DDQS\Exec\Manager\FileStore\林麗俐(第10002578號)-93年度.doc" 轉換至 "D:\NTAKWeb\NTAK_DDQS\Exec\ConvertArea\林麗俐(第10002578號)-93年度.doc.txt" 時發生錯誤, 原因: Variant does not reference an automation object
[20141028-154101 WordFileConvertSrv.exe] ERR> 轉檔作業失敗. 從 "D:\NTAKWeb\NTAK_DDQS\Exec\Manager\FileStore\楊肅泰(第09804135號)-96年度.doc" 轉換至 "D:\NTAKWeb\NTAK_DDQS\Exec\ConvertArea\楊肅泰(第09804135號)-96年度.doc.txt" 時發生錯誤, 原因: Variant does not reference an automation object
[20141028-154101 WordFileConvertSrv.exe] ERR> 轉檔作業失敗. 從 "D:\NTAKWeb\NTAK_DDQS\Exec\Manager\FileStore\歐陽建華(第09902018號)-88年度.doc" 轉換至 "D:\NTAKWeb\NTAK_DDQS\Exec\ConvertArea\歐陽建華(第09902018號)-88年度.doc.txt" 時發生錯誤, 原因: Variant does not reference an automation object
[20141028-154101 WordFileConvertSrv.exe] ERR> 轉檔作業失敗. 從 "D:\NTAKWeb\NTAK_DDQS\Exec\Manager\FileStore\武穎決~1.DOC" 轉換至 "D:\NTAKWeb\NTAK_DDQS\Exec\ConvertArea\武穎決~1.DOC.txt" 時發生錯誤, 原因: Variant does not reference an automation object
[20141028-154101 WordFileConvertSrv.exe] ERR> 轉檔作業失敗. 從 "D:\NTAKWeb\NTAK_DDQS\Exec\Manager\FileStore\潘&#21843;銘100罰鍰-委託他人代為申報-維持.doc" 轉換至 "D:\NTAKWeb\NTAK_DDQS\Exec\ConvertArea\潘&#21843;銘100罰鍰-委託他人代為申報-維持.doc.txt" 時發生錯誤, 原因: Variant does not reference an automation object
[20141028-154101 WordFileConvertSrv.exe] ERR> 轉檔作業失敗. 從 "D:\NTAKWeb\NTAK_DDQS\Exec\Manager\FileStore\王&#28702;苡101年特銷稅罰鍰決定書-函.docx" 轉換至 "D:\NTAKWeb\NTAK_DDQS\Exec\ConvertArea\王&#28702;苡101年特銷稅罰鍰決定書-函.docx.txt" 時發生錯誤, 原因: Variant does not reference an automation object
[20141028-154101 WordFileConvertSrv.exe] ERR> 轉檔作業失敗. 從 "D:\NTAKWeb\NTAK_DDQS\Exec\Manager\FileStore\白美香(第09803188號)-96年度.doc" 轉換至 "D:\NTAKWeb\NTAK_DDQS\Exec\ConvertArea\白美香(第09803188號)-96年度.doc.txt" 時發生錯誤, 原因: Variant does not reference an automation object
[20141028-154101 WordFileConvertSrv.exe] ERR> 轉檔作業失敗. 從 "D:\NTAKWeb\NTAK_DDQS\Exec\Manager\FileStore\蘇宏典(第10001702號)-95年度.doc" 轉換至 "D:\NTAKWeb\NTAK_DDQS\Exec\ConvertArea\蘇宏典(第10001702號)-95年度.doc.txt" 時發生錯誤, 原因: Variant does not reference an automation object
[20141028-154101 WordFileConvertSrv.exe] ERR> 轉檔作業失敗. 從 "D:\NTAKWeb\NTAK_DDQS\Exec\Manager\FileStore\達旺廣告(第09803394號)-95年度.doc" 轉換至 "D:\NTAKWeb\NTAK_DDQS\Exec\ConvertArea\達旺廣告(第09803394號)-95年度.doc.txt" 時發生錯誤, 原因: Variant does not reference an automation object
[20141028-154101 WordFileConvertSrv.exe] ERR> 轉檔作業失敗. 從 "D:\NTAKWeb\NTAK_DDQS\Exec\Manager\FileStore\鍇億國際95營所稅決定書(虛銷8%).doc" 轉換至 "D:\NTAKWeb\NTAK_DDQS\Exec\ConvertArea\鍇億國際95營所稅決定書(虛銷8%).doc.txt" 時發生錯誤, 原因: Variant does not reference an automation object
[20141028-154101 WordFileConvertSrv.exe] ERR> 轉檔作業失敗. 從 "D:\NTAKWeb\NTAK_DDQS\Exec\Manager\FileStore\鍇億國際95營所稅決定書虛銷8%.doc" 轉換至 "D:\NTAKWeb\NTAK_DDQS\Exec\ConvertArea\鍇億國際95營所稅決定書虛銷8%.doc.txt" 時發生錯誤, 原因: Variant does not reference an automation object
[20141028-154101 WordFileConvertSrv.exe] ERR> 轉檔作業失敗. 從 "D:\NTAKWeb\NTAK_DDQS\Exec\Manager\FileStore\陳麗文(第09801332號)-96年度.doc" 轉換至 "D:\NTAKWeb\NTAK_DDQS\Exec\ConvertArea\陳麗文(第09801332號)-96年度.doc.txt" 時發生錯誤, 原因: Variant does not reference an automation object
[20141028-154101 WordFileConvertSrv.exe] ERR> 轉檔作業失敗. 從 "D:\NTAKWeb\NTAK_DDQS\Exec\Manager\FileStore\黃&#28702;瑢復查決定書-海外所得.doc" 轉換至 "D:\NTAKWeb\NTAK_DDQS\Exec\ConvertArea\黃&#28702;瑢復查決定書-海外所得.doc.txt" 時發生錯誤, 原因: Variant does not reference an automation object
[20141028-154101 WordFileConvertSrv.exe] ERR> 轉檔作業失敗. 從 "D:\NTAKWeb\NTAK_DDQS\Exec\Manager\FileStore\黃鳳珠(第09703642號)-95年度.doc" 轉換至 "D:\NTAKWeb\NTAK_DDQS\Exec\ConvertArea\黃鳳珠(第09703642號)-95年度.doc.txt" 時發生錯誤, 原因: Variant does not reference an automation object
[20141028-154101 WordFileConvertSrv.exe] ERR> 轉檔作業失敗. 從 "D:\NTAKWeb\NTAK_DDQS\Exec\Manager\FileStore\&#40644;武穎決定書.doc" 轉換至 "D:\NTAKWeb\NTAK_DDQS\Exec\ConvertArea\&#40644;武穎決定書.doc.txt" 時發生錯誤, 原因: Variant does not reference an automation object
[20141028-154101 WordFileConvertSrv.exe] ERR> 轉檔作業失敗. 從 "D:\NTAKWeb\NTAK_DDQS\Exec\Manager\FileStore\09700128300.doc" 轉換至 "D:\NTAKWeb\NTAK_DDQS\Exec\ConvertArea\09700128300.doc.txt" 時發生錯誤, 原因: Variant does not reference an automation object
[20141028-154101 WordFileConvertSrv.exe] ERR> 轉檔作業失敗. 從 "D:\NTAKWeb\NTAK_DDQS\Exec\Manager\FileStore\09700398060.doc" 轉換至 "D:\NTAKWeb\NTAK_DDQS\Exec\ConvertArea\09700398060.doc.txt" 時發生錯誤, 原因: Variant does not reference an automation object
[20141028-154101 WordFileConvertSrv.exe] ERR> 轉檔作業失敗. 從 "D:\NTAKWeb\NTAK_DDQS\Exec\Manager\FileStore\1-1020924洪瑞&#23791;君96年度復查決定書-函.doc" 轉換至 "D:\NTAKWeb\NTAK_DDQS\Exec\ConvertArea\1-1020924洪瑞&#23791;君96年度復查決定書-函.doc.txt" 時發生錯誤, 原因: Variant does not reference an automation object
[20141028-154101 WordFileConvertSrv.exe] ERR> 轉檔作業失敗. 從 "D:\NTAKWeb\NTAK_DDQS\Exec\Manager\FileStore\100-2-21鍾泰營造有限公司營業稅罰鍰(復查決定書-重繕(發文).doc" 轉換至 "D:\NTAKWeb\NTAK_DDQS\Exec\ConvertArea\100-2-21鍾泰營造有限公司營業稅罰鍰(復查決定書-重繕(發文).doc.txt" 時發生錯誤, 原因: Variant does not reference an automation object
[20141028-154101 WordFileConvertSrv.exe] ERR> 轉檔作業失敗. 從 "D:\NTAKWeb\NTAK_DDQS\Exec\Manager\FileStore\100年度判字第1949號.doc" 轉換至 "D:\NTAKWeb\NTAK_DDQS\Exec\ConvertArea\100年度判字第1949號.doc.txt" 時發生錯誤, 原因: Variant does not reference an automation object
[20141028-154101 WordFileConvertSrv.exe] ERR> 轉檔作業失敗. 從 "D:\NTAKWeb\NTAK_DDQS\Exec\Manager\FileStore\100年度復查決定書稿發文.doc" 轉換至 "D:\NTAKWeb\NTAK_DDQS\Exec\ConvertArea\100年度復查決定書稿發文.doc.txt" 時發生錯誤, 原因: Variant does not reference an automation object
[20141028-154101 WordFileConvertSrv.exe] ERR> 轉檔作業失敗. 從 "D:\NTAKWeb\NTAK_DDQS\Exec\Manager\FileStore\100年度訴字第444號.doc" 轉換至 "D:\NTAKWeb\NTAK_DDQS\Exec\ConvertArea\100年度訴字第444號.doc.txt" 時發生錯誤, 原因: Variant does not reference an automation object
[20141028-154101 WordFileConvertSrv.exe] ERR> 轉檔作業失敗. 從 "D:\NTAKWeb\NTAK_DDQS\Exec\Manager\FileStore\102.4.29-陳&#28913;泰(陳吳芬釵)100年度綜所稅復查決定書.doc" 轉換至 "D:\NTAKWeb\NTAK_DDQS\Exec\ConvertArea\102.4.29-陳&#28913;泰(陳吳芬釵)100年度綜所稅復查決定書.doc.txt" 時發生錯誤, 原因: Variant does not reference an automation object
[20141028-154101 WordFileConvertSrv.exe] ERR> 轉檔作業失敗. 從 "D:\NTAKWeb\NTAK_DDQS\Exec\Manager\FileStore\10201614.doc" 轉換至 "D:\NTAKWeb\NTAK_DDQS\Exec\ConvertArea\10201614.doc.txt" 時發生錯誤, 原因: Variant does not reference an automation object
[20141028-154101 WordFileConvertSrv.exe] ERR> 轉檔作業失敗. 從 "D:\NTAKWeb\NTAK_DDQS\Exec\Manager\FileStore\1020716張孟信99年度綜所稅復查決定書(復查會決議修正).doc" 轉換至 "D:\NTAKWeb\NTAK_DDQS\Exec\ConvertArea\1020716張孟信99年度綜所稅復查決定書(復查會決議修正).doc.txt" 時發生錯誤, 原因: Variant does not reference an automation object
[20141028-154101 WordFileConvertSrv.exe] ERR> 轉檔作業失敗. 從 "D:\NTAKWeb\NTAK_DDQS\Exec\Manager\FileStore\1021030黃振銘君99年度綜所稅復查決定書.doc" 轉換至 "D:\NTAKWeb\NTAK_DDQS\Exec\ConvertArea\1021030黃振銘君99年度綜所稅復查決定書.doc.txt" 時發生錯誤, 原因: Variant does not reference an automation object
[20141028-154101 WordFileConvertSrv.exe] ERR> 轉檔作業失敗. 從 "D:\NTAKWeb\NTAK_DDQS\Exec\Manager\FileStore\103.06.23發文-黃小芳101年綜所稅決定書稿.doc" 轉換至 "D:\NTAKWeb\NTAK_DDQS\Exec\ConvertArea\103.06.23發文-黃小芳101年綜所稅決定書稿.doc.txt" 時發生錯誤, 原因: Variant does not reference an automation object
[20141028-154101 WordFileConvertSrv.exe] ERR> 轉檔作業失敗. 從 "D:\NTAKWeb\NTAK_DDQS\Exec\Manager\FileStore\103.4.25發文-陳振昌100年綜所稅決定書(罰鍰).doc" 轉換至 "D:\NTAKWeb\NTAK_DDQS\Exec\ConvertArea\103.4.25發文-陳振昌100年綜所稅決定書(罰鍰).doc.txt" 時發生錯誤, 原因: Variant does not reference an automation object
[20141028-154101 WordFileConvertSrv.exe] ERR> 轉檔作業失敗. 從 "D:\NTAKWeb\NTAK_DDQS\Exec\Manager\FileStore\10300120.doc" 轉換至 "D:\NTAKWeb\NTAK_DDQS\Exec\ConvertArea\10300120.doc.txt" 時發生錯誤, 原因: Variant does not reference an automation object
[20141028-154101 WordFileConvertSrv.exe] ERR> 轉檔作業失敗. 從 "D:\NTAKWeb\NTAK_DDQS\Exec\Manager\FileStore\1030912江昌101營所稅(漏報其他收入) 罰鍰復查決定書(發文).doc" 轉換至 "D:\NTAKWeb\NTAK_DDQS\Exec\ConvertArea\1030912江昌101營所稅(漏報其他收入) 罰鍰復查決定書(發文).doc.txt" 時發生錯誤, 原因: Variant does not reference an automation object
[20141028-154101 WordFileConvertSrv.exe] ERR> 轉檔作業失敗. 從 "D:\NTAKWeb\NTAK_DDQS\Exec\Manager\FileStore\95年度訴字第160號(2).doc" 轉換至 "D:\NTAKWeb\NTAK_DDQS\Exec\ConvertArea\95年度訴字第160號(2).doc.txt" 時發生錯誤, 原因: Variant does not reference an automation object
[20141028-154101 WordFileConvertSrv.exe] ERR> 轉檔作業失敗. 從 "D:\NTAKWeb\NTAK_DDQS\Exec\Manager\FileStore\98年度再字第37號.doc" 轉換至 "D:\NTAKWeb\NTAK_DDQS\Exec\ConvertArea\98年度再字第37號.doc.txt" 時發生錯誤, 原因: Variant does not reference an automation object
[20141028-154101 WordFileConvertSrv.exe] ERR> 轉檔作業失敗. 從 "D:\NTAKWeb\NTAK_DDQS\Exec\Manager\FileStore\98年度簡再字第13號(2).doc" 轉換至 "D:\NTAKWeb\NTAK_DDQS\Exec\ConvertArea\98年度簡再字第13號(2).doc.txt" 時發生錯誤, 原因: Variant does not reference an automation object
[20141028-154101 WordFileConvertSrv.exe] ERR> 轉檔作業失敗. 從 "D:\NTAKWeb\NTAK_DDQS\Exec\Manager\FileStore\99年度簡再字第9號.doc" 轉換至 "D:\NTAKWeb\NTAK_DDQS\Exec\ConvertArea\99年度簡再字第9號.doc.txt" 時發生錯誤, 原因: Variant does not reference an automation object
[20141028-154101 WordFileConvertSrv.exe] ERR> 轉檔作業失敗. 從 "D:\NTAKWeb\NTAK_DDQS\Exec\Manager\FileStore\IE8302100730陳景生101本稅-短報5%－更正後.doc" 轉換至 "D:\NTAKWeb\NTAK_DDQS\Exec\ConvertArea\IE8302100730陳景生101本稅-短報5%－更正後.doc.txt" 時發生錯誤, 原因: Variant does not reference an automation object
[20141028-154101 WordFileConvertSrv.exe] ERR> 轉檔作業失敗. 從 "D:\NTAKWeb\NTAK_DDQS\Exec\Manager\FileStore\JVP-LST.doc" 轉換至 "D:\NTAKWeb\NTAK_DDQS\Exec\ConvertArea\JVP-LST.doc.txt" 時發生錯誤, 原因: Variant does not reference an automation object
[20141028-154101 WordFileConvertSrv.exe] ERR> 轉檔作業失敗. 從 "D:\NTAKWeb\NTAK_DDQS\Exec\Manager\FileStore\NE0402400815邱翠蓮99罰鍰-未據實申報扣繳憑單20%-維持.doc" 轉換至 "D:\NTAKWeb\NTAK_DDQS\Exec\ConvertArea\NE0402400815邱翠蓮99罰鍰-未據實申報扣繳憑單20%-維持.doc.txt" 時發生錯誤, 原因: Variant does not reference an automation object
[20141028-154101 WordFileConvertSrv.exe] ERR> 轉檔作業失敗. 從 "D:\NTAKWeb\NTAK_DDQS\Exec\Manager\FileStore\NE0403100144章一民101年復查決定書-稿.doc" 轉換至 "D:\NTAKWeb\NTAK_DDQS\Exec\ConvertArea\NE0403100144章一民101年復查決定書-稿.doc.txt" 時發生錯誤, 原因: Variant does not reference an automation object
[20141028-154101 WordFileConvertSrv.exe] ERR> 轉檔作業失敗. 從 "D:\NTAKWeb\NTAK_DDQS\Exec\Manager\FileStore\NE8302100123莊全勝100免稅額-追減-核定.doc" 轉換至 "D:\NTAKWeb\NTAK_DDQS\Exec\ConvertArea\NE8302100123莊全勝100免稅額-追減-核定.doc.txt" 時發生錯誤, 原因: Variant does not reference an automation object
[20141028-154101 WordFileConvertSrv.exe] ERR> 轉檔作業失敗. 從 "D:\NTAKWeb\NTAK_DDQS\Exec\Manager\FileStore\NE8302400498潘&#21843;銘100罰鍰-委託他人代為申報-維持.doc" 轉換至 "D:\NTAKWeb\NTAK_DDQS\Exec\ConvertArea\NE8302400498潘&#21843;銘100罰鍰-委託他人代為申報-維持.doc.txt" 時發生錯誤, 原因: Variant does not reference an automation object
[20141028-154101 WordFileConvertSrv.exe] ERR> 轉檔作業失敗. 從 "D:\NTAKWeb\NTAK_DDQS\Exec\Manager\FileStore\何海鷗101虛列免稅額決定書(本+罰)正本.doc" 轉換至 "D:\NTAKWeb\NTAK_DDQS\Exec\ConvertArea\何海鷗101虛列免稅額決定書(本+罰)正本.doc.txt" 時發生錯誤, 原因: Variant does not reference an automation object
[20141028-154101 WordFileConvertSrv.exe] ERR> 轉檔作業失敗. 從 "D:\NTAKWeb\NTAK_DDQS\Exec\Manager\FileStore\佳勝營造(第09903392號)-94年度.doc" 轉換至 "D:\NTAKWeb\NTAK_DDQS\Exec\ConvertArea\佳勝營造(第09903392號)-94年度.doc.txt" 時發生錯誤, 原因: Variant does not reference an automation object
[20141028-154101 WordFileConvertSrv.exe] ERR> 轉檔作業失敗. 從 "D:\NTAKWeb\NTAK_DDQS\Exec\Manager\FileStore\北方之星(第09800030號)-89年度.doc" 轉換至 "D:\NTAKWeb\NTAK_DDQS\Exec\ConvertArea\北方之星(第09800030號)-89年度.doc.txt" 時發生錯誤, 原因: Variant does not reference an automation object
[20141028-154101 WordFileConvertSrv.exe] ERR> 轉檔作業失敗. 從 "D:\NTAKWeb\NTAK_DDQS\Exec\Manager\FileStore\呂冠霖(第09704361~09704365號)-91~95年度.doc" 轉換至 "D:\NTAKWeb\NTAK_DDQS\Exec\ConvertArea\呂冠霖(第09704361~09704365號)-91~95年度.doc.txt" 時發生錯誤, 原因: Variant does not reference an automation object
[20141028-154101 WordFileConvertSrv.exe] ERR> 轉檔作業失敗. 從 "D:\NTAKWeb\NTAK_DDQS\Exec\Manager\FileStore\周王金珍(第09800157號)-94年度.doc" 轉換至 "D:\NTAKWeb\NTAK_DDQS\Exec\ConvertArea\周王金珍(第09800157號)-94年度.doc.txt" 時發生錯誤, 原因: Variant does not reference an automation object
[20141028-154101 WordFileConvertSrv.exe] ERR> 轉檔作業失敗. 從 "D:\NTAKWeb\NTAK_DDQS\Exec\Manager\FileStore\廖東建(第10001282號)-98年度.doc" 轉換至 "D:\NTAKWeb\NTAK_DDQS\Exec\ConvertArea\廖東建(第10001282號)-98年度.doc.txt" 時發生錯誤, 原因: Variant does not reference an automation object
[20141028-154101 WordFileConvertSrv.exe] ERR> 轉檔作業失敗. 從 "D:\NTAKWeb\NTAK_DDQS\Exec\Manager\FileStore\廣建95營所稅決定書(虛銷8%).doc" 轉換至 "D:\NTAKWeb\NTAK_DDQS\Exec\ConvertArea\廣建95營所稅決定書(虛銷8%).doc.txt" 時發生錯誤, 原因: Variant does not reference an automation object
[20141028-154101 WordFileConvertSrv.exe] ERR> 轉檔作業失敗. 從 "D:\NTAKWeb\NTAK_DDQS\Exec\Manager\FileStore\彭宴祥(第09801703號)-96年度.doc" 轉換至 "D:\NTAKWeb\NTAK_DDQS\Exec\ConvertArea\彭宴祥(第09801703號)-96年度.doc.txt" 時發生錯誤, 原因: Variant does not reference an automation object
[20141028-154101 WordFileConvertSrv.exe] ERR> 轉檔作業失敗. 從 "D:\NTAKWeb\NTAK_DDQS\Exec\Manager\FileStore\復查決定-函洪俊良93信託營利所得-實質課稅-核課期間.doc" 轉換至 "D:\NTAKWeb\NTAK_DDQS\Exec\ConvertArea\復查決定-函洪俊良93信託營利所得-實質課稅-核課期間.doc.txt" 時發生錯誤, 原因: Variant does not reference an automation object
[20141028-154101 WordFileConvertSrv.exe] ERR> 轉檔作業失敗. 從 "D:\NTAKWeb\NTAK_DDQS\Exec\Manager\FileStore\日月光電子100年度營所稅復查決定書.doc" 轉換至 "D:\NTAKWeb\NTAK_DDQS\Exec\ConvertArea\日月光電子100年度營所稅復查決定書.doc.txt" 時發生錯誤, 原因: Variant does not reference an automation object
[20141028-154101 WordFileConvertSrv.exe] ERR> 轉檔作業失敗. 從 "D:\NTAKWeb\NTAK_DDQS\Exec\Manager\FileStore\李淑&#32137;決定書.doc" 轉換至 "D:\NTAKWeb\NTAK_DDQS\Exec\ConvertArea\李淑&#32137;決定書.doc.txt" 時發生錯誤, 原因: Variant does not reference an automation object
[20141028-154101 WordFileConvertSrv.exe] ERR> 轉檔作業失敗. 從 "D:\NTAKWeb\NTAK_DDQS\Exec\Manager\FileStore\李清 復查決定書.doc.doc" 轉換至 "D:\NTAKWeb\NTAK_DDQS\Exec\ConvertArea\李清 復查決定書.doc.doc.txt" 時發生錯誤, 原因: Variant does not reference an automation object
[20141028-154101 WordFileConvertSrv.exe] ERR> 轉檔作業失敗. 從 "D:\NTAKWeb\NTAK_DDQS\Exec\Manager\FileStore\李清&#23791;復查決定書.doc" 轉換至 "D:\NTAKWeb\NTAK_DDQS\Exec\ConvertArea\李清&#23791;復查決定書.doc.txt" 時發生錯誤, 原因: Variant does not reference an automation object
[20141028-154101 WordFileConvertSrv.exe] ERR> 轉檔作業失敗. 從 "D:\NTAKWeb\NTAK_DDQS\Exec\Manager\FileStore\林&#37979;宏決定書.doc" 轉換至 "D:\NTAKWeb\NTAK_DDQS\Exec\ConvertArea\林&#37979;宏決定書.doc.txt" 時發生錯誤, 原因: Variant does not reference an automation object
[20141028-154101 WordFileConvertSrv.exe] ERR> 轉檔作業失敗. 從 "D:\NTAKWeb\NTAK_DDQS\Exec\Manager\FileStore\林奇峰95年度復查報告確定版.doc" 轉換至 "D:\NTAKWeb\NTAK_DDQS\Exec\ConvertArea\林奇峰95年度復查報告確定版.doc.txt" 時發生錯誤, 原因: Variant does not reference an automation object
[20141028-154101 WordFileConvertSrv.exe] ERR> 轉檔作業失敗. 從 "D:\NTAKWeb\NTAK_DDQS\Exec\Manager\FileStore\林宜靜(第09903210號)-94~96年度.doc" 轉換至 "D:\NTAKWeb\NTAK_DDQS\Exec\ConvertArea\林宜靜(第09903210號)-94~96年度.doc.txt" 時發生錯誤, 原因: Variant does not reference an automation object
[20141028-154101 WordFileConvertSrv.exe] ERR> 轉檔作業失敗. 從 "D:\NTAKWeb\NTAK_DDQS\Exec\Manager\FileStore\林茂雄98年度綜合所得稅正本.doc" 轉換至 "D:\NTAKWeb\NTAK_DDQS\Exec\ConvertArea\林茂雄98年度綜合所得稅正本.doc.txt" 時發生錯誤, 原因: Variant does not reference an automation object
[20141028-154101 WordFileConvertSrv.exe] ERR> 轉檔作業失敗. 從 "D:\NTAKWeb\NTAK_DDQS\Exec\Manager\FileStore\林麗俐(第10002578號)-93年度.doc" 轉換至 "D:\NTAKWeb\NTAK_DDQS\Exec\ConvertArea\林麗俐(第10002578號)-93年度.doc.txt" 時發生錯誤, 原因: Variant does not reference an automation object
[20141028-154101 WordFileConvertSrv.exe] ERR> 轉檔作業失敗. 從 "D:\NTAKWeb\NTAK_DDQS\Exec\Manager\FileStore\楊肅泰(第09804135號)-96年度.doc" 轉換至 "D:\NTAKWeb\NTAK_DDQS\Exec\ConvertArea\楊肅泰(第09804135號)-96年度.doc.txt" 時發生錯誤, 原因: Variant does not reference an automation object
[20141028-154101 WordFileConvertSrv.exe] ERR> 轉檔作業失敗. 從 "D:\NTAKWeb\NTAK_DDQS\Exec\Manager\FileStore\歐陽建華(第09902018號)-88年度.doc" 轉換至 "D:\NTAKWeb\NTAK_DDQS\Exec\ConvertArea\歐陽建華(第09902018號)-88年度.doc.txt" 時發生錯誤, 原因: Variant does not reference an automation object
[20141028-154101 WordFileConvertSrv.exe] ERR> 轉檔作業失敗. 從 "D:\NTAKWeb\NTAK_DDQS\Exec\Manager\FileStore\武穎決~1.DOC" 轉換至 "D:\NTAKWeb\NTAK_DDQS\Exec\ConvertArea\武穎決~1.DOC.txt" 時發生錯誤, 原因: Variant does not reference an automation object
[20141028-154101 WordFileConvertSrv.exe] ERR> 轉檔作業失敗. 從 "D:\NTAKWeb\NTAK_DDQS\Exec\Manager\FileStore\潘&#21843;銘100罰鍰-委託他人代為申報-維持.doc" 轉換至 "D:\NTAKWeb\NTAK_DDQS\Exec\ConvertArea\潘&#21843;銘100罰鍰-委託他人代為申報-維持.doc.txt" 時發生錯誤, 原因: Variant does not reference an automation object
[20141028-154101 WordFileConvertSrv.exe] ERR> 轉檔作業失敗. 從 "D:\NTAKWeb\NTAK_DDQS\Exec\Manager\FileStore\王&#28702;苡101年特銷稅罰鍰決定書-函.docx" 轉換至 "D:\NTAKWeb\NTAK_DDQS\Exec\ConvertArea\王&#28702;苡101年特銷稅罰鍰決定書-函.docx.txt" 時發生錯誤, 原因: Variant does not reference an automation object
[20141028-154101 WordFileConvertSrv.exe] ERR> 轉檔作業失敗. 從 "D:\NTAKWeb\NTAK_DDQS\Exec\Manager\FileStore\白美香(第09803188號)-96年度.doc" 轉換至 "D:\NTAKWeb\NTAK_DDQS\Exec\ConvertArea\白美香(第09803188號)-96年度.doc.txt" 時發生錯誤, 原因: Variant does not reference an automation object
[20141028-154101 WordFileConvertSrv.exe] ERR> 轉檔作業失敗. 從 "D:\NTAKWeb\NTAK_DDQS\Exec\Manager\FileStore\蘇宏典(第10001702號)-95年度.doc" 轉換至 "D:\NTAKWeb\NTAK_DDQS\Exec\ConvertArea\蘇宏典(第10001702號)-95年度.doc.txt" 時發生錯誤, 原因: Variant does not reference an automation object
[20141028-154101 WordFileConvertSrv.exe] ERR> 轉檔作業失敗. 從 "D:\NTAKWeb\NTAK_DDQS\Exec\Manager\FileStore\達旺廣告(第09803394號)-95年度.doc" 轉換至 "D:\NTAKWeb\NTAK_DDQS\Exec\ConvertArea\達旺廣告(第09803394號)-95年度.doc.txt" 時發生錯誤, 原因: Variant does not reference an automation object
[20141028-154101 WordFileConvertSrv.exe] ERR> 轉檔作業失敗. 從 "D:\NTAKWeb\NTAK_DDQS\Exec\Manager\FileStore\鍇億國際95營所稅決定書(虛銷8%).doc" 轉換至 "D:\NTAKWeb\NTAK_DDQS\Exec\ConvertArea\鍇億國際95營所稅決定書(虛銷8%).doc.txt" 時發生錯誤, 原因: Variant does not reference an automation object
[20141028-154101 WordFileConvertSrv.exe] ERR> 轉檔作業失敗. 從 "D:\NTAKWeb\NTAK_DDQS\Exec\Manager\FileStore\鍇億國際95營所稅決定書虛銷8%.doc" 轉換至 "D:\NTAKWeb\NTAK_DDQS\Exec\ConvertArea\鍇億國際95營所稅決定書虛銷8%.doc.txt" 時發生錯誤, 原因: Variant does not reference an automation object
[20141028-154101 WordFileConvertSrv.exe] ERR> 轉檔作業失敗. 從 "D:\NTAKWeb\NTAK_DDQS\Exec\Manager\FileStore\陳麗文(第09801332號)-96年度.doc" 轉換至 "D:\NTAKWeb\NTAK_DDQS\Exec\ConvertArea\陳麗文(第09801332號)-96年度.doc.txt" 時發生錯誤, 原因: Variant does not reference an automation object
[20141028-154101 WordFileConvertSrv.exe] ERR> 轉檔作業失敗. 從 "D:\NTAKWeb\NTAK_DDQS\Exec\Manager\FileStore\黃&#28702;瑢復查決定書-海外所得.doc" 轉換至 "D:\NTAKWeb\NTAK_DDQS\Exec\ConvertArea\黃&#28702;瑢復查決定書-海外所得.doc.txt" 時發生錯誤, 原因: Variant does not reference an automation object
[20141028-154101 WordFileConvertSrv.exe] ERR> 轉檔作業失敗. 從 "D:\NTAKWeb\NTAK_DDQS\Exec\Manager\FileStore\黃鳳珠(第09703642號)-95年度.doc" 轉換至 "D:\NTAKWeb\NTAK_DDQS\Exec\ConvertArea\黃鳳珠(第09703642號)-95年度.doc.txt" 時發生錯誤, 原因: Variant does not reference an automation object
[20141029-102228 WordFileConvertSrv.exe] ERR> 轉檔作業失敗. 從 "D:\NTAKWeb\NTAK_DDQS\Exec\Manager\FileStore\&#40644;武穎決定書.doc" 轉換至 "D:\NTAKWeb\NTAK_DDQS\Exec\ConvertArea\&#40644;武穎決定書.doc.txt" 時發生錯誤, 原因: Variant does not reference an automation object
[20141029-102228 WordFileConvertSrv.exe] ERR> 轉檔作業失敗. 從 "D:\NTAKWeb\NTAK_DDQS\Exec\Manager\FileStore\09700128300.doc" 轉換至 "D:\NTAKWeb\NTAK_DDQS\Exec\ConvertArea\09700128300.doc.txt" 時發生錯誤, 原因: Variant does not reference an automation object
[20141029-102228 WordFileConvertSrv.exe] ERR> 轉檔作業失敗. 從 "D:\NTAKWeb\NTAK_DDQS\Exec\Manager\FileStore\09700398060.doc" 轉換至 "D:\NTAKWeb\NTAK_DDQS\Exec\ConvertArea\09700398060.doc.txt" 時發生錯誤, 原因: Variant does not reference an automation object
[20141029-102228 WordFileConvertSrv.exe] ERR> 轉檔作業失敗. 從 "D:\NTAKWeb\NTAK_DDQS\Exec\Manager\FileStore\1-1020924洪瑞&#23791;君96年度復查決定書-函.doc" 轉換至 "D:\NTAKWeb\NTAK_DDQS\Exec\ConvertArea\1-1020924洪瑞&#23791;君96年度復查決定書-函.doc.txt" 時發生錯誤, 原因: Variant does not reference an automation object
[20141029-102228 WordFileConvertSrv.exe] ERR> 轉檔作業失敗. 從 "D:\NTAKWeb\NTAK_DDQS\Exec\Manager\FileStore\100-2-21鍾泰營造有限公司營業稅罰鍰(復查決定書-重繕(發文).doc" 轉換至 "D:\NTAKWeb\NTAK_DDQS\Exec\ConvertArea\100-2-21鍾泰營造有限公司營業稅罰鍰(復查決定書-重繕(發文).doc.txt" 時發生錯誤, 原因: Variant does not reference an automation object
[20141029-102228 WordFileConvertSrv.exe] ERR> 轉檔作業失敗. 從 "D:\NTAKWeb\NTAK_DDQS\Exec\Manager\FileStore\100年度判字第1949號.doc" 轉換至 "D:\NTAKWeb\NTAK_DDQS\Exec\ConvertArea\100年度判字第1949號.doc.txt" 時發生錯誤, 原因: Variant does not reference an automation object
[20141029-102228 WordFileConvertSrv.exe] ERR> 轉檔作業失敗. 從 "D:\NTAKWeb\NTAK_DDQS\Exec\Manager\FileStore\100年度復查決定書稿發文.doc" 轉換至 "D:\NTAKWeb\NTAK_DDQS\Exec\ConvertArea\100年度復查決定書稿發文.doc.txt" 時發生錯誤, 原因: Variant does not reference an automation object
[20141029-102228 WordFileConvertSrv.exe] ERR> 轉檔作業失敗. 從 "D:\NTAKWeb\NTAK_DDQS\Exec\Manager\FileStore\100年度訴字第444號.doc" 轉換至 "D:\NTAKWeb\NTAK_DDQS\Exec\ConvertArea\100年度訴字第444號.doc.txt" 時發生錯誤, 原因: Variant does not reference an automation object
[20141029-102228 WordFileConvertSrv.exe] ERR> 轉檔作業失敗. 從 "D:\NTAKWeb\NTAK_DDQS\Exec\Manager\FileStore\102.4.29-陳&#28913;泰(陳吳芬釵)100年度綜所稅復查決定書.doc" 轉換至 "D:\NTAKWeb\NTAK_DDQS\Exec\ConvertArea\102.4.29-陳&#28913;泰(陳吳芬釵)100年度綜所稅復查決定書.doc.txt" 時發生錯誤, 原因: Variant does not reference an automation object
[20141029-102228 WordFileConvertSrv.exe] ERR> 轉檔作業失敗. 從 "D:\NTAKWeb\NTAK_DDQS\Exec\Manager\FileStore\10201614.doc" 轉換至 "D:\NTAKWeb\NTAK_DDQS\Exec\ConvertArea\10201614.doc.txt" 時發生錯誤, 原因: Variant does not reference an automation object
[20141029-102228 WordFileConvertSrv.exe] ERR> 轉檔作業失敗. 從 "D:\NTAKWeb\NTAK_DDQS\Exec\Manager\FileStore\1020716張孟信99年度綜所稅復查決定書(復查會決議修正).doc" 轉換至 "D:\NTAKWeb\NTAK_DDQS\Exec\ConvertArea\1020716張孟信99年度綜所稅復查決定書(復查會決議修正).doc.txt" 時發生錯誤, 原因: Variant does not reference an automation object
[20141029-102228 WordFileConvertSrv.exe] ERR> 轉檔作業失敗. 從 "D:\NTAKWeb\NTAK_DDQS\Exec\Manager\FileStore\1021030黃振銘君99年度綜所稅復查決定書.doc" 轉換至 "D:\NTAKWeb\NTAK_DDQS\Exec\ConvertArea\1021030黃振銘君99年度綜所稅復查決定書.doc.txt" 時發生錯誤, 原因: Variant does not reference an automation object
[20141029-102228 WordFileConvertSrv.exe] ERR> 轉檔作業失敗. 從 "D:\NTAKWeb\NTAK_DDQS\Exec\Manager\FileStore\103.06.23發文-黃小芳101年綜所稅決定書稿.doc" 轉換至 "D:\NTAKWeb\NTAK_DDQS\Exec\ConvertArea\103.06.23發文-黃小芳101年綜所稅決定書稿.doc.txt" 時發生錯誤, 原因: Variant does not reference an automation object
[20141029-102228 WordFileConvertSrv.exe] ERR> 轉檔作業失敗. 從 "D:\NTAKWeb\NTAK_DDQS\Exec\Manager\FileStore\103.4.25發文-陳振昌100年綜所稅決定書(罰鍰).doc" 轉換至 "D:\NTAKWeb\NTAK_DDQS\Exec\ConvertArea\103.4.25發文-陳振昌100年綜所稅決定書(罰鍰).doc.txt" 時發生錯誤, 原因: Variant does not reference an automation object
[20141029-102228 WordFileConvertSrv.exe] ERR> 轉檔作業失敗. 從 "D:\NTAKWeb\NTAK_DDQS\Exec\Manager\FileStore\10300120.doc" 轉換至 "D:\NTAKWeb\NTAK_DDQS\Exec\ConvertArea\10300120.doc.txt" 時發生錯誤, 原因: Variant does not reference an automation object
[20141029-102228 WordFileConvertSrv.exe] ERR> 轉檔作業失敗. 從 "D:\NTAKWeb\NTAK_DDQS\Exec\Manager\FileStore\1030912江昌101營所稅(漏報其他收入) 罰鍰復查決定書(發文).doc" 轉換至 "D:\NTAKWeb\NTAK_DDQS\Exec\ConvertArea\1030912江昌101營所稅(漏報其他收入) 罰鍰復查決定書(發文).doc.txt" 時發生錯誤, 原因: Variant does not reference an automation object
[20141029-102228 WordFileConvertSrv.exe] ERR> 轉檔作業失敗. 從 "D:\NTAKWeb\NTAK_DDQS\Exec\Manager\FileStore\95年度訴字第160號(2).doc" 轉換至 "D:\NTAKWeb\NTAK_DDQS\Exec\ConvertArea\95年度訴字第160號(2).doc.txt" 時發生錯誤, 原因: Variant does not reference an automation object
[20141029-102228 WordFileConvertSrv.exe] ERR> 轉檔作業失敗. 從 "D:\NTAKWeb\NTAK_DDQS\Exec\Manager\FileStore\98年度再字第37號.doc" 轉換至 "D:\NTAKWeb\NTAK_DDQS\Exec\ConvertArea\98年度再字第37號.doc.txt" 時發生錯誤, 原因: Variant does not reference an automation object
[20141029-102228 WordFileConvertSrv.exe] ERR> 轉檔作業失敗. 從 "D:\NTAKWeb\NTAK_DDQS\Exec\Manager\FileStore\98年度簡再字第13號(2).doc" 轉換至 "D:\NTAKWeb\NTAK_DDQS\Exec\ConvertArea\98年度簡再字第13號(2).doc.txt" 時發生錯誤, 原因: Variant does not reference an automation object
[20141029-102228 WordFileConvertSrv.exe] ERR> 轉檔作業失敗. 從 "D:\NTAKWeb\NTAK_DDQS\Exec\Manager\FileStore\99年度簡再字第9號.doc" 轉換至 "D:\NTAKWeb\NTAK_DDQS\Exec\ConvertArea\99年度簡再字第9號.doc.txt" 時發生錯誤, 原因: Variant does not reference an automation object
[20141029-102228 WordFileConvertSrv.exe] ERR> 轉檔作業失敗. 從 "D:\NTAKWeb\NTAK_DDQS\Exec\Manager\FileStore\IE8302100730陳景生101本稅-短報5%－更正後.doc" 轉換至 "D:\NTAKWeb\NTAK_DDQS\Exec\ConvertArea\IE8302100730陳景生101本稅-短報5%－更正後.doc.txt" 時發生錯誤, 原因: Variant does not reference an automation object
[20141029-102228 WordFileConvertSrv.exe] ERR> 轉檔作業失敗. 從 "D:\NTAKWeb\NTAK_DDQS\Exec\Manager\FileStore\JVP-LST.doc" 轉換至 "D:\NTAKWeb\NTAK_DDQS\Exec\ConvertArea\JVP-LST.doc.txt" 時發生錯誤, 原因: Variant does not reference an automation object
[20141029-102228 WordFileConvertSrv.exe] ERR> 轉檔作業失敗. 從 "D:\NTAKWeb\NTAK_DDQS\Exec\Manager\FileStore\NE0402400815邱翠蓮99罰鍰-未據實申報扣繳憑單20%-維持.doc" 轉換至 "D:\NTAKWeb\NTAK_DDQS\Exec\ConvertArea\NE0402400815邱翠蓮99罰鍰-未據實申報扣繳憑單20%-維持.doc.txt" 時發生錯誤, 原因: Variant does not reference an automation object
[20141029-102228 WordFileConvertSrv.exe] ERR> 轉檔作業失敗. 從 "D:\NTAKWeb\NTAK_DDQS\Exec\Manager\FileStore\NE0403100144章一民101年復查決定書-稿.doc" 轉換至 "D:\NTAKWeb\NTAK_DDQS\Exec\ConvertArea\NE0403100144章一民101年復查決定書-稿.doc.txt" 時發生錯誤, 原因: Variant does not reference an automation object
[20141029-102228 WordFileConvertSrv.exe] ERR> 轉檔作業失敗. 從 "D:\NTAKWeb\NTAK_DDQS\Exec\Manager\FileStore\NE8302100123莊全勝100免稅額-追減-核定.doc" 轉換至 "D:\NTAKWeb\NTAK_DDQS\Exec\ConvertArea\NE8302100123莊全勝100免稅額-追減-核定.doc.txt" 時發生錯誤, 原因: Variant does not reference an automation object
[20141029-102228 WordFileConvertSrv.exe] ERR> 轉檔作業失敗. 從 "D:\NTAKWeb\NTAK_DDQS\Exec\Manager\FileStore\NE8302400498潘&#21843;銘100罰鍰-委託他人代為申報-維持.doc" 轉換至 "D:\NTAKWeb\NTAK_DDQS\Exec\ConvertArea\NE8302400498潘&#21843;銘100罰鍰-委託他人代為申報-維持.doc.txt" 時發生錯誤, 原因: Variant does not reference an automation object
[20141029-102228 WordFileConvertSrv.exe] ERR> 轉檔作業失敗. 從 "D:\NTAKWeb\NTAK_DDQS\Exec\Manager\FileStore\何海鷗101虛列免稅額決定書(本+罰)正本.doc" 轉換至 "D:\NTAKWeb\NTAK_DDQS\Exec\ConvertArea\何海鷗101虛列免稅額決定書(本+罰)正本.doc.txt" 時發生錯誤, 原因: Variant does not reference an automation object
[20141029-102228 WordFileConvertSrv.exe] ERR> 轉檔作業失敗. 從 "D:\NTAKWeb\NTAK_DDQS\Exec\Manager\FileStore\佳勝營造(第09903392號)-94年度.doc" 轉換至 "D:\NTAKWeb\NTAK_DDQS\Exec\ConvertArea\佳勝營造(第09903392號)-94年度.doc.txt" 時發生錯誤, 原因: Variant does not reference an automation object
[20141029-102228 WordFileConvertSrv.exe] ERR> 轉檔作業失敗. 從 "D:\NTAKWeb\NTAK_DDQS\Exec\Manager\FileStore\北方之星(第09800030號)-89年度.doc" 轉換至 "D:\NTAKWeb\NTAK_DDQS\Exec\ConvertArea\北方之星(第09800030號)-89年度.doc.txt" 時發生錯誤, 原因: Variant does not reference an automation object
[20141029-102228 WordFileConvertSrv.exe] ERR> 轉檔作業失敗. 從 "D:\NTAKWeb\NTAK_DDQS\Exec\Manager\FileStore\呂冠霖(第09704361~09704365號)-91~95年度.doc" 轉換至 "D:\NTAKWeb\NTAK_DDQS\Exec\ConvertArea\呂冠霖(第09704361~09704365號)-91~95年度.doc.txt" 時發生錯誤, 原因: Variant does not reference an automation object
[20141029-102228 WordFileConvertSrv.exe] ERR> 轉檔作業失敗. 從 "D:\NTAKWeb\NTAK_DDQS\Exec\Manager\FileStore\周王金珍(第09800157號)-94年度.doc" 轉換至 "D:\NTAKWeb\NTAK_DDQS\Exec\ConvertArea\周王金珍(第09800157號)-94年度.doc.txt" 時發生錯誤, 原因: Variant does not reference an automation object
[20141029-102228 WordFileConvertSrv.exe] ERR> 轉檔作業失敗. 從 "D:\NTAKWeb\NTAK_DDQS\Exec\Manager\FileStore\廖東建(第10001282號)-98年度.doc" 轉換至 "D:\NTAKWeb\NTAK_DDQS\Exec\ConvertArea\廖東建(第10001282號)-98年度.doc.txt" 時發生錯誤, 原因: Variant does not reference an automation object
[20141029-102228 WordFileConvertSrv.exe] ERR> 轉檔作業失敗. 從 "D:\NTAKWeb\NTAK_DDQS\Exec\Manager\FileStore\廣建95營所稅決定書(虛銷8%).doc" 轉換至 "D:\NTAKWeb\NTAK_DDQS\Exec\ConvertArea\廣建95營所稅決定書(虛銷8%).doc.txt" 時發生錯誤, 原因: Variant does not reference an automation object
[20141029-102228 WordFileConvertSrv.exe] ERR> 轉檔作業失敗. 從 "D:\NTAKWeb\NTAK_DDQS\Exec\Manager\FileStore\彭宴祥(第09801703號)-96年度.doc" 轉換至 "D:\NTAKWeb\NTAK_DDQS\Exec\ConvertArea\彭宴祥(第09801703號)-96年度.doc.txt" 時發生錯誤, 原因: Variant does not reference an automation object
[20141029-102228 WordFileConvertSrv.exe] ERR> 轉檔作業失敗. 從 "D:\NTAKWeb\NTAK_DDQS\Exec\Manager\FileStore\復查決定-函洪俊良93信託營利所得-實質課稅-核課期間.doc" 轉換至 "D:\NTAKWeb\NTAK_DDQS\Exec\ConvertArea\復查決定-函洪俊良93信託營利所得-實質課稅-核課期間.doc.txt" 時發生錯誤, 原因: Variant does not reference an automation object
[20141029-102228 WordFileConvertSrv.exe] ERR> 轉檔作業失敗. 從 "D:\NTAKWeb\NTAK_DDQS\Exec\Manager\FileStore\日月光電子100年度營所稅復查決定書.doc" 轉換至 "D:\NTAKWeb\NTAK_DDQS\Exec\ConvertArea\日月光電子100年度營所稅復查決定書.doc.txt" 時發生錯誤, 原因: Variant does not reference an automation object
[20141029-102228 WordFileConvertSrv.exe] ERR> 轉檔作業失敗. 從 "D:\NTAKWeb\NTAK_DDQS\Exec\Manager\FileStore\李淑&#32137;決定書.doc" 轉換至 "D:\NTAKWeb\NTAK_DDQS\Exec\ConvertArea\李淑&#32137;決定書.doc.txt" 時發生錯誤, 原因: Variant does not reference an automation object
[20141029-102228 WordFileConvertSrv.exe] ERR> 轉檔作業失敗. 從 "D:\NTAKWeb\NTAK_DDQS\Exec\Manager\FileStore\李清 復查決定書.doc.doc" 轉換至 "D:\NTAKWeb\NTAK_DDQS\Exec\ConvertArea\李清 復查決定書.doc.doc.txt" 時發生錯誤, 原因: Variant does not reference an automation object
[20141029-102228 WordFileConvertSrv.exe] ERR> 轉檔作業失敗. 從 "D:\NTAKWeb\NTAK_DDQS\Exec\Manager\FileStore\李清&#23791;復查決定書.doc" 轉換至 "D:\NTAKWeb\NTAK_DDQS\Exec\ConvertArea\李清&#23791;復查決定書.doc.txt" 時發生錯誤, 原因: Variant does not reference an automation object
[20141029-102228 WordFileConvertSrv.exe] ERR> 轉檔作業失敗. 從 "D:\NTAKWeb\NTAK_DDQS\Exec\Manager\FileStore\林&#37979;宏決定書.doc" 轉換至 "D:\NTAKWeb\NTAK_DDQS\Exec\ConvertArea\林&#37979;宏決定書.doc.txt" 時發生錯誤, 原因: Variant does not reference an automation object
[20141029-102228 WordFileConvertSrv.exe] ERR> 轉檔作業失敗. 從 "D:\NTAKWeb\NTAK_DDQS\Exec\Manager\FileStore\林奇峰95年度復查報告確定版.doc" 轉換至 "D:\NTAKWeb\NTAK_DDQS\Exec\ConvertArea\林奇峰95年度復查報告確定版.doc.txt" 時發生錯誤, 原因: Variant does not reference an automation object
[20141029-102228 WordFileConvertSrv.exe] ERR> 轉檔作業失敗. 從 "D:\NTAKWeb\NTAK_DDQS\Exec\Manager\FileStore\林宜靜(第09903210號)-94~96年度.doc" 轉換至 "D:\NTAKWeb\NTAK_DDQS\Exec\ConvertArea\林宜靜(第09903210號)-94~96年度.doc.txt" 時發生錯誤, 原因: Variant does not reference an automation object
[20141029-102228 WordFileConvertSrv.exe] ERR> 轉檔作業失敗. 從 "D:\NTAKWeb\NTAK_DDQS\Exec\Manager\FileStore\林茂雄98年度綜合所得稅正本.doc" 轉換至 "D:\NTAKWeb\NTAK_DDQS\Exec\ConvertArea\林茂雄98年度綜合所得稅正本.doc.txt" 時發生錯誤, 原因: Variant does not reference an automation object
[20141029-102228 WordFileConvertSrv.exe] ERR> 轉檔作業失敗. 從 "D:\NTAKWeb\NTAK_DDQS\Exec\Manager\FileStore\林首文95綜所稅決定書復查決定書.doc" 轉換至 "D:\NTAKWeb\NTAK_DDQS\Exec\ConvertArea\林首文95綜所稅決定書復查決定書.doc.txt" 時發生錯誤, 原因: Variant does not reference an automation object
[20141029-102228 WordFileConvertSrv.exe] ERR> 轉檔作業失敗. 從 "D:\NTAKWeb\NTAK_DDQS\Exec\Manager\FileStore\林麗俐(第10002578號)-93年度.doc" 轉換至 "D:\NTAKWeb\NTAK_DDQS\Exec\ConvertArea\林麗俐(第10002578號)-93年度.doc.txt" 時發生錯誤, 原因: Variant does not reference an automation object
[20141029-102228 WordFileConvertSrv.exe] ERR> 轉檔作業失敗. 從 "D:\NTAKWeb\NTAK_DDQS\Exec\Manager\FileStore\楊肅泰(第09804135號)-96年度.doc" 轉換至 "D:\NTAKWeb\NTAK_DDQS\Exec\ConvertArea\楊肅泰(第09804135號)-96年度.doc.txt" 時發生錯誤, 原因: Variant does not reference an automation object
[20141029-102228 WordFileConvertSrv.exe] ERR> 轉檔作業失敗. 從 "D:\NTAKWeb\NTAK_DDQS\Exec\Manager\FileStore\歐陽建華(第09902018號)-88年度.doc" 轉換至 "D:\NTAKWeb\NTAK_DDQS\Exec\ConvertArea\歐陽建華(第09902018號)-88年度.doc.txt" 時發生錯誤, 原因: Variant does not reference an automation object
[20141029-102228 WordFileConvertSrv.exe] ERR> 轉檔作業失敗. 從 "D:\NTAKWeb\NTAK_DDQS\Exec\Manager\FileStore\武穎決~1.DOC" 轉換至 "D:\NTAKWeb\NTAK_DDQS\Exec\ConvertArea\武穎決~1.DOC.txt" 時發生錯誤, 原因: Variant does not reference an automation object
[20141029-102228 WordFileConvertSrv.exe] ERR> 轉檔作業失敗. 從 "D:\NTAKWeb\NTAK_DDQS\Exec\Manager\FileStore\潘&#21843;銘100罰鍰-委託他人代為申報-維持.doc" 轉換至 "D:\NTAKWeb\NTAK_DDQS\Exec\ConvertArea\潘&#21843;銘100罰鍰-委託他人代為申報-維持.doc.txt" 時發生錯誤, 原因: Variant does not reference an automation object
[20141029-102228 WordFileConvertSrv.exe] ERR> 轉檔作業失敗. 從 "D:\NTAKWeb\NTAK_DDQS\Exec\Manager\FileStore\王&#28702;苡101年特銷稅罰鍰決定書-函.docx" 轉換至 "D:\NTAKWeb\NTAK_DDQS\Exec\ConvertArea\王&#28702;苡101年特銷稅罰鍰決定書-函.docx.txt" 時發生錯誤, 原因: Variant does not reference an automation object
[20141029-102228 WordFileConvertSrv.exe] ERR> 轉檔作業失敗. 從 "D:\NTAKWeb\NTAK_DDQS\Exec\Manager\FileStore\白美香(第09803188號)-96年度.doc" 轉換至 "D:\NTAKWeb\NTAK_DDQS\Exec\ConvertArea\白美香(第09803188號)-96年度.doc.txt" 時發生錯誤, 原因: Variant does not reference an automation object
[20141029-102228 WordFileConvertSrv.exe] ERR> 轉檔作業失敗. 從 "D:\NTAKWeb\NTAK_DDQS\Exec\Manager\FileStore\蘇宏典(第10001702號)-95年度.doc" 轉換至 "D:\NTAKWeb\NTAK_DDQS\Exec\ConvertArea\蘇宏典(第10001702號)-95年度.doc.txt" 時發生錯誤, 原因: Variant does not reference an automation object
[20141029-102228 WordFileConvertSrv.exe] ERR> 轉檔作業失敗. 從 "D:\NTAKWeb\NTAK_DDQS\Exec\Manager\FileStore\達旺廣告(第09803394號)-95年度.doc" 轉換至 "D:\NTAKWeb\NTAK_DDQS\Exec\ConvertArea\達旺廣告(第09803394號)-95年度.doc.txt" 時發生錯誤, 原因: Variant does not reference an automation object
[20141029-102228 WordFileConvertSrv.exe] ERR> 轉檔作業失敗. 從 "D:\NTAKWeb\NTAK_DDQS\Exec\Manager\FileStore\鍇億國際95營所稅決定書(虛銷8%).doc" 轉換至 "D:\NTAKWeb\NTAK_DDQS\Exec\ConvertArea\鍇億國際95營所稅決定書(虛銷8%).doc.txt" 時發生錯誤, 原因: Variant does not reference an automation object
[20141029-102228 WordFileConvertSrv.exe] ERR> 轉檔作業失敗. 從 "D:\NTAKWeb\NTAK_DDQS\Exec\Manager\FileStore\鍇億國際95營所稅決定書虛銷8%.doc" 轉換至 "D:\NTAKWeb\NTAK_DDQS\Exec\ConvertArea\鍇億國際95營所稅決定書虛銷8%.doc.txt" 時發生錯誤, 原因: Variant does not reference an automation object
[20141029-102228 WordFileConvertSrv.exe] ERR> 轉檔作業失敗. 從 "D:\NTAKWeb\NTAK_DDQS\Exec\Manager\FileStore\陳麗文(第09801332號)-96年度.doc" 轉換至 "D:\NTAKWeb\NTAK_DDQS\Exec\ConvertArea\陳麗文(第09801332號)-96年度.doc.txt" 時發生錯誤, 原因: Variant does not reference an automation object
[20141029-102228 WordFileConvertSrv.exe] ERR> 轉檔作業失敗. 從 "D:\NTAKWeb\NTAK_DDQS\Exec\Manager\FileStore\黃&#28702;瑢復查決定書-海外所得.doc" 轉換至 "D:\NTAKWeb\NTAK_DDQS\Exec\ConvertArea\黃&#28702;瑢復查決定書-海外所得.doc.txt" 時發生錯誤, 原因: Variant does not reference an automation object
[20141029-102228 WordFileConvertSrv.exe] ERR> 轉檔作業失敗. 從 "D:\NTAKWeb\NTAK_DDQS\Exec\Manager\FileStore\黃鳳珠(第09703642號)-95年度.doc" 轉換至 "D:\NTAKWeb\NTAK_DDQS\Exec\ConvertArea\黃鳳珠(第09703642號)-95年度.doc.txt" 時發生錯誤, 原因: Variant does not reference an automation object
[20141029-102329 WordFileConvertSrv.exe] ERR> 轉檔作業失敗. 從 "D:\NTAKWeb\NTAK_DDQS\Exec\Manager\FileStore\&#40644;武穎決定書.doc" 轉換至 "D:\NTAKWeb\NTAK_DDQS\Exec\ConvertArea\&#40644;武穎決定書.doc.txt" 時發生錯誤, 原因: Variant does not reference an automation object
[20141029-102329 WordFileConvertSrv.exe] ERR> 轉檔作業失敗. 從 "D:\NTAKWeb\NTAK_DDQS\Exec\Manager\FileStore\09700128300.doc" 轉換至 "D:\NTAKWeb\NTAK_DDQS\Exec\ConvertArea\09700128300.doc.txt" 時發生錯誤, 原因: Variant does not reference an automation object
[20141029-102329 WordFileConvertSrv.exe] ERR> 轉檔作業失敗. 從 "D:\NTAKWeb\NTAK_DDQS\Exec\Manager\FileStore\09700398060.doc" 轉換至 "D:\NTAKWeb\NTAK_DDQS\Exec\ConvertArea\09700398060.doc.txt" 時發生錯誤, 原因: Variant does not reference an automation object
[20141029-102329 WordFileConvertSrv.exe] ERR> 轉檔作業失敗. 從 "D:\NTAKWeb\NTAK_DDQS\Exec\Manager\FileStore\1-1020924洪瑞&#23791;君96年度復查決定書-函.doc" 轉換至 "D:\NTAKWeb\NTAK_DDQS\Exec\ConvertArea\1-1020924洪瑞&#23791;君96年度復查決定書-函.doc.txt" 時發生錯誤, 原因: Variant does not reference an automation object
[20141029-102329 WordFileConvertSrv.exe] ERR> 轉檔作業失敗. 從 "D:\NTAKWeb\NTAK_DDQS\Exec\Manager\FileStore\100-2-21鍾泰營造有限公司營業稅罰鍰(復查決定書-重繕(發文).doc" 轉換至 "D:\NTAKWeb\NTAK_DDQS\Exec\ConvertArea\100-2-21鍾泰營造有限公司營業稅罰鍰(復查決定書-重繕(發文).doc.txt" 時發生錯誤, 原因: Variant does not reference an automation object
[20141029-102329 WordFileConvertSrv.exe] ERR> 轉檔作業失敗. 從 "D:\NTAKWeb\NTAK_DDQS\Exec\Manager\FileStore\100年度判字第1949號.doc" 轉換至 "D:\NTAKWeb\NTAK_DDQS\Exec\ConvertArea\100年度判字第1949號.doc.txt" 時發生錯誤, 原因: Variant does not reference an automation object
[20141029-102329 WordFileConvertSrv.exe] ERR> 轉檔作業失敗. 從 "D:\NTAKWeb\NTAK_DDQS\Exec\Manager\FileStore\100年度復查決定書稿發文.doc" 轉換至 "D:\NTAKWeb\NTAK_DDQS\Exec\ConvertArea\100年度復查決定書稿發文.doc.txt" 時發生錯誤, 原因: Variant does not reference an automation object
[20141029-102329 WordFileConvertSrv.exe] ERR> 轉檔作業失敗. 從 "D:\NTAKWeb\NTAK_DDQS\Exec\Manager\FileStore\100年度訴字第444號.doc" 轉換至 "D:\NTAKWeb\NTAK_DDQS\Exec\ConvertArea\100年度訴字第444號.doc.txt" 時發生錯誤, 原因: Variant does not reference an automation object
[20141029-102329 WordFileConvertSrv.exe] ERR> 轉檔作業失敗. 從 "D:\NTAKWeb\NTAK_DDQS\Exec\Manager\FileStore\102.4.29-陳&#28913;泰(陳吳芬釵)100年度綜所稅復查決定書.doc" 轉換至 "D:\NTAKWeb\NTAK_DDQS\Exec\ConvertArea\102.4.29-陳&#28913;泰(陳吳芬釵)100年度綜所稅復查決定書.doc.txt" 時發生錯誤, 原因: Variant does not reference an automation object
[20141029-102329 WordFileConvertSrv.exe] ERR> 轉檔作業失敗. 從 "D:\NTAKWeb\NTAK_DDQS\Exec\Manager\FileStore\10201614.doc" 轉換至 "D:\NTAKWeb\NTAK_DDQS\Exec\ConvertArea\10201614.doc.txt" 時發生錯誤, 原因: Variant does not reference an automation object
[20141029-102329 WordFileConvertSrv.exe] ERR> 轉檔作業失敗. 從 "D:\NTAKWeb\NTAK_DDQS\Exec\Manager\FileStore\1020716張孟信99年度綜所稅復查決定書(復查會決議修正).doc" 轉換至 "D:\NTAKWeb\NTAK_DDQS\Exec\ConvertArea\1020716張孟信99年度綜所稅復查決定書(復查會決議修正).doc.txt" 時發生錯誤, 原因: Variant does not reference an automation object
[20141029-102329 WordFileConvertSrv.exe] ERR> 轉檔作業失敗. 從 "D:\NTAKWeb\NTAK_DDQS\Exec\Manager\FileStore\1021030黃振銘君99年度綜所稅復查決定書.doc" 轉換至 "D:\NTAKWeb\NTAK_DDQS\Exec\ConvertArea\1021030黃振銘君99年度綜所稅復查決定書.doc.txt" 時發生錯誤, 原因: Variant does not reference an automation object
[20141029-102329 WordFileConvertSrv.exe] ERR> 轉檔作業失敗. 從 "D:\NTAKWeb\NTAK_DDQS\Exec\Manager\FileStore\103.06.23發文-黃小芳101年綜所稅決定書稿.doc" 轉換至 "D:\NTAKWeb\NTAK_DDQS\Exec\ConvertArea\103.06.23發文-黃小芳101年綜所稅決定書稿.doc.txt" 時發生錯誤, 原因: Variant does not reference an automation object
[20141029-102329 WordFileConvertSrv.exe] ERR> 轉檔作業失敗. 從 "D:\NTAKWeb\NTAK_DDQS\Exec\Manager\FileStore\103.4.25發文-陳振昌100年綜所稅決定書(罰鍰).doc" 轉換至 "D:\NTAKWeb\NTAK_DDQS\Exec\ConvertArea\103.4.25發文-陳振昌100年綜所稅決定書(罰鍰).doc.txt" 時發生錯誤, 原因: Variant does not reference an automation object
[20141029-102329 WordFileConvertSrv.exe] ERR> 轉檔作業失敗. 從 "D:\NTAKWeb\NTAK_DDQS\Exec\Manager\FileStore\10300120.doc" 轉換至 "D:\NTAKWeb\NTAK_DDQS\Exec\ConvertArea\10300120.doc.txt" 時發生錯誤, 原因: Variant does not reference an automation object
[20141029-102329 WordFileConvertSrv.exe] ERR> 轉檔作業失敗. 從 "D:\NTAKWeb\NTAK_DDQS\Exec\Manager\FileStore\1030912江昌101營所稅(漏報其他收入) 罰鍰復查決定書(發文).doc" 轉換至 "D:\NTAKWeb\NTAK_DDQS\Exec\ConvertArea\1030912江昌101營所稅(漏報其他收入) 罰鍰復查決定書(發文).doc.txt" 時發生錯誤, 原因: Variant does not reference an automation object
[20141029-102329 WordFileConvertSrv.exe] ERR> 轉檔作業失敗. 從 "D:\NTAKWeb\NTAK_DDQS\Exec\Manager\FileStore\95年度訴字第160號(2).doc" 轉換至 "D:\NTAKWeb\NTAK_DDQS\Exec\ConvertArea\95年度訴字第160號(2).doc.txt" 時發生錯誤, 原因: Variant does not reference an automation object
[20141029-102329 WordFileConvertSrv.exe] ERR> 轉檔作業失敗. 從 "D:\NTAKWeb\NTAK_DDQS\Exec\Manager\FileStore\98年度再字第37號.doc" 轉換至 "D:\NTAKWeb\NTAK_DDQS\Exec\ConvertArea\98年度再字第37號.doc.txt" 時發生錯誤, 原因: Variant does not reference an automation object
[20141029-102329 WordFileConvertSrv.exe] ERR> 轉檔作業失敗. 從 "D:\NTAKWeb\NTAK_DDQS\Exec\Manager\FileStore\98年度簡再字第13號(2).doc" 轉換至 "D:\NTAKWeb\NTAK_DDQS\Exec\ConvertArea\98年度簡再字第13號(2).doc.txt" 時發生錯誤, 原因: Variant does not reference an automation object
[20141029-102329 WordFileConvertSrv.exe] ERR> 轉檔作業失敗. 從 "D:\NTAKWeb\NTAK_DDQS\Exec\Manager\FileStore\99年度簡再字第9號.doc" 轉換至 "D:\NTAKWeb\NTAK_DDQS\Exec\ConvertArea\99年度簡再字第9號.doc.txt" 時發生錯誤, 原因: Variant does not reference an automation object
[20141029-102329 WordFileConvertSrv.exe] ERR> 轉檔作業失敗. 從 "D:\NTAKWeb\NTAK_DDQS\Exec\Manager\FileStore\IE8302100730陳景生101本稅-短報5%－更正後.doc" 轉換至 "D:\NTAKWeb\NTAK_DDQS\Exec\ConvertArea\IE8302100730陳景生101本稅-短報5%－更正後.doc.txt" 時發生錯誤, 原因: Variant does not reference an automation object
[20141029-102329 WordFileConvertSrv.exe] ERR> 轉檔作業失敗. 從 "D:\NTAKWeb\NTAK_DDQS\Exec\Manager\FileStore\JVP-LST.doc" 轉換至 "D:\NTAKWeb\NTAK_DDQS\Exec\ConvertArea\JVP-LST.doc.txt" 時發生錯誤, 原因: Variant does not reference an automation object
[20141029-102329 WordFileConvertSrv.exe] ERR> 轉檔作業失敗. 從 "D:\NTAKWeb\NTAK_DDQS\Exec\Manager\FileStore\NE0402400815邱翠蓮99罰鍰-未據實申報扣繳憑單20%-維持.doc" 轉換至 "D:\NTAKWeb\NTAK_DDQS\Exec\ConvertArea\NE0402400815邱翠蓮99罰鍰-未據實申報扣繳憑單20%-維持.doc.txt" 時發生錯誤, 原因: Variant does not reference an automation object
[20141029-102329 WordFileConvertSrv.exe] ERR> 轉檔作業失敗. 從 "D:\NTAKWeb\NTAK_DDQS\Exec\Manager\FileStore\NE0403100144章一民101年復查決定書-稿.doc" 轉換至 "D:\NTAKWeb\NTAK_DDQS\Exec\ConvertArea\NE0403100144章一民101年復查決定書-稿.doc.txt" 時發生錯誤, 原因: Variant does not reference an automation object
[20141029-102329 WordFileConvertSrv.exe] ERR> 轉檔作業失敗. 從 "D:\NTAKWeb\NTAK_DDQS\Exec\Manager\FileStore\NE8302100123莊全勝100免稅額-追減-核定.doc" 轉換至 "D:\NTAKWeb\NTAK_DDQS\Exec\ConvertArea\NE8302100123莊全勝100免稅額-追減-核定.doc.txt" 時發生錯誤, 原因: Variant does not reference an automation object
[20141029-102329 WordFileConvertSrv.exe] ERR> 轉檔作業失敗. 從 "D:\NTAKWeb\NTAK_DDQS\Exec\Manager\FileStore\NE8302400498潘&#21843;銘100罰鍰-委託他人代為申報-維持.doc" 轉換至 "D:\NTAKWeb\NTAK_DDQS\Exec\ConvertArea\NE8302400498潘&#21843;銘100罰鍰-委託他人代為申報-維持.doc.txt" 時發生錯誤, 原因: Variant does not reference an automation object
[20141029-102329 WordFileConvertSrv.exe] ERR> 轉檔作業失敗. 從 "D:\NTAKWeb\NTAK_DDQS\Exec\Manager\FileStore\何海鷗101虛列免稅額決定書(本+罰)正本.doc" 轉換至 "D:\NTAKWeb\NTAK_DDQS\Exec\ConvertArea\何海鷗101虛列免稅額決定書(本+罰)正本.doc.txt" 時發生錯誤, 原因: Variant does not reference an automation object
[20141029-102329 WordFileConvertSrv.exe] ERR> 轉檔作業失敗. 從 "D:\NTAKWeb\NTAK_DDQS\Exec\Manager\FileStore\佳勝營造(第09903392號)-94年度.doc" 轉換至 "D:\NTAKWeb\NTAK_DDQS\Exec\ConvertArea\佳勝營造(第09903392號)-94年度.doc.txt" 時發生錯誤, 原因: Variant does not reference an automation object
[20141029-102329 WordFileConvertSrv.exe] ERR> 轉檔作業失敗. 從 "D:\NTAKWeb\NTAK_DDQS\Exec\Manager\FileStore\北方之星(第09800030號)-89年度.doc" 轉換至 "D:\NTAKWeb\NTAK_DDQS\Exec\ConvertArea\北方之星(第09800030號)-89年度.doc.txt" 時發生錯誤, 原因: Variant does not reference an automation object
[20141029-102329 WordFileConvertSrv.exe] ERR> 轉檔作業失敗. 從 "D:\NTAKWeb\NTAK_DDQS\Exec\Manager\FileStore\呂冠霖(第09704361~09704365號)-91~95年度.doc" 轉換至 "D:\NTAKWeb\NTAK_DDQS\Exec\ConvertArea\呂冠霖(第09704361~09704365號)-91~95年度.doc.txt" 時發生錯誤, 原因: Variant does not reference an automation object
[20141029-102329 WordFileConvertSrv.exe] ERR> 轉檔作業失敗. 從 "D:\NTAKWeb\NTAK_DDQS\Exec\Manager\FileStore\周王金珍(第09800157號)-94年度.doc" 轉換至 "D:\NTAKWeb\NTAK_DDQS\Exec\ConvertArea\周王金珍(第09800157號)-94年度.doc.txt" 時發生錯誤, 原因: Variant does not reference an automation object
[20141029-102329 WordFileConvertSrv.exe] ERR> 轉檔作業失敗. 從 "D:\NTAKWeb\NTAK_DDQS\Exec\Manager\FileStore\廖東建(第10001282號)-98年度.doc" 轉換至 "D:\NTAKWeb\NTAK_DDQS\Exec\ConvertArea\廖東建(第10001282號)-98年度.doc.txt" 時發生錯誤, 原因: Variant does not reference an automation object
[20141029-102329 WordFileConvertSrv.exe] ERR> 轉檔作業失敗. 從 "D:\NTAKWeb\NTAK_DDQS\Exec\Manager\FileStore\廣建95營所稅決定書(虛銷8%).doc" 轉換至 "D:\NTAKWeb\NTAK_DDQS\Exec\ConvertArea\廣建95營所稅決定書(虛銷8%).doc.txt" 時發生錯誤, 原因: Variant does not reference an automation object
[20141029-102329 WordFileConvertSrv.exe] ERR> 轉檔作業失敗. 從 "D:\NTAKWeb\NTAK_DDQS\Exec\Manager\FileStore\彭宴祥(第09801703號)-96年度.doc" 轉換至 "D:\NTAKWeb\NTAK_DDQS\Exec\ConvertArea\彭宴祥(第09801703號)-96年度.doc.txt" 時發生錯誤, 原因: Variant does not reference an automation object
[20141029-102329 WordFileConvertSrv.exe] ERR> 轉檔作業失敗. 從 "D:\NTAKWeb\NTAK_DDQS\Exec\Manager\FileStore\復查決定-函洪俊良93信託營利所得-實質課稅-核課期間.doc" 轉換至 "D:\NTAKWeb\NTAK_DDQS\Exec\ConvertArea\復查決定-函洪俊良93信託營利所得-實質課稅-核課期間.doc.txt" 時發生錯誤, 原因: Variant does not reference an automation object
[20141029-102329 WordFileConvertSrv.exe] ERR> 轉檔作業失敗. 從 "D:\NTAKWeb\NTAK_DDQS\Exec\Manager\FileStore\日月光電子100年度營所稅復查決定書.doc" 轉換至 "D:\NTAKWeb\NTAK_DDQS\Exec\ConvertArea\日月光電子100年度營所稅復查決定書.doc.txt" 時發生錯誤, 原因: Variant does not reference an automation object
[20141029-102329 WordFileConvertSrv.exe] ERR> 轉檔作業失敗. 從 "D:\NTAKWeb\NTAK_DDQS\Exec\Manager\FileStore\李淑&#32137;決定書.doc" 轉換至 "D:\NTAKWeb\NTAK_DDQS\Exec\ConvertArea\李淑&#32137;決定書.doc.txt" 時發生錯誤, 原因: Variant does not reference an automation object
[20141029-102329 WordFileConvertSrv.exe] ERR> 轉檔作業失敗. 從 "D:\NTAKWeb\NTAK_DDQS\Exec\Manager\FileStore\李清 復查決定書.doc.doc" 轉換至 "D:\NTAKWeb\NTAK_DDQS\Exec\ConvertArea\李清 復查決定書.doc.doc.txt" 時發生錯誤, 原因: Variant does not reference an automation object
[20141029-102329 WordFileConvertSrv.exe] ERR> 轉檔作業失敗. 從 "D:\NTAKWeb\NTAK_DDQS\Exec\Manager\FileStore\李清&#23791;復查決定書.doc" 轉換至 "D:\NTAKWeb\NTAK_DDQS\Exec\ConvertArea\李清&#23791;復查決定書.doc.txt" 時發生錯誤, 原因: Variant does not reference an automation object
[20141029-102329 WordFileConvertSrv.exe] ERR> 轉檔作業失敗. 從 "D:\NTAKWeb\NTAK_DDQS\Exec\Manager\FileStore\林&#37979;宏決定書.doc" 轉換至 "D:\NTAKWeb\NTAK_DDQS\Exec\ConvertArea\林&#37979;宏決定書.doc.txt" 時發生錯誤, 原因: Variant does not reference an automation object
[20141029-102329 WordFileConvertSrv.exe] ERR> 轉檔作業失敗. 從 "D:\NTAKWeb\NTAK_DDQS\Exec\Manager\FileStore\林奇峰95年度復查報告確定版.doc" 轉換至 "D:\NTAKWeb\NTAK_DDQS\Exec\ConvertArea\林奇峰95年度復查報告確定版.doc.txt" 時發生錯誤, 原因: Variant does not reference an automation object
[20141029-102329 WordFileConvertSrv.exe] ERR> 轉檔作業失敗. 從 "D:\NTAKWeb\NTAK_DDQS\Exec\Manager\FileStore\林宜靜(第09903210號)-94~96年度.doc" 轉換至 "D:\NTAKWeb\NTAK_DDQS\Exec\ConvertArea\林宜靜(第09903210號)-94~96年度.doc.txt" 時發生錯誤, 原因: Variant does not reference an automation object
[20141029-102329 WordFileConvertSrv.exe] ERR> 轉檔作業失敗. 從 "D:\NTAKWeb\NTAK_DDQS\Exec\Manager\FileStore\林茂雄98年度綜合所得稅正本.doc" 轉換至 "D:\NTAKWeb\NTAK_DDQS\Exec\ConvertArea\林茂雄98年度綜合所得稅正本.doc.txt" 時發生錯誤, 原因: Variant does not reference an automation object
[20141029-102329 WordFileConvertSrv.exe] ERR> 轉檔作業失敗. 從 "D:\NTAKWeb\NTAK_DDQS\Exec\Manager\FileStore\林麗俐(第10002578號)-93年度.doc" 轉換至 "D:\NTAKWeb\NTAK_DDQS\Exec\ConvertArea\林麗俐(第10002578號)-93年度.doc.txt" 時發生錯誤, 原因: Variant does not reference an automation object
[20141029-102329 WordFileConvertSrv.exe] ERR> 轉檔作業失敗. 從 "D:\NTAKWeb\NTAK_DDQS\Exec\Manager\FileStore\楊肅泰(第09804135號)-96年度.doc" 轉換至 "D:\NTAKWeb\NTAK_DDQS\Exec\ConvertArea\楊肅泰(第09804135號)-96年度.doc.txt" 時發生錯誤, 原因: Variant does not reference an automation object
[20141029-102329 WordFileConvertSrv.exe] ERR> 轉檔作業失敗. 從 "D:\NTAKWeb\NTAK_DDQS\Exec\Manager\FileStore\歐陽建華(第09902018號)-88年度.doc" 轉換至 "D:\NTAKWeb\NTAK_DDQS\Exec\ConvertArea\歐陽建華(第09902018號)-88年度.doc.txt" 時發生錯誤, 原因: Variant does not reference an automation object
[20141029-102329 WordFileConvertSrv.exe] ERR> 轉檔作業失敗. 從 "D:\NTAKWeb\NTAK_DDQS\Exec\Manager\FileStore\武穎決~1.DOC" 轉換至 "D:\NTAKWeb\NTAK_DDQS\Exec\ConvertArea\武穎決~1.DOC.txt" 時發生錯誤, 原因: Variant does not reference an automation object
[20141029-102329 WordFileConvertSrv.exe] ERR> 轉檔作業失敗. 從 "D:\NTAKWeb\NTAK_DDQS\Exec\Manager\FileStore\潘&#21843;銘100罰鍰-委託他人代為申報-維持.doc" 轉換至 "D:\NTAKWeb\NTAK_DDQS\Exec\ConvertArea\潘&#21843;銘100罰鍰-委託他人代為申報-維持.doc.txt" 時發生錯誤, 原因: Variant does not reference an automation object
[20141029-102329 WordFileConvertSrv.exe] ERR> 轉檔作業失敗. 從 "D:\NTAKWeb\NTAK_DDQS\Exec\Manager\FileStore\王&#28702;苡101年特銷稅罰鍰決定書-函.docx" 轉換至 "D:\NTAKWeb\NTAK_DDQS\Exec\ConvertArea\王&#28702;苡101年特銷稅罰鍰決定書-函.docx.txt" 時發生錯誤, 原因: Variant does not reference an automation object
[20141029-102329 WordFileConvertSrv.exe] ERR> 轉檔作業失敗. 從 "D:\NTAKWeb\NTAK_DDQS\Exec\Manager\FileStore\白美香(第09803188號)-96年度.doc" 轉換至 "D:\NTAKWeb\NTAK_DDQS\Exec\ConvertArea\白美香(第09803188號)-96年度.doc.txt" 時發生錯誤, 原因: Variant does not reference an automation object
[20141029-102329 WordFileConvertSrv.exe] ERR> 轉檔作業失敗. 從 "D:\NTAKWeb\NTAK_DDQS\Exec\Manager\FileStore\蘇宏典(第10001702號)-95年度.doc" 轉換至 "D:\NTAKWeb\NTAK_DDQS\Exec\ConvertArea\蘇宏典(第10001702號)-95年度.doc.txt" 時發生錯誤, 原因: Variant does not reference an automation object
[20141029-102329 WordFileConvertSrv.exe] ERR> 轉檔作業失敗. 從 "D:\NTAKWeb\NTAK_DDQS\Exec\Manager\FileStore\達旺廣告(第09803394號)-95年度.doc" 轉換至 "D:\NTAKWeb\NTAK_DDQS\Exec\ConvertArea\達旺廣告(第09803394號)-95年度.doc.txt" 時發生錯誤, 原因: Variant does not reference an automation object
[20141029-102329 WordFileConvertSrv.exe] ERR> 轉檔作業失敗. 從 "D:\NTAKWeb\NTAK_DDQS\Exec\Manager\FileStore\鍇億國際95營所稅決定書(虛銷8%).doc" 轉換至 "D:\NTAKWeb\NTAK_DDQS\Exec\ConvertArea\鍇億國際95營所稅決定書(虛銷8%).doc.txt" 時發生錯誤, 原因: Variant does not reference an automation object
[20141029-102329 WordFileConvertSrv.exe] ERR> 轉檔作業失敗. 從 "D:\NTAKWeb\NTAK_DDQS\Exec\Manager\FileStore\鍇億國際95營所稅決定書虛銷8%.doc" 轉換至 "D:\NTAKWeb\NTAK_DDQS\Exec\ConvertArea\鍇億國際95營所稅決定書虛銷8%.doc.txt" 時發生錯誤, 原因: Variant does not reference an automation object
[20141029-102329 WordFileConvertSrv.exe] ERR> 轉檔作業失敗. 從 "D:\NTAKWeb\NTAK_DDQS\Exec\Manager\FileStore\陳麗文(第09801332號)-96年度.doc" 轉換至 "D:\NTAKWeb\NTAK_DDQS\Exec\ConvertArea\陳麗文(第09801332號)-96年度.doc.txt" 時發生錯誤, 原因: Variant does not reference an automation object
[20141029-102329 WordFileConvertSrv.exe] ERR> 轉檔作業失敗. 從 "D:\NTAKWeb\NTAK_DDQS\Exec\Manager\FileStore\黃&#28702;瑢復查決定書-海外所得.doc" 轉換至 "D:\NTAKWeb\NTAK_DDQS\Exec\ConvertArea\黃&#28702;瑢復查決定書-海外所得.doc.txt" 時發生錯誤, 原因: Variant does not reference an automation object
[20141029-102329 WordFileConvertSrv.exe] ERR> 轉檔作業失敗. 從 "D:\NTAKWeb\NTAK_DDQS\Exec\Manager\FileStore\黃鳳珠(第09703642號)-95年度.doc" 轉換至 "D:\NTAKWeb\NTAK_DDQS\Exec\ConvertArea\黃鳳珠(第09703642號)-95年度.doc.txt" 時發生錯誤, 原因: Variant does not reference an automation object
[20141029-102329 WordFileConvertSrv.exe] ERR> 轉檔作業失敗. 從 "D:\NTAKWeb\NTAK_DDQS\Exec\Manager\FileStore\&#40644;武穎決定書.doc" 轉換至 "D:\NTAKWeb\NTAK_DDQS\Exec\ConvertArea\&#40644;武穎決定書.doc.txt" 時發生錯誤, 原因: Variant does not reference an automation object
[20141029-102329 WordFileConvertSrv.exe] ERR> 轉檔作業失敗. 從 "D:\NTAKWeb\NTAK_DDQS\Exec\Manager\FileStore\09700128300.doc" 轉換至 "D:\NTAKWeb\NTAK_DDQS\Exec\ConvertArea\09700128300.doc.txt" 時發生錯誤, 原因: Variant does not reference an automation object
[20141029-102329 WordFileConvertSrv.exe] ERR> 轉檔作業失敗. 從 "D:\NTAKWeb\NTAK_DDQS\Exec\Manager\FileStore\09700398060.doc" 轉換至 "D:\NTAKWeb\NTAK_DDQS\Exec\ConvertArea\09700398060.doc.txt" 時發生錯誤, 原因: Variant does not reference an automation object
[20141029-102329 WordFileConvertSrv.exe] ERR> 轉檔作業失敗. 從 "D:\NTAKWeb\NTAK_DDQS\Exec\Manager\FileStore\1-1020924洪瑞&#23791;君96年度復查決定書-函.doc" 轉換至 "D:\NTAKWeb\NTAK_DDQS\Exec\ConvertArea\1-1020924洪瑞&#23791;君96年度復查決定書-函.doc.txt" 時發生錯誤, 原因: Variant does not reference an automation object
[20141029-102329 WordFileConvertSrv.exe] ERR> 轉檔作業失敗. 從 "D:\NTAKWeb\NTAK_DDQS\Exec\Manager\FileStore\100-2-21鍾泰營造有限公司營業稅罰鍰(復查決定書-重繕(發文).doc" 轉換至 "D:\NTAKWeb\NTAK_DDQS\Exec\ConvertArea\100-2-21鍾泰營造有限公司營業稅罰鍰(復查決定書-重繕(發文).doc.txt" 時發生錯誤, 原因: Variant does not reference an automation object
[20141029-102329 WordFileConvertSrv.exe] ERR> 轉檔作業失敗. 從 "D:\NTAKWeb\NTAK_DDQS\Exec\Manager\FileStore\100年度判字第1949號.doc" 轉換至 "D:\NTAKWeb\NTAK_DDQS\Exec\ConvertArea\100年度判字第1949號.doc.txt" 時發生錯誤, 原因: Variant does not reference an automation object
[20141029-102329 WordFileConvertSrv.exe] ERR> 轉檔作業失敗. 從 "D:\NTAKWeb\NTAK_DDQS\Exec\Manager\FileStore\100年度復查決定書稿發文.doc" 轉換至 "D:\NTAKWeb\NTAK_DDQS\Exec\ConvertArea\100年度復查決定書稿發文.doc.txt" 時發生錯誤, 原因: Variant does not reference an automation object
[20141029-102329 WordFileConvertSrv.exe] ERR> 轉檔作業失敗. 從 "D:\NTAKWeb\NTAK_DDQS\Exec\Manager\FileStore\100年度訴字第444號.doc" 轉換至 "D:\NTAKWeb\NTAK_DDQS\Exec\ConvertArea\100年度訴字第444號.doc.txt" 時發生錯誤, 原因: Variant does not reference an automation object
[20141029-102329 WordFileConvertSrv.exe] ERR> 轉檔作業失敗. 從 "D:\NTAKWeb\NTAK_DDQS\Exec\Manager\FileStore\102.4.29-陳&#28913;泰(陳吳芬釵)100年度綜所稅復查決定書.doc" 轉換至 "D:\NTAKWeb\NTAK_DDQS\Exec\ConvertArea\102.4.29-陳&#28913;泰(陳吳芬釵)100年度綜所稅復查決定書.doc.txt" 時發生錯誤, 原因: Variant does not reference an automation object
[20141029-102329 WordFileConvertSrv.exe] ERR> 轉檔作業失敗. 從 "D:\NTAKWeb\NTAK_DDQS\Exec\Manager\FileStore\10201614.doc" 轉換至 "D:\NTAKWeb\NTAK_DDQS\Exec\ConvertArea\10201614.doc.txt" 時發生錯誤, 原因: Variant does not reference an automation object
[20141029-102329 WordFileConvertSrv.exe] ERR> 轉檔作業失敗. 從 "D:\NTAKWeb\NTAK_DDQS\Exec\Manager\FileStore\1020716張孟信99年度綜所稅復查決定書(復查會決議修正).doc" 轉換至 "D:\NTAKWeb\NTAK_DDQS\Exec\ConvertArea\1020716張孟信99年度綜所稅復查決定書(復查會決議修正).doc.txt" 時發生錯誤, 原因: Variant does not reference an automation object
[20141029-102329 WordFileConvertSrv.exe] ERR> 轉檔作業失敗. 從 "D:\NTAKWeb\NTAK_DDQS\Exec\Manager\FileStore\1021030黃振銘君99年度綜所稅復查決定書.doc" 轉換至 "D:\NTAKWeb\NTAK_DDQS\Exec\ConvertArea\1021030黃振銘君99年度綜所稅復查決定書.doc.txt" 時發生錯誤, 原因: Variant does not reference an automation object
[20141029-102329 WordFileConvertSrv.exe] ERR> 轉檔作業失敗. 從 "D:\NTAKWeb\NTAK_DDQS\Exec\Manager\FileStore\103.06.23發文-黃小芳101年綜所稅決定書稿.doc" 轉換至 "D:\NTAKWeb\NTAK_DDQS\Exec\ConvertArea\103.06.23發文-黃小芳101年綜所稅決定書稿.doc.txt" 時發生錯誤, 原因: Variant does not reference an automation object
[20141029-102329 WordFileConvertSrv.exe] ERR> 轉檔作業失敗. 從 "D:\NTAKWeb\NTAK_DDQS\Exec\Manager\FileStore\103.4.25發文-陳振昌100年綜所稅決定書(罰鍰).doc" 轉換至 "D:\NTAKWeb\NTAK_DDQS\Exec\ConvertArea\103.4.25發文-陳振昌100年綜所稅決定書(罰鍰).doc.txt" 時發生錯誤, 原因: Variant does not reference an automation object
[20141029-102330 WordFileConvertSrv.exe] ERR> 轉檔作業失敗. 從 "D:\NTAKWeb\NTAK_DDQS\Exec\Manager\FileStore\10300120.doc" 轉換至 "D:\NTAKWeb\NTAK_DDQS\Exec\ConvertArea\10300120.doc.txt" 時發生錯誤, 原因: Variant does not reference an automation object
[20141029-102330 WordFileConvertSrv.exe] ERR> 轉檔作業失敗. 從 "D:\NTAKWeb\NTAK_DDQS\Exec\Manager\FileStore\1030912江昌101營所稅(漏報其他收入) 罰鍰復查決定書(發文).doc" 轉換至 "D:\NTAKWeb\NTAK_DDQS\Exec\ConvertArea\1030912江昌101營所稅(漏報其他收入) 罰鍰復查決定書(發文).doc.txt" 時發生錯誤, 原因: Variant does not reference an automation object
[20141029-102330 WordFileConvertSrv.exe] ERR> 轉檔作業失敗. 從 "D:\NTAKWeb\NTAK_DDQS\Exec\Manager\FileStore\95年度訴字第160號(2).doc" 轉換至 "D:\NTAKWeb\NTAK_DDQS\Exec\ConvertArea\95年度訴字第160號(2).doc.txt" 時發生錯誤, 原因: Variant does not reference an automation object
[20141029-102330 WordFileConvertSrv.exe] ERR> 轉檔作業失敗. 從 "D:\NTAKWeb\NTAK_DDQS\Exec\Manager\FileStore\98年度再字第37號.doc" 轉換至 "D:\NTAKWeb\NTAK_DDQS\Exec\ConvertArea\98年度再字第37號.doc.txt" 時發生錯誤, 原因: Variant does not reference an automation object
[20141029-102330 WordFileConvertSrv.exe] ERR> 轉檔作業失敗. 從 "D:\NTAKWeb\NTAK_DDQS\Exec\Manager\FileStore\98年度簡再字第13號(2).doc" 轉換至 "D:\NTAKWeb\NTAK_DDQS\Exec\ConvertArea\98年度簡再字第13號(2).doc.txt" 時發生錯誤, 原因: Variant does not reference an automation object
[20141029-102330 WordFileConvertSrv.exe] ERR> 轉檔作業失敗. 從 "D:\NTAKWeb\NTAK_DDQS\Exec\Manager\FileStore\99年度簡再字第9號.doc" 轉換至 "D:\NTAKWeb\NTAK_DDQS\Exec\ConvertArea\99年度簡再字第9號.doc.txt" 時發生錯誤, 原因: Variant does not reference an automation object
[20141029-102330 WordFileConvertSrv.exe] ERR> 轉檔作業失敗. 從 "D:\NTAKWeb\NTAK_DDQS\Exec\Manager\FileStore\IE8302100730陳景生101本稅-短報5%－更正後.doc" 轉換至 "D:\NTAKWeb\NTAK_DDQS\Exec\ConvertArea\IE8302100730陳景生101本稅-短報5%－更正後.doc.txt" 時發生錯誤, 原因: Variant does not reference an automation object
[20141029-102330 WordFileConvertSrv.exe] ERR> 轉檔作業失敗. 從 "D:\NTAKWeb\NTAK_DDQS\Exec\Manager\FileStore\JVP-LST.doc" 轉換至 "D:\NTAKWeb\NTAK_DDQS\Exec\ConvertArea\JVP-LST.doc.txt" 時發生錯誤, 原因: Variant does not reference an automation object
[20141029-102330 WordFileConvertSrv.exe] ERR> 轉檔作業失敗. 從 "D:\NTAKWeb\NTAK_DDQS\Exec\Manager\FileStore\NE0402400815邱翠蓮99罰鍰-未據實申報扣繳憑單20%-維持.doc" 轉換至 "D:\NTAKWeb\NTAK_DDQS\Exec\ConvertArea\NE0402400815邱翠蓮99罰鍰-未據實申報扣繳憑單20%-維持.doc.txt" 時發生錯誤, 原因: Variant does not reference an automation object
[20141029-102330 WordFileConvertSrv.exe] ERR> 轉檔作業失敗. 從 "D:\NTAKWeb\NTAK_DDQS\Exec\Manager\FileStore\NE0403100144章一民101年復查決定書-稿.doc" 轉換至 "D:\NTAKWeb\NTAK_DDQS\Exec\ConvertArea\NE0403100144章一民101年復查決定書-稿.doc.txt" 時發生錯誤, 原因: Variant does not reference an automation object
[20141029-102330 WordFileConvertSrv.exe] ERR> 轉檔作業失敗. 從 "D:\NTAKWeb\NTAK_DDQS\Exec\Manager\FileStore\NE8302100123莊全勝100免稅額-追減-核定.doc" 轉換至 "D:\NTAKWeb\NTAK_DDQS\Exec\ConvertArea\NE8302100123莊全勝100免稅額-追減-核定.doc.txt" 時發生錯誤, 原因: Variant does not reference an automation object
[20141029-102330 WordFileConvertSrv.exe] ERR> 轉檔作業失敗. 從 "D:\NTAKWeb\NTAK_DDQS\Exec\Manager\FileStore\NE8302400498潘&#21843;銘100罰鍰-委託他人代為申報-維持.doc" 轉換至 "D:\NTAKWeb\NTAK_DDQS\Exec\ConvertArea\NE8302400498潘&#21843;銘100罰鍰-委託他人代為申報-維持.doc.txt" 時發生錯誤, 原因: Variant does not reference an automation object
[20141029-102330 WordFileConvertSrv.exe] ERR> 轉檔作業失敗. 從 "D:\NTAKWeb\NTAK_DDQS\Exec\Manager\FileStore\何海鷗101虛列免稅額決定書(本+罰)正本.doc" 轉換至 "D:\NTAKWeb\NTAK_DDQS\Exec\ConvertArea\何海鷗101虛列免稅額決定書(本+罰)正本.doc.txt" 時發生錯誤, 原因: Variant does not reference an automation object
[20141029-102330 WordFileConvertSrv.exe] ERR> 轉檔作業失敗. 從 "D:\NTAKWeb\NTAK_DDQS\Exec\Manager\FileStore\佳勝營造(第09903392號)-94年度.doc" 轉換至 "D:\NTAKWeb\NTAK_DDQS\Exec\ConvertArea\佳勝營造(第09903392號)-94年度.doc.txt" 時發生錯誤, 原因: Variant does not reference an automation object
[20141029-102330 WordFileConvertSrv.exe] ERR> 轉檔作業失敗. 從 "D:\NTAKWeb\NTAK_DDQS\Exec\Manager\FileStore\北方之星(第09800030號)-89年度.doc" 轉換至 "D:\NTAKWeb\NTAK_DDQS\Exec\ConvertArea\北方之星(第09800030號)-89年度.doc.txt" 時發生錯誤, 原因: Variant does not reference an automation object
[20141029-102330 WordFileConvertSrv.exe] ERR> 轉檔作業失敗. 從 "D:\NTAKWeb\NTAK_DDQS\Exec\Manager\FileStore\呂冠霖(第09704361~09704365號)-91~95年度.doc" 轉換至 "D:\NTAKWeb\NTAK_DDQS\Exec\ConvertArea\呂冠霖(第09704361~09704365號)-91~95年度.doc.txt" 時發生錯誤, 原因: Variant does not reference an automation object
[20141029-102330 WordFileConvertSrv.exe] ERR> 轉檔作業失敗. 從 "D:\NTAKWeb\NTAK_DDQS\Exec\Manager\FileStore\周王金珍(第09800157號)-94年度.doc" 轉換至 "D:\NTAKWeb\NTAK_DDQS\Exec\ConvertArea\周王金珍(第09800157號)-94年度.doc.txt" 時發生錯誤, 原因: Variant does not reference an automation object
[20141029-102330 WordFileConvertSrv.exe] ERR> 轉檔作業失敗. 從 "D:\NTAKWeb\NTAK_DDQS\Exec\Manager\FileStore\廖東建(第10001282號)-98年度.doc" 轉換至 "D:\NTAKWeb\NTAK_DDQS\Exec\ConvertArea\廖東建(第10001282號)-98年度.doc.txt" 時發生錯誤, 原因: Variant does not reference an automation object
[20141029-102330 WordFileConvertSrv.exe] ERR> 轉檔作業失敗. 從 "D:\NTAKWeb\NTAK_DDQS\Exec\Manager\FileStore\廣建95營所稅決定書(虛銷8%).doc" 轉換至 "D:\NTAKWeb\NTAK_DDQS\Exec\ConvertArea\廣建95營所稅決定書(虛銷8%).doc.txt" 時發生錯誤, 原因: Variant does not reference an automation object
[20141029-102330 WordFileConvertSrv.exe] ERR> 轉檔作業失敗. 從 "D:\NTAKWeb\NTAK_DDQS\Exec\Manager\FileStore\彭宴祥(第09801703號)-96年度.doc" 轉換至 "D:\NTAKWeb\NTAK_DDQS\Exec\ConvertArea\彭宴祥(第09801703號)-96年度.doc.txt" 時發生錯誤, 原因: Variant does not reference an automation object
[20141029-102330 WordFileConvertSrv.exe] ERR> 轉檔作業失敗. 從 "D:\NTAKWeb\NTAK_DDQS\Exec\Manager\FileStore\復查決定-函洪俊良93信託營利所得-實質課稅-核課期間.doc" 轉換至 "D:\NTAKWeb\NTAK_DDQS\Exec\ConvertArea\復查決定-函洪俊良93信託營利所得-實質課稅-核課期間.doc.txt" 時發生錯誤, 原因: Variant does not reference an automation object
[20141029-102330 WordFileConvertSrv.exe] ERR> 轉檔作業失敗. 從 "D:\NTAKWeb\NTAK_DDQS\Exec\Manager\FileStore\日月光電子100年度營所稅復查決定書.doc" 轉換至 "D:\NTAKWeb\NTAK_DDQS\Exec\ConvertArea\日月光電子100年度營所稅復查決定書.doc.txt" 時發生錯誤, 原因: Variant does not reference an automation object
[20141029-102330 WordFileConvertSrv.exe] ERR> 轉檔作業失敗. 從 "D:\NTAKWeb\NTAK_DDQS\Exec\Manager\FileStore\李淑&#32137;決定書.doc" 轉換至 "D:\NTAKWeb\NTAK_DDQS\Exec\ConvertArea\李淑&#32137;決定書.doc.txt" 時發生錯誤, 原因: Variant does not reference an automation object
[20141029-102330 WordFileConvertSrv.exe] ERR> 轉檔作業失敗. 從 "D:\NTAKWeb\NTAK_DDQS\Exec\Manager\FileStore\李清 復查決定書.doc.doc" 轉換至 "D:\NTAKWeb\NTAK_DDQS\Exec\ConvertArea\李清 復查決定書.doc.doc.txt" 時發生錯誤, 原因: Variant does not reference an automation object
[20141029-102330 WordFileConvertSrv.exe] ERR> 轉檔作業失敗. 從 "D:\NTAKWeb\NTAK_DDQS\Exec\Manager\FileStore\李清&#23791;復查決定書.doc" 轉換至 "D:\NTAKWeb\NTAK_DDQS\Exec\ConvertArea\李清&#23791;復查決定書.doc.txt" 時發生錯誤, 原因: Variant does not reference an automation object
[20141029-102330 WordFileConvertSrv.exe] ERR> 轉檔作業失敗. 從 "D:\NTAKWeb\NTAK_DDQS\Exec\Manager\FileStore\林&#37979;宏決定書.doc" 轉換至 "D:\NTAKWeb\NTAK_DDQS\Exec\ConvertArea\林&#37979;宏決定書.doc.txt" 時發生錯誤, 原因: Variant does not reference an automation object
[20141029-102330 WordFileConvertSrv.exe] ERR> 轉檔作業失敗. 從 "D:\NTAKWeb\NTAK_DDQS\Exec\Manager\FileStore\林奇峰95年度復查報告確定版.doc" 轉換至 "D:\NTAKWeb\NTAK_DDQS\Exec\ConvertArea\林奇峰95年度復查報告確定版.doc.txt" 時發生錯誤, 原因: Variant does not reference an automation object
[20141029-102330 WordFileConvertSrv.exe] ERR> 轉檔作業失敗. 從 "D:\NTAKWeb\NTAK_DDQS\Exec\Manager\FileStore\林宜靜(第09903210號)-94~96年度.doc" 轉換至 "D:\NTAKWeb\NTAK_DDQS\Exec\ConvertArea\林宜靜(第09903210號)-94~96年度.doc.txt" 時發生錯誤, 原因: Variant does not reference an automation object
[20141029-102330 WordFileConvertSrv.exe] ERR> 轉檔作業失敗. 從 "D:\NTAKWeb\NTAK_DDQS\Exec\Manager\FileStore\林茂雄98年度綜合所得稅正本.doc" 轉換至 "D:\NTAKWeb\NTAK_DDQS\Exec\ConvertArea\林茂雄98年度綜合所得稅正本.doc.txt" 時發生錯誤, 原因: Variant does not reference an automation object
[20141029-102330 WordFileConvertSrv.exe] ERR> 轉檔作業失敗. 從 "D:\NTAKWeb\NTAK_DDQS\Exec\Manager\FileStore\林麗俐(第10002578號)-93年度.doc" 轉換至 "D:\NTAKWeb\NTAK_DDQS\Exec\ConvertArea\林麗俐(第10002578號)-93年度.doc.txt" 時發生錯誤, 原因: Variant does not reference an automation object
[20141029-102330 WordFileConvertSrv.exe] ERR> 轉檔作業失敗. 從 "D:\NTAKWeb\NTAK_DDQS\Exec\Manager\FileStore\楊肅泰(第09804135號)-96年度.doc" 轉換至 "D:\NTAKWeb\NTAK_DDQS\Exec\ConvertArea\楊肅泰(第09804135號)-96年度.doc.txt" 時發生錯誤, 原因: Variant does not reference an automation object
[20141029-102330 WordFileConvertSrv.exe] ERR> 轉檔作業失敗. 從 "D:\NTAKWeb\NTAK_DDQS\Exec\Manager\FileStore\歐陽建華(第09902018號)-88年度.doc" 轉換至 "D:\NTAKWeb\NTAK_DDQS\Exec\ConvertArea\歐陽建華(第09902018號)-88年度.doc.txt" 時發生錯誤, 原因: Variant does not reference an automation object
[20141029-102330 WordFileConvertSrv.exe] ERR> 轉檔作業失敗. 從 "D:\NTAKWeb\NTAK_DDQS\Exec\Manager\FileStore\武穎決~1.DOC" 轉換至 "D:\NTAKWeb\NTAK_DDQS\Exec\ConvertArea\武穎決~1.DOC.txt" 時發生錯誤, 原因: Variant does not reference an automation object
[20141029-102330 WordFileConvertSrv.exe] ERR> 轉檔作業失敗. 從 "D:\NTAKWeb\NTAK_DDQS\Exec\Manager\FileStore\潘&#21843;銘100罰鍰-委託他人代為申報-維持.doc" 轉換至 "D:\NTAKWeb\NTAK_DDQS\Exec\ConvertArea\潘&#21843;銘100罰鍰-委託他人代為申報-維持.doc.txt" 時發生錯誤, 原因: Variant does not reference an automation object
[20141029-102330 WordFileConvertSrv.exe] ERR> 轉檔作業失敗. 從 "D:\NTAKWeb\NTAK_DDQS\Exec\Manager\FileStore\王&#28702;苡101年特銷稅罰鍰決定書-函.docx" 轉換至 "D:\NTAKWeb\NTAK_DDQS\Exec\ConvertArea\王&#28702;苡101年特銷稅罰鍰決定書-函.docx.txt" 時發生錯誤, 原因: Variant does not reference an automation object
[20141029-102330 WordFileConvertSrv.exe] ERR> 轉檔作業失敗. 從 "D:\NTAKWeb\NTAK_DDQS\Exec\Manager\FileStore\白美香(第09803188號)-96年度.doc" 轉換至 "D:\NTAKWeb\NTAK_DDQS\Exec\ConvertArea\白美香(第09803188號)-96年度.doc.txt" 時發生錯誤, 原因: Variant does not reference an automation object
[20141029-102330 WordFileConvertSrv.exe] ERR> 轉檔作業失敗. 從 "D:\NTAKWeb\NTAK_DDQS\Exec\Manager\FileStore\蘇宏典(第10001702號)-95年度.doc" 轉換至 "D:\NTAKWeb\NTAK_DDQS\Exec\ConvertArea\蘇宏典(第10001702號)-95年度.doc.txt" 時發生錯誤, 原因: Variant does not reference an automation object
[20141029-102330 WordFileConvertSrv.exe] ERR> 轉檔作業失敗. 從 "D:\NTAKWeb\NTAK_DDQS\Exec\Manager\FileStore\達旺廣告(第09803394號)-95年度.doc" 轉換至 "D:\NTAKWeb\NTAK_DDQS\Exec\ConvertArea\達旺廣告(第09803394號)-95年度.doc.txt" 時發生錯誤, 原因: Variant does not reference an automation object
[20141029-102330 WordFileConvertSrv.exe] ERR> 轉檔作業失敗. 從 "D:\NTAKWeb\NTAK_DDQS\Exec\Manager\FileStore\鍇億國際95營所稅決定書(虛銷8%).doc" 轉換至 "D:\NTAKWeb\NTAK_DDQS\Exec\ConvertArea\鍇億國際95營所稅決定書(虛銷8%).doc.txt" 時發生錯誤, 原因: Variant does not reference an automation object
[20141029-102330 WordFileConvertSrv.exe] ERR> 轉檔作業失敗. 從 "D:\NTAKWeb\NTAK_DDQS\Exec\Manager\FileStore\鍇億國際95營所稅決定書虛銷8%.doc" 轉換至 "D:\NTAKWeb\NTAK_DDQS\Exec\ConvertArea\鍇億國際95營所稅決定書虛銷8%.doc.txt" 時發生錯誤, 原因: Variant does not reference an automation object
[20141029-102330 WordFileConvertSrv.exe] ERR> 轉檔作業失敗. 從 "D:\NTAKWeb\NTAK_DDQS\Exec\Manager\FileStore\陳麗文(第09801332號)-96年度.doc" 轉換至 "D:\NTAKWeb\NTAK_DDQS\Exec\ConvertArea\陳麗文(第09801332號)-96年度.doc.txt" 時發生錯誤, 原因: Variant does not reference an automation object
[20141029-102330 WordFileConvertSrv.exe] ERR> 轉檔作業失敗. 從 "D:\NTAKWeb\NTAK_DDQS\Exec\Manager\FileStore\黃&#28702;瑢復查決定書-海外所得.doc" 轉換至 "D:\NTAKWeb\NTAK_DDQS\Exec\ConvertArea\黃&#28702;瑢復查決定書-海外所得.doc.txt" 時發生錯誤, 原因: Variant does not reference an automation object
[20141029-102330 WordFileConvertSrv.exe] ERR> 轉檔作業失敗. 從 "D:\NTAKWeb\NTAK_DDQS\Exec\Manager\FileStore\黃鳳珠(第09703642號)-95年度.doc" 轉換至 "D:\NTAKWeb\NTAK_DDQS\Exec\ConvertArea\黃鳳珠(第09703642號)-95年度.doc.txt" 時發生錯誤, 原因: Variant does not reference an automation object
[20141031-085058 WordFileConvertSrv.exe] ERR> 轉檔作業失敗. 從 "D:\NTAKWeb\NTAK_DDQS\Exec\Manager\FileStore\&#40644;武穎決定書.doc" 轉換至 "D:\NTAKWeb\NTAK_DDQS\Exec\ConvertArea\&#40644;武穎決定書.doc.txt" 時發生錯誤, 原因: Variant does not reference an automation object
[20141031-085058 WordFileConvertSrv.exe] ERR> 轉檔作業失敗. 從 "D:\NTAKWeb\NTAK_DDQS\Exec\Manager\FileStore\03-復查決定書-發文.doc" 轉換至 "D:\NTAKWeb\NTAK_DDQS\Exec\ConvertArea\03-復查決定書-發文.doc.txt" 時發生錯誤, 原因: Variant does not reference an automation object
[20141031-085058 WordFileConvertSrv.exe] ERR> 轉檔作業失敗. 從 "D:\NTAKWeb\NTAK_DDQS\Exec\Manager\FileStore\09700128300.doc" 轉換至 "D:\NTAKWeb\NTAK_DDQS\Exec\ConvertArea\09700128300.doc.txt" 時發生錯誤, 原因: Variant does not reference an automation object
[20141031-085058 WordFileConvertSrv.exe] ERR> 轉檔作業失敗. 從 "D:\NTAKWeb\NTAK_DDQS\Exec\Manager\FileStore\09700398060.doc" 轉換至 "D:\NTAKWeb\NTAK_DDQS\Exec\ConvertArea\09700398060.doc.txt" 時發生錯誤, 原因: Variant does not reference an automation object
[20141031-085058 WordFileConvertSrv.exe] ERR> 轉檔作業失敗. 從 "D:\NTAKWeb\NTAK_DDQS\Exec\Manager\FileStore\1-1020924洪瑞&#23791;君96年度復查決定書-函.doc" 轉換至 "D:\NTAKWeb\NTAK_DDQS\Exec\ConvertArea\1-1020924洪瑞&#23791;君96年度復查決定書-函.doc.txt" 時發生錯誤, 原因: Variant does not reference an automation object
[20141031-085058 WordFileConvertSrv.exe] ERR> 轉檔作業失敗. 從 "D:\NTAKWeb\NTAK_DDQS\Exec\Manager\FileStore\100-2-21鍾泰營造有限公司營業稅罰鍰(復查決定書-重繕(發文).doc" 轉換至 "D:\NTAKWeb\NTAK_DDQS\Exec\ConvertArea\100-2-21鍾泰營造有限公司營業稅罰鍰(復查決定書-重繕(發文).doc.txt" 時發生錯誤, 原因: Variant does not reference an automation object
[20141031-085058 WordFileConvertSrv.exe] ERR> 轉檔作業失敗. 從 "D:\NTAKWeb\NTAK_DDQS\Exec\Manager\FileStore\100年度判字第1949號.doc" 轉換至 "D:\NTAKWeb\NTAK_DDQS\Exec\ConvertArea\100年度判字第1949號.doc.txt" 時發生錯誤, 原因: Variant does not reference an automation object
[20141031-085058 WordFileConvertSrv.exe] ERR> 轉檔作業失敗. 從 "D:\NTAKWeb\NTAK_DDQS\Exec\Manager\FileStore\100年度復查決定書稿發文.doc" 轉換至 "D:\NTAKWeb\NTAK_DDQS\Exec\ConvertArea\100年度復查決定書稿發文.doc.txt" 時發生錯誤, 原因: Variant does not reference an automation object
[20141031-085058 WordFileConvertSrv.exe] ERR> 轉檔作業失敗. 從 "D:\NTAKWeb\NTAK_DDQS\Exec\Manager\FileStore\100年度訴字第444號.doc" 轉換至 "D:\NTAKWeb\NTAK_DDQS\Exec\ConvertArea\100年度訴字第444號.doc.txt" 時發生錯誤, 原因: Variant does not reference an automation object
[20141031-085058 WordFileConvertSrv.exe] ERR> 轉檔作業失敗. 從 "D:\NTAKWeb\NTAK_DDQS\Exec\Manager\FileStore\102.4.29-陳&#28913;泰(陳吳芬釵)100年度綜所稅復查決定書.doc" 轉換至 "D:\NTAKWeb\NTAK_DDQS\Exec\ConvertArea\102.4.29-陳&#28913;泰(陳吳芬釵)100年度綜所稅復查決定書.doc.txt" 時發生錯誤, 原因: Variant does not reference an automation object
[20141031-085058 WordFileConvertSrv.exe] ERR> 轉檔作業失敗. 從 "D:\NTAKWeb\NTAK_DDQS\Exec\Manager\FileStore\10201614.doc" 轉換至 "D:\NTAKWeb\NTAK_DDQS\Exec\ConvertArea\10201614.doc.txt" 時發生錯誤, 原因: Variant does not reference an automation object
[20141031-085058 WordFileConvertSrv.exe] ERR> 轉檔作業失敗. 從 "D:\NTAKWeb\NTAK_DDQS\Exec\Manager\FileStore\1020716張孟信99年度綜所稅復查決定書(復查會決議修正).doc" 轉換至 "D:\NTAKWeb\NTAK_DDQS\Exec\ConvertArea\1020716張孟信99年度綜所稅復查決定書(復查會決議修正).doc.txt" 時發生錯誤, 原因: Variant does not reference an automation object
[20141031-085058 WordFileConvertSrv.exe] ERR> 轉檔作業失敗. 從 "D:\NTAKWeb\NTAK_DDQS\Exec\Manager\FileStore\1021030黃振銘君99年度綜所稅復查決定書.doc" 轉換至 "D:\NTAKWeb\NTAK_DDQS\Exec\ConvertArea\1021030黃振銘君99年度綜所稅復查決定書.doc.txt" 時發生錯誤, 原因: Variant does not reference an automation object
[20141031-085058 WordFileConvertSrv.exe] ERR> 轉檔作業失敗. 從 "D:\NTAKWeb\NTAK_DDQS\Exec\Manager\FileStore\103.06.23發文-黃小芳101年綜所稅決定書稿.doc" 轉換至 "D:\NTAKWeb\NTAK_DDQS\Exec\ConvertArea\103.06.23發文-黃小芳101年綜所稅決定書稿.doc.txt" 時發生錯誤, 原因: Variant does not reference an automation object
[20141031-085058 WordFileConvertSrv.exe] ERR> 轉檔作業失敗. 從 "D:\NTAKWeb\NTAK_DDQS\Exec\Manager\FileStore\103.4.25發文-陳振昌100年綜所稅決定書(罰鍰).doc" 轉換至 "D:\NTAKWeb\NTAK_DDQS\Exec\ConvertArea\103.4.25發文-陳振昌100年綜所稅決定書(罰鍰).doc.txt" 時發生錯誤, 原因: Variant does not reference an automation object
[20141031-085058 WordFileConvertSrv.exe] ERR> 轉檔作業失敗. 從 "D:\NTAKWeb\NTAK_DDQS\Exec\Manager\FileStore\10300120.doc" 轉換至 "D:\NTAKWeb\NTAK_DDQS\Exec\ConvertArea\10300120.doc.txt" 時發生錯誤, 原因: Variant does not reference an automation object
[20141031-085058 WordFileConvertSrv.exe] ERR> 轉檔作業失敗. 從 "D:\NTAKWeb\NTAK_DDQS\Exec\Manager\FileStore\1030912江昌101營所稅(漏報其他收入) 罰鍰復查決定書(發文).doc" 轉換至 "D:\NTAKWeb\NTAK_DDQS\Exec\ConvertArea\1030912江昌101營所稅(漏報其他收入) 罰鍰復查決定書(發文).doc.txt" 時發生錯誤, 原因: Variant does not reference an automation object
[20141031-085058 WordFileConvertSrv.exe] ERR> 轉檔作業失敗. 從 "D:\NTAKWeb\NTAK_DDQS\Exec\Manager\FileStore\95年度訴字第160號(2).doc" 轉換至 "D:\NTAKWeb\NTAK_DDQS\Exec\ConvertArea\95年度訴字第160號(2).doc.txt" 時發生錯誤, 原因: Variant does not reference an automation object
[20141031-085058 WordFileConvertSrv.exe] ERR> 轉檔作業失敗. 從 "D:\NTAKWeb\NTAK_DDQS\Exec\Manager\FileStore\98年度再字第37號.doc" 轉換至 "D:\NTAKWeb\NTAK_DDQS\Exec\ConvertArea\98年度再字第37號.doc.txt" 時發生錯誤, 原因: Variant does not reference an automation object
[20141031-085058 WordFileConvertSrv.exe] ERR> 轉檔作業失敗. 從 "D:\NTAKWeb\NTAK_DDQS\Exec\Manager\FileStore\98年度簡再字第13號(2).doc" 轉換至 "D:\NTAKWeb\NTAK_DDQS\Exec\ConvertArea\98年度簡再字第13號(2).doc.txt" 時發生錯誤, 原因: Variant does not reference an automation object
[20141031-085058 WordFileConvertSrv.exe] ERR> 轉檔作業失敗. 從 "D:\NTAKWeb\NTAK_DDQS\Exec\Manager\FileStore\99年度簡再字第9號.doc" 轉換至 "D:\NTAKWeb\NTAK_DDQS\Exec\ConvertArea\99年度簡再字第9號.doc.txt" 時發生錯誤, 原因: Variant does not reference an automation object
[20141031-085058 WordFileConvertSrv.exe] ERR> 轉檔作業失敗. 從 "D:\NTAKWeb\NTAK_DDQS\Exec\Manager\FileStore\IE8302100730陳景生101本稅-短報5%－更正後.doc" 轉換至 "D:\NTAKWeb\NTAK_DDQS\Exec\ConvertArea\IE8302100730陳景生101本稅-短報5%－更正後.doc.txt" 時發生錯誤, 原因: Variant does not reference an automation object
[20141031-085058 WordFileConvertSrv.exe] ERR> 轉檔作業失敗. 從 "D:\NTAKWeb\NTAK_DDQS\Exec\Manager\FileStore\JVP-LST.doc" 轉換至 "D:\NTAKWeb\NTAK_DDQS\Exec\ConvertArea\JVP-LST.doc.txt" 時發生錯誤, 原因: Variant does not reference an automation object
[20141031-085058 WordFileConvertSrv.exe] ERR> 轉檔作業失敗. 從 "D:\NTAKWeb\NTAK_DDQS\Exec\Manager\FileStore\NE0402400815邱翠蓮99罰鍰-未據實申報扣繳憑單20%-維持.doc" 轉換至 "D:\NTAKWeb\NTAK_DDQS\Exec\ConvertArea\NE0402400815邱翠蓮99罰鍰-未據實申報扣繳憑單20%-維持.doc.txt" 時發生錯誤, 原因: Variant does not reference an automation object
[20141031-085058 WordFileConvertSrv.exe] ERR> 轉檔作業失敗. 從 "D:\NTAKWeb\NTAK_DDQS\Exec\Manager\FileStore\NE0403100144章一民101年復查決定書-稿.doc" 轉換至 "D:\NTAKWeb\NTAK_DDQS\Exec\ConvertArea\NE0403100144章一民101年復查決定書-稿.doc.txt" 時發生錯誤, 原因: Variant does not reference an automation object
[20141031-085058 WordFileConvertSrv.exe] ERR> 轉檔作業失敗. 從 "D:\NTAKWeb\NTAK_DDQS\Exec\Manager\FileStore\NE8302100123莊全勝100免稅額-追減-核定.doc" 轉換至 "D:\NTAKWeb\NTAK_DDQS\Exec\ConvertArea\NE8302100123莊全勝100免稅額-追減-核定.doc.txt" 時發生錯誤, 原因: Variant does not reference an automation object
[20141031-085058 WordFileConvertSrv.exe] ERR> 轉檔作業失敗. 從 "D:\NTAKWeb\NTAK_DDQS\Exec\Manager\FileStore\NE8302400498潘&#21843;銘100罰鍰-委託他人代為申報-維持.doc" 轉換至 "D:\NTAKWeb\NTAK_DDQS\Exec\ConvertArea\NE8302400498潘&#21843;銘100罰鍰-委託他人代為申報-維持.doc.txt" 時發生錯誤, 原因: Variant does not reference an automation object
[20141031-085058 WordFileConvertSrv.exe] ERR> 轉檔作業失敗. 從 "D:\NTAKWeb\NTAK_DDQS\Exec\Manager\FileStore\何海鷗101虛列免稅額決定書(本+罰)正本.doc" 轉換至 "D:\NTAKWeb\NTAK_DDQS\Exec\ConvertArea\何海鷗101虛列免稅額決定書(本+罰)正本.doc.txt" 時發生錯誤, 原因: Variant does not reference an automation object
[20141031-085058 WordFileConvertSrv.exe] ERR> 轉檔作業失敗. 從 "D:\NTAKWeb\NTAK_DDQS\Exec\Manager\FileStore\佳勝營造(第09903392號)-94年度.doc" 轉換至 "D:\NTAKWeb\NTAK_DDQS\Exec\ConvertArea\佳勝營造(第09903392號)-94年度.doc.txt" 時發生錯誤, 原因: Variant does not reference an automation object
[20141031-085058 WordFileConvertSrv.exe] ERR> 轉檔作業失敗. 從 "D:\NTAKWeb\NTAK_DDQS\Exec\Manager\FileStore\北方之星(第09800030號)-89年度.doc" 轉換至 "D:\NTAKWeb\NTAK_DDQS\Exec\ConvertArea\北方之星(第09800030號)-89年度.doc.txt" 時發生錯誤, 原因: Variant does not reference an automation object
[20141031-085058 WordFileConvertSrv.exe] ERR> 轉檔作業失敗. 從 "D:\NTAKWeb\NTAK_DDQS\Exec\Manager\FileStore\呂冠霖(第09704361~09704365號)-91~95年度.doc" 轉換至 "D:\NTAKWeb\NTAK_DDQS\Exec\ConvertArea\呂冠霖(第09704361~09704365號)-91~95年度.doc.txt" 時發生錯誤, 原因: Variant does not reference an automation object
[20141031-085058 WordFileConvertSrv.exe] ERR> 轉檔作業失敗. 從 "D:\NTAKWeb\NTAK_DDQS\Exec\Manager\FileStore\周王金珍(第09800157號)-94年度.doc" 轉換至 "D:\NTAKWeb\NTAK_DDQS\Exec\ConvertArea\周王金珍(第09800157號)-94年度.doc.txt" 時發生錯誤, 原因: Variant does not reference an automation object
[20141031-085058 WordFileConvertSrv.exe] ERR> 轉檔作業失敗. 從 "D:\NTAKWeb\NTAK_DDQS\Exec\Manager\FileStore\廖東建(第10001282號)-98年度.doc" 轉換至 "D:\NTAKWeb\NTAK_DDQS\Exec\ConvertArea\廖東建(第10001282號)-98年度.doc.txt" 時發生錯誤, 原因: Variant does not reference an automation object
[20141031-085058 WordFileConvertSrv.exe] ERR> 轉檔作業失敗. 從 "D:\NTAKWeb\NTAK_DDQS\Exec\Manager\FileStore\廣建95營所稅決定書(虛銷8%).doc" 轉換至 "D:\NTAKWeb\NTAK_DDQS\Exec\ConvertArea\廣建95營所稅決定書(虛銷8%).doc.txt" 時發生錯誤, 原因: Variant does not reference an automation object
[20141031-085058 WordFileConvertSrv.exe] ERR> 轉檔作業失敗. 從 "D:\NTAKWeb\NTAK_DDQS\Exec\Manager\FileStore\彭宴祥(第09801703號)-96年度.doc" 轉換至 "D:\NTAKWeb\NTAK_DDQS\Exec\ConvertArea\彭宴祥(第09801703號)-96年度.doc.txt" 時發生錯誤, 原因: Variant does not reference an automation object
[20141031-085058 WordFileConvertSrv.exe] ERR> 轉檔作業失敗. 從 "D:\NTAKWeb\NTAK_DDQS\Exec\Manager\FileStore\復查決定-函洪俊良93信託營利所得-實質課稅-核課期間.doc" 轉換至 "D:\NTAKWeb\NTAK_DDQS\Exec\ConvertArea\復查決定-函洪俊良93信託營利所得-實質課稅-核課期間.doc.txt" 時發生錯誤, 原因: Variant does not reference an automation object
[20141031-085058 WordFileConvertSrv.exe] ERR> 轉檔作業失敗. 從 "D:\NTAKWeb\NTAK_DDQS\Exec\Manager\FileStore\日月光電子100年度營所稅復查決定書.doc" 轉換至 "D:\NTAKWeb\NTAK_DDQS\Exec\ConvertArea\日月光電子100年度營所稅復查決定書.doc.txt" 時發生錯誤, 原因: Variant does not reference an automation object
[20141031-085058 WordFileConvertSrv.exe] ERR> 轉檔作業失敗. 從 "D:\NTAKWeb\NTAK_DDQS\Exec\Manager\FileStore\李淑&#32137;決定書.doc" 轉換至 "D:\NTAKWeb\NTAK_DDQS\Exec\ConvertArea\李淑&#32137;決定書.doc.txt" 時發生錯誤, 原因: Variant does not reference an automation object
[20141031-085058 WordFileConvertSrv.exe] ERR> 轉檔作業失敗. 從 "D:\NTAKWeb\NTAK_DDQS\Exec\Manager\FileStore\李清 復查決定書.doc.doc" 轉換至 "D:\NTAKWeb\NTAK_DDQS\Exec\ConvertArea\李清 復查決定書.doc.doc.txt" 時發生錯誤, 原因: Variant does not reference an automation object
[20141031-085058 WordFileConvertSrv.exe] ERR> 轉檔作業失敗. 從 "D:\NTAKWeb\NTAK_DDQS\Exec\Manager\FileStore\李清&#23791;復查決定書.doc" 轉換至 "D:\NTAKWeb\NTAK_DDQS\Exec\ConvertArea\李清&#23791;復查決定書.doc.txt" 時發生錯誤, 原因: Variant does not reference an automation object
[20141031-085058 WordFileConvertSrv.exe] ERR> 轉檔作業失敗. 從 "D:\NTAKWeb\NTAK_DDQS\Exec\Manager\FileStore\林&#37979;宏決定書.doc" 轉換至 "D:\NTAKWeb\NTAK_DDQS\Exec\ConvertArea\林&#37979;宏決定書.doc.txt" 時發生錯誤, 原因: Variant does not reference an automation object
[20141031-085058 WordFileConvertSrv.exe] ERR> 轉檔作業失敗. 從 "D:\NTAKWeb\NTAK_DDQS\Exec\Manager\FileStore\林奇峰95年度復查報告確定版.doc" 轉換至 "D:\NTAKWeb\NTAK_DDQS\Exec\ConvertArea\林奇峰95年度復查報告確定版.doc.txt" 時發生錯誤, 原因: Variant does not reference an automation object
[20141031-085058 WordFileConvertSrv.exe] ERR> 轉檔作業失敗. 從 "D:\NTAKWeb\NTAK_DDQS\Exec\Manager\FileStore\林宜靜(第09903210號)-94~96年度.doc" 轉換至 "D:\NTAKWeb\NTAK_DDQS\Exec\ConvertArea\林宜靜(第09903210號)-94~96年度.doc.txt" 時發生錯誤, 原因: Variant does not reference an automation object
[20141031-085058 WordFileConvertSrv.exe] ERR> 轉檔作業失敗. 從 "D:\NTAKWeb\NTAK_DDQS\Exec\Manager\FileStore\林茂雄98年度綜合所得稅正本.doc" 轉換至 "D:\NTAKWeb\NTAK_DDQS\Exec\ConvertArea\林茂雄98年度綜合所得稅正本.doc.txt" 時發生錯誤, 原因: Variant does not reference an automation object
[20141031-085058 WordFileConvertSrv.exe] ERR> 轉檔作業失敗. 從 "D:\NTAKWeb\NTAK_DDQS\Exec\Manager\FileStore\林麗俐(第10002578號)-93年度.doc" 轉換至 "D:\NTAKWeb\NTAK_DDQS\Exec\ConvertArea\林麗俐(第10002578號)-93年度.doc.txt" 時發生錯誤, 原因: Variant does not reference an automation object
[20141031-085058 WordFileConvertSrv.exe] ERR> 轉檔作業失敗. 從 "D:\NTAKWeb\NTAK_DDQS\Exec\Manager\FileStore\楊肅泰(第09804135號)-96年度.doc" 轉換至 "D:\NTAKWeb\NTAK_DDQS\Exec\ConvertArea\楊肅泰(第09804135號)-96年度.doc.txt" 時發生錯誤, 原因: Variant does not reference an automation object
[20141031-085058 WordFileConvertSrv.exe] ERR> 轉檔作業失敗. 從 "D:\NTAKWeb\NTAK_DDQS\Exec\Manager\FileStore\歐陽建華(第09902018號)-88年度.doc" 轉換至 "D:\NTAKWeb\NTAK_DDQS\Exec\ConvertArea\歐陽建華(第09902018號)-88年度.doc.txt" 時發生錯誤, 原因: Variant does not reference an automation object
[20141031-085058 WordFileConvertSrv.exe] ERR> 轉檔作業失敗. 從 "D:\NTAKWeb\NTAK_DDQS\Exec\Manager\FileStore\武穎決~1.DOC" 轉換至 "D:\NTAKWeb\NTAK_DDQS\Exec\ConvertArea\武穎決~1.DOC.txt" 時發生錯誤, 原因: Variant does not reference an automation object
[20141031-085058 WordFileConvertSrv.exe] ERR> 轉檔作業失敗. 從 "D:\NTAKWeb\NTAK_DDQS\Exec\Manager\FileStore\潘&#21843;銘100罰鍰-委託他人代為申報-維持.doc" 轉換至 "D:\NTAKWeb\NTAK_DDQS\Exec\ConvertArea\潘&#21843;銘100罰鍰-委託他人代為申報-維持.doc.txt" 時發生錯誤, 原因: Variant does not reference an automation object
[20141031-085058 WordFileConvertSrv.exe] ERR> 轉檔作業失敗. 從 "D:\NTAKWeb\NTAK_DDQS\Exec\Manager\FileStore\王&#28702;苡101年特銷稅罰鍰決定書-函.docx" 轉換至 "D:\NTAKWeb\NTAK_DDQS\Exec\ConvertArea\王&#28702;苡101年特銷稅罰鍰決定書-函.docx.txt" 時發生錯誤, 原因: Variant does not reference an automation object
[20141031-085058 WordFileConvertSrv.exe] ERR> 轉檔作業失敗. 從 "D:\NTAKWeb\NTAK_DDQS\Exec\Manager\FileStore\白美香(第09803188號)-96年度.doc" 轉換至 "D:\NTAKWeb\NTAK_DDQS\Exec\ConvertArea\白美香(第09803188號)-96年度.doc.txt" 時發生錯誤, 原因: Variant does not reference an automation object
[20141031-085058 WordFileConvertSrv.exe] ERR> 轉檔作業失敗. 從 "D:\NTAKWeb\NTAK_DDQS\Exec\Manager\FileStore\蘇宏典(第10001702號)-95年度.doc" 轉換至 "D:\NTAKWeb\NTAK_DDQS\Exec\ConvertArea\蘇宏典(第10001702號)-95年度.doc.txt" 時發生錯誤, 原因: Variant does not reference an automation object
[20141031-085058 WordFileConvertSrv.exe] ERR> 轉檔作業失敗. 從 "D:\NTAKWeb\NTAK_DDQS\Exec\Manager\FileStore\達旺廣告(第09803394號)-95年度.doc" 轉換至 "D:\NTAKWeb\NTAK_DDQS\Exec\ConvertArea\達旺廣告(第09803394號)-95年度.doc.txt" 時發生錯誤, 原因: Variant does not reference an automation object
[20141031-085058 WordFileConvertSrv.exe] ERR> 轉檔作業失敗. 從 "D:\NTAKWeb\NTAK_DDQS\Exec\Manager\FileStore\鍇億國際95營所稅決定書(虛銷8%).doc" 轉換至 "D:\NTAKWeb\NTAK_DDQS\Exec\ConvertArea\鍇億國際95營所稅決定書(虛銷8%).doc.txt" 時發生錯誤, 原因: Variant does not reference an automation object
[20141031-085058 WordFileConvertSrv.exe] ERR> 轉檔作業失敗. 從 "D:\NTAKWeb\NTAK_DDQS\Exec\Manager\FileStore\鍇億國際95營所稅決定書虛銷8%.doc" 轉換至 "D:\NTAKWeb\NTAK_DDQS\Exec\ConvertArea\鍇億國際95營所稅決定書虛銷8%.doc.txt" 時發生錯誤, 原因: Variant does not reference an automation object
[20141031-085058 WordFileConvertSrv.exe] ERR> 轉檔作業失敗. 從 "D:\NTAKWeb\NTAK_DDQS\Exec\Manager\FileStore\陳麗文(第09801332號)-96年度.doc" 轉換至 "D:\NTAKWeb\NTAK_DDQS\Exec\ConvertArea\陳麗文(第09801332號)-96年度.doc.txt" 時發生錯誤, 原因: Variant does not reference an automation object
[20141031-085058 WordFileConvertSrv.exe] ERR> 轉檔作業失敗. 從 "D:\NTAKWeb\NTAK_DDQS\Exec\Manager\FileStore\黃&#28702;瑢復查決定書-海外所得.doc" 轉換至 "D:\NTAKWeb\NTAK_DDQS\Exec\ConvertArea\黃&#28702;瑢復查決定書-海外所得.doc.txt" 時發生錯誤, 原因: Variant does not reference an automation object
[20141031-085058 WordFileConvertSrv.exe] ERR> 轉檔作業失敗. 從 "D:\NTAKWeb\NTAK_DDQS\Exec\Manager\FileStore\黃鳳珠(第09703642號)-95年度.doc" 轉換至 "D:\NTAKWeb\NTAK_DDQS\Exec\ConvertArea\黃鳳珠(第09703642號)-95年度.doc.txt" 時發生錯誤, 原因: Variant does not reference an automation object
[20141031-085252 WordFileConvertSrv.exe] ERR> 轉檔作業失敗. 從 "D:\NTAKWeb\NTAK_DDQS\Exec\Manager\FileStore\&#40644;武穎決定書.doc" 轉換至 "D:\NTAKWeb\NTAK_DDQS\Exec\ConvertArea\&#40644;武穎決定書.doc.txt" 時發生錯誤, 原因: Variant does not reference an automation object
[20141031-085252 WordFileConvertSrv.exe] ERR> 轉檔作業失敗. 從 "D:\NTAKWeb\NTAK_DDQS\Exec\Manager\FileStore\09700128300.doc" 轉換至 "D:\NTAKWeb\NTAK_DDQS\Exec\ConvertArea\09700128300.doc.txt" 時發生錯誤, 原因: Variant does not reference an automation object
[20141031-085252 WordFileConvertSrv.exe] ERR> 轉檔作業失敗. 從 "D:\NTAKWeb\NTAK_DDQS\Exec\Manager\FileStore\09700398060.doc" 轉換至 "D:\NTAKWeb\NTAK_DDQS\Exec\ConvertArea\09700398060.doc.txt" 時發生錯誤, 原因: Variant does not reference an automation object
[20141031-085252 WordFileConvertSrv.exe] ERR> 轉檔作業失敗. 從 "D:\NTAKWeb\NTAK_DDQS\Exec\Manager\FileStore\1-1020924洪瑞&#23791;君96年度復查決定書-函.doc" 轉換至 "D:\NTAKWeb\NTAK_DDQS\Exec\ConvertArea\1-1020924洪瑞&#23791;君96年度復查決定書-函.doc.txt" 時發生錯誤, 原因: Variant does not reference an automation object
[20141031-085252 WordFileConvertSrv.exe] ERR> 轉檔作業失敗. 從 "D:\NTAKWeb\NTAK_DDQS\Exec\Manager\FileStore\100-2-21鍾泰營造有限公司營業稅罰鍰(復查決定書-重繕(發文).doc" 轉換至 "D:\NTAKWeb\NTAK_DDQS\Exec\ConvertArea\100-2-21鍾泰營造有限公司營業稅罰鍰(復查決定書-重繕(發文).doc.txt" 時發生錯誤, 原因: Variant does not reference an automation object
[20141031-085252 WordFileConvertSrv.exe] ERR> 轉檔作業失敗. 從 "D:\NTAKWeb\NTAK_DDQS\Exec\Manager\FileStore\100年度判字第1949號.doc" 轉換至 "D:\NTAKWeb\NTAK_DDQS\Exec\ConvertArea\100年度判字第1949號.doc.txt" 時發生錯誤, 原因: Variant does not reference an automation object
[20141031-085252 WordFileConvertSrv.exe] ERR> 轉檔作業失敗. 從 "D:\NTAKWeb\NTAK_DDQS\Exec\Manager\FileStore\100年度復查決定書稿發文.doc" 轉換至 "D:\NTAKWeb\NTAK_DDQS\Exec\ConvertArea\100年度復查決定書稿發文.doc.txt" 時發生錯誤, 原因: Variant does not reference an automation object
[20141031-085252 WordFileConvertSrv.exe] ERR> 轉檔作業失敗. 從 "D:\NTAKWeb\NTAK_DDQS\Exec\Manager\FileStore\100年度訴字第444號.doc" 轉換至 "D:\NTAKWeb\NTAK_DDQS\Exec\ConvertArea\100年度訴字第444號.doc.txt" 時發生錯誤, 原因: Variant does not reference an automation object
[20141031-085252 WordFileConvertSrv.exe] ERR> 轉檔作業失敗. 從 "D:\NTAKWeb\NTAK_DDQS\Exec\Manager\FileStore\102.4.29-陳&#28913;泰(陳吳芬釵)100年度綜所稅復查決定書.doc" 轉換至 "D:\NTAKWeb\NTAK_DDQS\Exec\ConvertArea\102.4.29-陳&#28913;泰(陳吳芬釵)100年度綜所稅復查決定書.doc.txt" 時發生錯誤, 原因: Variant does not reference an automation object
[20141031-085252 WordFileConvertSrv.exe] ERR> 轉檔作業失敗. 從 "D:\NTAKWeb\NTAK_DDQS\Exec\Manager\FileStore\10201614.doc" 轉換至 "D:\NTAKWeb\NTAK_DDQS\Exec\ConvertArea\10201614.doc.txt" 時發生錯誤, 原因: Variant does not reference an automation object
[20141031-085252 WordFileConvertSrv.exe] ERR> 轉檔作業失敗. 從 "D:\NTAKWeb\NTAK_DDQS\Exec\Manager\FileStore\1020716張孟信99年度綜所稅復查決定書(復查會決議修正).doc" 轉換至 "D:\NTAKWeb\NTAK_DDQS\Exec\ConvertArea\1020716張孟信99年度綜所稅復查決定書(復查會決議修正).doc.txt" 時發生錯誤, 原因: Variant does not reference an automation object
[20141031-085252 WordFileConvertSrv.exe] ERR> 轉檔作業失敗. 從 "D:\NTAKWeb\NTAK_DDQS\Exec\Manager\FileStore\1021030黃振銘君99年度綜所稅復查決定書.doc" 轉換至 "D:\NTAKWeb\NTAK_DDQS\Exec\ConvertArea\1021030黃振銘君99年度綜所稅復查決定書.doc.txt" 時發生錯誤, 原因: Variant does not reference an automation object
[20141031-085252 WordFileConvertSrv.exe] ERR> 轉檔作業失敗. 從 "D:\NTAKWeb\NTAK_DDQS\Exec\Manager\FileStore\103.06.23發文-黃小芳101年綜所稅決定書稿.doc" 轉換至 "D:\NTAKWeb\NTAK_DDQS\Exec\ConvertArea\103.06.23發文-黃小芳101年綜所稅決定書稿.doc.txt" 時發生錯誤, 原因: Variant does not reference an automation object
[20141031-085252 WordFileConvertSrv.exe] ERR> 轉檔作業失敗. 從 "D:\NTAKWeb\NTAK_DDQS\Exec\Manager\FileStore\103.4.25發文-陳振昌100年綜所稅決定書(罰鍰).doc" 轉換至 "D:\NTAKWeb\NTAK_DDQS\Exec\ConvertArea\103.4.25發文-陳振昌100年綜所稅決定書(罰鍰).doc.txt" 時發生錯誤, 原因: Variant does not reference an automation object
[20141031-085252 WordFileConvertSrv.exe] ERR> 轉檔作業失敗. 從 "D:\NTAKWeb\NTAK_DDQS\Exec\Manager\FileStore\10300120.doc" 轉換至 "D:\NTAKWeb\NTAK_DDQS\Exec\ConvertArea\10300120.doc.txt" 時發生錯誤, 原因: Variant does not reference an automation object
[20141031-085252 WordFileConvertSrv.exe] ERR> 轉檔作業失敗. 從 "D:\NTAKWeb\NTAK_DDQS\Exec\Manager\FileStore\1030912江昌101營所稅(漏報其他收入) 罰鍰復查決定書(發文).doc" 轉換至 "D:\NTAKWeb\NTAK_DDQS\Exec\ConvertArea\1030912江昌101營所稅(漏報其他收入) 罰鍰復查決定書(發文).doc.txt" 時發生錯誤, 原因: Variant does not reference an automation object
[20141031-085252 WordFileConvertSrv.exe] ERR> 轉檔作業失敗. 從 "D:\NTAKWeb\NTAK_DDQS\Exec\Manager\FileStore\95年度訴字第160號(2).doc" 轉換至 "D:\NTAKWeb\NTAK_DDQS\Exec\ConvertArea\95年度訴字第160號(2).doc.txt" 時發生錯誤, 原因: Variant does not reference an automation object
[20141031-085252 WordFileConvertSrv.exe] ERR> 轉檔作業失敗. 從 "D:\NTAKWeb\NTAK_DDQS\Exec\Manager\FileStore\98年度再字第37號.doc" 轉換至 "D:\NTAKWeb\NTAK_DDQS\Exec\ConvertArea\98年度再字第37號.doc.txt" 時發生錯誤, 原因: Variant does not reference an automation object
[20141031-085252 WordFileConvertSrv.exe] ERR> 轉檔作業失敗. 從 "D:\NTAKWeb\NTAK_DDQS\Exec\Manager\FileStore\98年度簡再字第13號(2).doc" 轉換至 "D:\NTAKWeb\NTAK_DDQS\Exec\ConvertArea\98年度簡再字第13號(2).doc.txt" 時發生錯誤, 原因: Variant does not reference an automation object
[20141031-085252 WordFileConvertSrv.exe] ERR> 轉檔作業失敗. 從 "D:\NTAKWeb\NTAK_DDQS\Exec\Manager\FileStore\99年度簡再字第9號.doc" 轉換至 "D:\NTAKWeb\NTAK_DDQS\Exec\ConvertArea\99年度簡再字第9號.doc.txt" 時發生錯誤, 原因: Variant does not reference an automation object
[20141031-085252 WordFileConvertSrv.exe] ERR> 轉檔作業失敗. 從 "D:\NTAKWeb\NTAK_DDQS\Exec\Manager\FileStore\IE8302100730陳景生101本稅-短報5%－更正後.doc" 轉換至 "D:\NTAKWeb\NTAK_DDQS\Exec\ConvertArea\IE8302100730陳景生101本稅-短報5%－更正後.doc.txt" 時發生錯誤, 原因: Variant does not reference an automation object
[20141031-085252 WordFileConvertSrv.exe] ERR> 轉檔作業失敗. 從 "D:\NTAKWeb\NTAK_DDQS\Exec\Manager\FileStore\JVP-LST.doc" 轉換至 "D:\NTAKWeb\NTAK_DDQS\Exec\ConvertArea\JVP-LST.doc.txt" 時發生錯誤, 原因: Variant does not reference an automation object
[20141031-085252 WordFileConvertSrv.exe] ERR> 轉檔作業失敗. 從 "D:\NTAKWeb\NTAK_DDQS\Exec\Manager\FileStore\NE0402400815邱翠蓮99罰鍰-未據實申報扣繳憑單20%-維持.doc" 轉換至 "D:\NTAKWeb\NTAK_DDQS\Exec\ConvertArea\NE0402400815邱翠蓮99罰鍰-未據實申報扣繳憑單20%-維持.doc.txt" 時發生錯誤, 原因: Variant does not reference an automation object
[20141031-085252 WordFileConvertSrv.exe] ERR> 轉檔作業失敗. 從 "D:\NTAKWeb\NTAK_DDQS\Exec\Manager\FileStore\NE0403100144章一民101年復查決定書-稿.doc" 轉換至 "D:\NTAKWeb\NTAK_DDQS\Exec\ConvertArea\NE0403100144章一民101年復查決定書-稿.doc.txt" 時發生錯誤, 原因: Variant does not reference an automation object
[20141031-085252 WordFileConvertSrv.exe] ERR> 轉檔作業失敗. 從 "D:\NTAKWeb\NTAK_DDQS\Exec\Manager\FileStore\NE8302100123莊全勝100免稅額-追減-核定.doc" 轉換至 "D:\NTAKWeb\NTAK_DDQS\Exec\ConvertArea\NE8302100123莊全勝100免稅額-追減-核定.doc.txt" 時發生錯誤, 原因: Variant does not reference an automation object
[20141031-085252 WordFileConvertSrv.exe] ERR> 轉檔作業失敗. 從 "D:\NTAKWeb\NTAK_DDQS\Exec\Manager\FileStore\NE8302400498潘&#21843;銘100罰鍰-委託他人代為申報-維持.doc" 轉換至 "D:\NTAKWeb\NTAK_DDQS\Exec\ConvertArea\NE8302400498潘&#21843;銘100罰鍰-委託他人代為申報-維持.doc.txt" 時發生錯誤, 原因: Variant does not reference an automation object
[20141031-085252 WordFileConvertSrv.exe] ERR> 轉檔作業失敗. 從 "D:\NTAKWeb\NTAK_DDQS\Exec\Manager\FileStore\何海鷗101虛列免稅額決定書(本+罰)正本.doc" 轉換至 "D:\NTAKWeb\NTAK_DDQS\Exec\ConvertArea\何海鷗101虛列免稅額決定書(本+罰)正本.doc.txt" 時發生錯誤, 原因: Variant does not reference an automation object
[20141031-085252 WordFileConvertSrv.exe] ERR> 轉檔作業失敗. 從 "D:\NTAKWeb\NTAK_DDQS\Exec\Manager\FileStore\佳勝營造(第09903392號)-94年度.doc" 轉換至 "D:\NTAKWeb\NTAK_DDQS\Exec\ConvertArea\佳勝營造(第09903392號)-94年度.doc.txt" 時發生錯誤, 原因: Variant does not reference an automation object
[20141031-085252 WordFileConvertSrv.exe] ERR> 轉檔作業失敗. 從 "D:\NTAKWeb\NTAK_DDQS\Exec\Manager\FileStore\北方之星(第09800030號)-89年度.doc" 轉換至 "D:\NTAKWeb\NTAK_DDQS\Exec\ConvertArea\北方之星(第09800030號)-89年度.doc.txt" 時發生錯誤, 原因: Variant does not reference an automation object
[20141031-085252 WordFileConvertSrv.exe] ERR> 轉檔作業失敗. 從 "D:\NTAKWeb\NTAK_DDQS\Exec\Manager\FileStore\呂冠霖(第09704361~09704365號)-91~95年度.doc" 轉換至 "D:\NTAKWeb\NTAK_DDQS\Exec\ConvertArea\呂冠霖(第09704361~09704365號)-91~95年度.doc.txt" 時發生錯誤, 原因: Variant does not reference an automation object
[20141031-085252 WordFileConvertSrv.exe] ERR> 轉檔作業失敗. 從 "D:\NTAKWeb\NTAK_DDQS\Exec\Manager\FileStore\周王金珍(第09800157號)-94年度.doc" 轉換至 "D:\NTAKWeb\NTAK_DDQS\Exec\ConvertArea\周王金珍(第09800157號)-94年度.doc.txt" 時發生錯誤, 原因: Variant does not reference an automation object
[20141031-085252 WordFileConvertSrv.exe] ERR> 轉檔作業失敗. 從 "D:\NTAKWeb\NTAK_DDQS\Exec\Manager\FileStore\廖東建(第10001282號)-98年度.doc" 轉換至 "D:\NTAKWeb\NTAK_DDQS\Exec\ConvertArea\廖東建(第10001282號)-98年度.doc.txt" 時發生錯誤, 原因: Variant does not reference an automation object
[20141031-085252 WordFileConvertSrv.exe] ERR> 轉檔作業失敗. 從 "D:\NTAKWeb\NTAK_DDQS\Exec\Manager\FileStore\廣建95營所稅決定書(虛銷8%).doc" 轉換至 "D:\NTAKWeb\NTAK_DDQS\Exec\ConvertArea\廣建95營所稅決定書(虛銷8%).doc.txt" 時發生錯誤, 原因: Variant does not reference an automation object
[20141031-085252 WordFileConvertSrv.exe] ERR> 轉檔作業失敗. 從 "D:\NTAKWeb\NTAK_DDQS\Exec\Manager\FileStore\彭宴祥(第09801703號)-96年度.doc" 轉換至 "D:\NTAKWeb\NTAK_DDQS\Exec\ConvertArea\彭宴祥(第09801703號)-96年度.doc.txt" 時發生錯誤, 原因: Variant does not reference an automation object
[20141031-085252 WordFileConvertSrv.exe] ERR> 轉檔作業失敗. 從 "D:\NTAKWeb\NTAK_DDQS\Exec\Manager\FileStore\復查決定-函洪俊良93信託營利所得-實質課稅-核課期間.doc" 轉換至 "D:\NTAKWeb\NTAK_DDQS\Exec\ConvertArea\復查決定-函洪俊良93信託營利所得-實質課稅-核課期間.doc.txt" 時發生錯誤, 原因: Variant does not reference an automation object
[20141031-085252 WordFileConvertSrv.exe] ERR> 轉檔作業失敗. 從 "D:\NTAKWeb\NTAK_DDQS\Exec\Manager\FileStore\日月光電子100年度營所稅復查決定書.doc" 轉換至 "D:\NTAKWeb\NTAK_DDQS\Exec\ConvertArea\日月光電子100年度營所稅復查決定書.doc.txt" 時發生錯誤, 原因: Variant does not reference an automation object
[20141031-085252 WordFileConvertSrv.exe] ERR> 轉檔作業失敗. 從 "D:\NTAKWeb\NTAK_DDQS\Exec\Manager\FileStore\李淑&#32137;決定書.doc" 轉換至 "D:\NTAKWeb\NTAK_DDQS\Exec\ConvertArea\李淑&#32137;決定書.doc.txt" 時發生錯誤, 原因: Variant does not reference an automation object
[20141031-085252 WordFileConvertSrv.exe] ERR> 轉檔作業失敗. 從 "D:\NTAKWeb\NTAK_DDQS\Exec\Manager\FileStore\李清 復查決定書.doc.doc" 轉換至 "D:\NTAKWeb\NTAK_DDQS\Exec\ConvertArea\李清 復查決定書.doc.doc.txt" 時發生錯誤, 原因: Variant does not reference an automation object
[20141031-085252 WordFileConvertSrv.exe] ERR> 轉檔作業失敗. 從 "D:\NTAKWeb\NTAK_DDQS\Exec\Manager\FileStore\李清&#23791;復查決定書.doc" 轉換至 "D:\NTAKWeb\NTAK_DDQS\Exec\ConvertArea\李清&#23791;復查決定書.doc.txt" 時發生錯誤, 原因: Variant does not reference an automation object
[20141031-085252 WordFileConvertSrv.exe] ERR> 轉檔作業失敗. 從 "D:\NTAKWeb\NTAK_DDQS\Exec\Manager\FileStore\林&#37979;宏決定書.doc" 轉換至 "D:\NTAKWeb\NTAK_DDQS\Exec\ConvertArea\林&#37979;宏決定書.doc.txt" 時發生錯誤, 原因: Variant does not reference an automation object
[20141031-085252 WordFileConvertSrv.exe] ERR> 轉檔作業失敗. 從 "D:\NTAKWeb\NTAK_DDQS\Exec\Manager\FileStore\林奇峰95年度復查報告確定版.doc" 轉換至 "D:\NTAKWeb\NTAK_DDQS\Exec\ConvertArea\林奇峰95年度復查報告確定版.doc.txt" 時發生錯誤, 原因: Variant does not reference an automation object
[20141031-085252 WordFileConvertSrv.exe] ERR> 轉檔作業失敗. 從 "D:\NTAKWeb\NTAK_DDQS\Exec\Manager\FileStore\林宜靜(第09903210號)-94~96年度.doc" 轉換至 "D:\NTAKWeb\NTAK_DDQS\Exec\ConvertArea\林宜靜(第09903210號)-94~96年度.doc.txt" 時發生錯誤, 原因: Variant does not reference an automation object
[20141031-085252 WordFileConvertSrv.exe] ERR> 轉檔作業失敗. 從 "D:\NTAKWeb\NTAK_DDQS\Exec\Manager\FileStore\林茂雄98年度綜合所得稅正本.doc" 轉換至 "D:\NTAKWeb\NTAK_DDQS\Exec\ConvertArea\林茂雄98年度綜合所得稅正本.doc.txt" 時發生錯誤, 原因: Variant does not reference an automation object
[20141031-085252 WordFileConvertSrv.exe] ERR> 轉檔作業失敗. 從 "D:\NTAKWeb\NTAK_DDQS\Exec\Manager\FileStore\林麗俐(第10002578號)-93年度.doc" 轉換至 "D:\NTAKWeb\NTAK_DDQS\Exec\ConvertArea\林麗俐(第10002578號)-93年度.doc.txt" 時發生錯誤, 原因: Variant does not reference an automation object
[20141031-085252 WordFileConvertSrv.exe] ERR> 轉檔作業失敗. 從 "D:\NTAKWeb\NTAK_DDQS\Exec\Manager\FileStore\楊肅泰(第09804135號)-96年度.doc" 轉換至 "D:\NTAKWeb\NTAK_DDQS\Exec\ConvertArea\楊肅泰(第09804135號)-96年度.doc.txt" 時發生錯誤, 原因: Variant does not reference an automation object
[20141031-085252 WordFileConvertSrv.exe] ERR> 轉檔作業失敗. 從 "D:\NTAKWeb\NTAK_DDQS\Exec\Manager\FileStore\歐陽建華(第09902018號)-88年度.doc" 轉換至 "D:\NTAKWeb\NTAK_DDQS\Exec\ConvertArea\歐陽建華(第09902018號)-88年度.doc.txt" 時發生錯誤, 原因: Variant does not reference an automation object
[20141031-085252 WordFileConvertSrv.exe] ERR> 轉檔作業失敗. 從 "D:\NTAKWeb\NTAK_DDQS\Exec\Manager\FileStore\武穎決~1.DOC" 轉換至 "D:\NTAKWeb\NTAK_DDQS\Exec\ConvertArea\武穎決~1.DOC.txt" 時發生錯誤, 原因: Variant does not reference an automation object
[20141031-085252 WordFileConvertSrv.exe] ERR> 轉檔作業失敗. 從 "D:\NTAKWeb\NTAK_DDQS\Exec\Manager\FileStore\潘&#21843;銘100罰鍰-委託他人代為申報-維持.doc" 轉換至 "D:\NTAKWeb\NTAK_DDQS\Exec\ConvertArea\潘&#21843;銘100罰鍰-委託他人代為申報-維持.doc.txt" 時發生錯誤, 原因: Variant does not reference an automation object
[20141031-085252 WordFileConvertSrv.exe] ERR> 轉檔作業失敗. 從 "D:\NTAKWeb\NTAK_DDQS\Exec\Manager\FileStore\王&#28702;苡101年特銷稅罰鍰決定書-函.docx" 轉換至 "D:\NTAKWeb\NTAK_DDQS\Exec\ConvertArea\王&#28702;苡101年特銷稅罰鍰決定書-函.docx.txt" 時發生錯誤, 原因: Variant does not reference an automation object
[20141031-085252 WordFileConvertSrv.exe] ERR> 轉檔作業失敗. 從 "D:\NTAKWeb\NTAK_DDQS\Exec\Manager\FileStore\白美香(第09803188號)-96年度.doc" 轉換至 "D:\NTAKWeb\NTAK_DDQS\Exec\ConvertArea\白美香(第09803188號)-96年度.doc.txt" 時發生錯誤, 原因: Variant does not reference an automation object
[20141031-085252 WordFileConvertSrv.exe] ERR> 轉檔作業失敗. 從 "D:\NTAKWeb\NTAK_DDQS\Exec\Manager\FileStore\蘇宏典(第10001702號)-95年度.doc" 轉換至 "D:\NTAKWeb\NTAK_DDQS\Exec\ConvertArea\蘇宏典(第10001702號)-95年度.doc.txt" 時發生錯誤, 原因: Variant does not reference an automation object
[20141031-085252 WordFileConvertSrv.exe] ERR> 轉檔作業失敗. 從 "D:\NTAKWeb\NTAK_DDQS\Exec\Manager\FileStore\達旺廣告(第09803394號)-95年度.doc" 轉換至 "D:\NTAKWeb\NTAK_DDQS\Exec\ConvertArea\達旺廣告(第09803394號)-95年度.doc.txt" 時發生錯誤, 原因: Variant does not reference an automation object
[20141031-085252 WordFileConvertSrv.exe] ERR> 轉檔作業失敗. 從 "D:\NTAKWeb\NTAK_DDQS\Exec\Manager\FileStore\鍇億國際95營所稅決定書(虛銷8%).doc" 轉換至 "D:\NTAKWeb\NTAK_DDQS\Exec\ConvertArea\鍇億國際95營所稅決定書(虛銷8%).doc.txt" 時發生錯誤, 原因: Variant does not reference an automation object
[20141031-085252 WordFileConvertSrv.exe] ERR> 轉檔作業失敗. 從 "D:\NTAKWeb\NTAK_DDQS\Exec\Manager\FileStore\鍇億國際95營所稅決定書虛銷8%.doc" 轉換至 "D:\NTAKWeb\NTAK_DDQS\Exec\ConvertArea\鍇億國際95營所稅決定書虛銷8%.doc.txt" 時發生錯誤, 原因: Variant does not reference an automation object
[20141031-085252 WordFileConvertSrv.exe] ERR> 轉檔作業失敗. 從 "D:\NTAKWeb\NTAK_DDQS\Exec\Manager\FileStore\陳麗文(第09801332號)-96年度.doc" 轉換至 "D:\NTAKWeb\NTAK_DDQS\Exec\ConvertArea\陳麗文(第09801332號)-96年度.doc.txt" 時發生錯誤, 原因: Variant does not reference an automation object
[20141031-085252 WordFileConvertSrv.exe] ERR> 轉檔作業失敗. 從 "D:\NTAKWeb\NTAK_DDQS\Exec\Manager\FileStore\黃&#28702;瑢復查決定書-海外所得.doc" 轉換至 "D:\NTAKWeb\NTAK_DDQS\Exec\ConvertArea\黃&#28702;瑢復查決定書-海外所得.doc.txt" 時發生錯誤, 原因: Variant does not reference an automation object
[20141031-085252 WordFileConvertSrv.exe] ERR> 轉檔作業失敗. 從 "D:\NTAKWeb\NTAK_DDQS\Exec\Manager\FileStore\黃鳳珠(第09703642號)-95年度.doc" 轉換至 "D:\NTAKWeb\NTAK_DDQS\Exec\ConvertArea\黃鳳珠(第09703642號)-95年度.doc.txt" 時發生錯誤, 原因: Variant does not reference an automation object
[20141031-085252 WordFileConvertSrv.exe] ERR> 轉檔作業失敗. 從 "D:\NTAKWeb\NTAK_DDQS\Exec\Manager\FileStore\&#40644;武穎決定書.doc" 轉換至 "D:\NTAKWeb\NTAK_DDQS\Exec\ConvertArea\&#40644;武穎決定書.doc.txt" 時發生錯誤, 原因: Variant does not reference an automation object
[20141031-085252 WordFileConvertSrv.exe] ERR> 轉檔作業失敗. 從 "D:\NTAKWeb\NTAK_DDQS\Exec\Manager\FileStore\09700128300.doc" 轉換至 "D:\NTAKWeb\NTAK_DDQS\Exec\ConvertArea\09700128300.doc.txt" 時發生錯誤, 原因: Variant does not reference an automation object
[20141031-085252 WordFileConvertSrv.exe] ERR> 轉檔作業失敗. 從 "D:\NTAKWeb\NTAK_DDQS\Exec\Manager\FileStore\09700398060.doc" 轉換至 "D:\NTAKWeb\NTAK_DDQS\Exec\ConvertArea\09700398060.doc.txt" 時發生錯誤, 原因: Variant does not reference an automation object
[20141031-085252 WordFileConvertSrv.exe] ERR> 轉檔作業失敗. 從 "D:\NTAKWeb\NTAK_DDQS\Exec\Manager\FileStore\1-1020924洪瑞&#23791;君96年度復查決定書-函.doc" 轉換至 "D:\NTAKWeb\NTAK_DDQS\Exec\ConvertArea\1-1020924洪瑞&#23791;君96年度復查決定書-函.doc.txt" 時發生錯誤, 原因: Variant does not reference an automation object
[20141031-085252 WordFileConvertSrv.exe] ERR> 轉檔作業失敗. 從 "D:\NTAKWeb\NTAK_DDQS\Exec\Manager\FileStore\100-2-21鍾泰營造有限公司營業稅罰鍰(復查決定書-重繕(發文).doc" 轉換至 "D:\NTAKWeb\NTAK_DDQS\Exec\ConvertArea\100-2-21鍾泰營造有限公司營業稅罰鍰(復查決定書-重繕(發文).doc.txt" 時發生錯誤, 原因: Variant does not reference an automation object
[20141031-085252 WordFileConvertSrv.exe] ERR> 轉檔作業失敗. 從 "D:\NTAKWeb\NTAK_DDQS\Exec\Manager\FileStore\100年度判字第1949號.doc" 轉換至 "D:\NTAKWeb\NTAK_DDQS\Exec\ConvertArea\100年度判字第1949號.doc.txt" 時發生錯誤, 原因: Variant does not reference an automation object
[20141031-085252 WordFileConvertSrv.exe] ERR> 轉檔作業失敗. 從 "D:\NTAKWeb\NTAK_DDQS\Exec\Manager\FileStore\100年度復查決定書稿發文.doc" 轉換至 "D:\NTAKWeb\NTAK_DDQS\Exec\ConvertArea\100年度復查決定書稿發文.doc.txt" 時發生錯誤, 原因: Variant does not reference an automation object
[20141031-085252 WordFileConvertSrv.exe] ERR> 轉檔作業失敗. 從 "D:\NTAKWeb\NTAK_DDQS\Exec\Manager\FileStore\100年度訴字第444號.doc" 轉換至 "D:\NTAKWeb\NTAK_DDQS\Exec\ConvertArea\100年度訴字第444號.doc.txt" 時發生錯誤, 原因: Variant does not reference an automation object
[20141031-085252 WordFileConvertSrv.exe] ERR> 轉檔作業失敗. 從 "D:\NTAKWeb\NTAK_DDQS\Exec\Manager\FileStore\102.4.29-陳&#28913;泰(陳吳芬釵)100年度綜所稅復查決定書.doc" 轉換至 "D:\NTAKWeb\NTAK_DDQS\Exec\ConvertArea\102.4.29-陳&#28913;泰(陳吳芬釵)100年度綜所稅復查決定書.doc.txt" 時發生錯誤, 原因: Variant does not reference an automation object
[20141031-085252 WordFileConvertSrv.exe] ERR> 轉檔作業失敗. 從 "D:\NTAKWeb\NTAK_DDQS\Exec\Manager\FileStore\10201614.doc" 轉換至 "D:\NTAKWeb\NTAK_DDQS\Exec\ConvertArea\10201614.doc.txt" 時發生錯誤, 原因: Variant does not reference an automation object
[20141031-085252 WordFileConvertSrv.exe] ERR> 轉檔作業失敗. 從 "D:\NTAKWeb\NTAK_DDQS\Exec\Manager\FileStore\1020716張孟信99年度綜所稅復查決定書(復查會決議修正).doc" 轉換至 "D:\NTAKWeb\NTAK_DDQS\Exec\ConvertArea\1020716張孟信99年度綜所稅復查決定書(復查會決議修正).doc.txt" 時發生錯誤, 原因: Variant does not reference an automation object
[20141031-085252 WordFileConvertSrv.exe] ERR> 轉檔作業失敗. 從 "D:\NTAKWeb\NTAK_DDQS\Exec\Manager\FileStore\1021030黃振銘君99年度綜所稅復查決定書.doc" 轉換至 "D:\NTAKWeb\NTAK_DDQS\Exec\ConvertArea\1021030黃振銘君99年度綜所稅復查決定書.doc.txt" 時發生錯誤, 原因: Variant does not reference an automation object
[20141031-085252 WordFileConvertSrv.exe] ERR> 轉檔作業失敗. 從 "D:\NTAKWeb\NTAK_DDQS\Exec\Manager\FileStore\103.06.23發文-黃小芳101年綜所稅決定書稿.doc" 轉換至 "D:\NTAKWeb\NTAK_DDQS\Exec\ConvertArea\103.06.23發文-黃小芳101年綜所稅決定書稿.doc.txt" 時發生錯誤, 原因: Variant does not reference an automation object
[20141031-085252 WordFileConvertSrv.exe] ERR> 轉檔作業失敗. 從 "D:\NTAKWeb\NTAK_DDQS\Exec\Manager\FileStore\103.4.25發文-陳振昌100年綜所稅決定書(罰鍰).doc" 轉換至 "D:\NTAKWeb\NTAK_DDQS\Exec\ConvertArea\103.4.25發文-陳振昌100年綜所稅決定書(罰鍰).doc.txt" 時發生錯誤, 原因: Variant does not reference an automation object
[20141031-085252 WordFileConvertSrv.exe] ERR> 轉檔作業失敗. 從 "D:\NTAKWeb\NTAK_DDQS\Exec\Manager\FileStore\10300120.doc" 轉換至 "D:\NTAKWeb\NTAK_DDQS\Exec\ConvertArea\10300120.doc.txt" 時發生錯誤, 原因: Variant does not reference an automation object
[20141031-085252 WordFileConvertSrv.exe] ERR> 轉檔作業失敗. 從 "D:\NTAKWeb\NTAK_DDQS\Exec\Manager\FileStore\1030912江昌101營所稅(漏報其他收入) 罰鍰復查決定書(發文).doc" 轉換至 "D:\NTAKWeb\NTAK_DDQS\Exec\ConvertArea\1030912江昌101營所稅(漏報其他收入) 罰鍰復查決定書(發文).doc.txt" 時發生錯誤, 原因: Variant does not reference an automation object
[20141031-085252 WordFileConvertSrv.exe] ERR> 轉檔作業失敗. 從 "D:\NTAKWeb\NTAK_DDQS\Exec\Manager\FileStore\95年度訴字第160號(2).doc" 轉換至 "D:\NTAKWeb\NTAK_DDQS\Exec\ConvertArea\95年度訴字第160號(2).doc.txt" 時發生錯誤, 原因: Variant does not reference an automation object
[20141031-085252 WordFileConvertSrv.exe] ERR> 轉檔作業失敗. 從 "D:\NTAKWeb\NTAK_DDQS\Exec\Manager\FileStore\98年度再字第37號.doc" 轉換至 "D:\NTAKWeb\NTAK_DDQS\Exec\ConvertArea\98年度再字第37號.doc.txt" 時發生錯誤, 原因: Variant does not reference an automation object
[20141031-085252 WordFileConvertSrv.exe] ERR> 轉檔作業失敗. 從 "D:\NTAKWeb\NTAK_DDQS\Exec\Manager\FileStore\98年度簡再字第13號(2).doc" 轉換至 "D:\NTAKWeb\NTAK_DDQS\Exec\ConvertArea\98年度簡再字第13號(2).doc.txt" 時發生錯誤, 原因: Variant does not reference an automation object
[20141031-085252 WordFileConvertSrv.exe] ERR> 轉檔作業失敗. 從 "D:\NTAKWeb\NTAK_DDQS\Exec\Manager\FileStore\99年度簡再字第9號.doc" 轉換至 "D:\NTAKWeb\NTAK_DDQS\Exec\ConvertArea\99年度簡再字第9號.doc.txt" 時發生錯誤, 原因: Variant does not reference an automation object
[20141031-085252 WordFileConvertSrv.exe] ERR> 轉檔作業失敗. 從 "D:\NTAKWeb\NTAK_DDQS\Exec\Manager\FileStore\IE8302100730陳景生101本稅-短報5%－更正後.doc" 轉換至 "D:\NTAKWeb\NTAK_DDQS\Exec\ConvertArea\IE8302100730陳景生101本稅-短報5%－更正後.doc.txt" 時發生錯誤, 原因: Variant does not reference an automation object
[20141031-085252 WordFileConvertSrv.exe] ERR> 轉檔作業失敗. 從 "D:\NTAKWeb\NTAK_DDQS\Exec\Manager\FileStore\JVP-LST.doc" 轉換至 "D:\NTAKWeb\NTAK_DDQS\Exec\ConvertArea\JVP-LST.doc.txt" 時發生錯誤, 原因: Variant does not reference an automation object
[20141031-085252 WordFileConvertSrv.exe] ERR> 轉檔作業失敗. 從 "D:\NTAKWeb\NTAK_DDQS\Exec\Manager\FileStore\NE0402400815邱翠蓮99罰鍰-未據實申報扣繳憑單20%-維持.doc" 轉換至 "D:\NTAKWeb\NTAK_DDQS\Exec\ConvertArea\NE0402400815邱翠蓮99罰鍰-未據實申報扣繳憑單20%-維持.doc.txt" 時發生錯誤, 原因: Variant does not reference an automation object
[20141031-085252 WordFileConvertSrv.exe] ERR> 轉檔作業失敗. 從 "D:\NTAKWeb\NTAK_DDQS\Exec\Manager\FileStore\NE0403100144章一民101年復查決定書-稿.doc" 轉換至 "D:\NTAKWeb\NTAK_DDQS\Exec\ConvertArea\NE0403100144章一民101年復查決定書-稿.doc.txt" 時發生錯誤, 原因: Variant does not reference an automation object
[20141031-085252 WordFileConvertSrv.exe] ERR> 轉檔作業失敗. 從 "D:\NTAKWeb\NTAK_DDQS\Exec\Manager\FileStore\NE8302100123莊全勝100免稅額-追減-核定.doc" 轉換至 "D:\NTAKWeb\NTAK_DDQS\Exec\ConvertArea\NE8302100123莊全勝100免稅額-追減-核定.doc.txt" 時發生錯誤, 原因: Variant does not reference an automation object
[20141031-085252 WordFileConvertSrv.exe] ERR> 轉檔作業失敗. 從 "D:\NTAKWeb\NTAK_DDQS\Exec\Manager\FileStore\NE8302400498潘&#21843;銘100罰鍰-委託他人代為申報-維持.doc" 轉換至 "D:\NTAKWeb\NTAK_DDQS\Exec\ConvertArea\NE8302400498潘&#21843;銘100罰鍰-委託他人代為申報-維持.doc.txt" 時發生錯誤, 原因: Variant does not reference an automation object
[20141031-085252 WordFileConvertSrv.exe] ERR> 轉檔作業失敗. 從 "D:\NTAKWeb\NTAK_DDQS\Exec\Manager\FileStore\何海鷗101虛列免稅額決定書(本+罰)正本.doc" 轉換至 "D:\NTAKWeb\NTAK_DDQS\Exec\ConvertArea\何海鷗101虛列免稅額決定書(本+罰)正本.doc.txt" 時發生錯誤, 原因: Variant does not reference an automation object
[20141031-085252 WordFileConvertSrv.exe] ERR> 轉檔作業失敗. 從 "D:\NTAKWeb\NTAK_DDQS\Exec\Manager\FileStore\佳勝營造(第09903392號)-94年度.doc" 轉換至 "D:\NTAKWeb\NTAK_DDQS\Exec\ConvertArea\佳勝營造(第09903392號)-94年度.doc.txt" 時發生錯誤, 原因: Variant does not reference an automation object
[20141031-085252 WordFileConvertSrv.exe] ERR> 轉檔作業失敗. 從 "D:\NTAKWeb\NTAK_DDQS\Exec\Manager\FileStore\北方之星(第09800030號)-89年度.doc" 轉換至 "D:\NTAKWeb\NTAK_DDQS\Exec\ConvertArea\北方之星(第09800030號)-89年度.doc.txt" 時發生錯誤, 原因: Variant does not reference an automation object
[20141031-085252 WordFileConvertSrv.exe] ERR> 轉檔作業失敗. 從 "D:\NTAKWeb\NTAK_DDQS\Exec\Manager\FileStore\呂冠霖(第09704361~09704365號)-91~95年度.doc" 轉換至 "D:\NTAKWeb\NTAK_DDQS\Exec\ConvertArea\呂冠霖(第09704361~09704365號)-91~95年度.doc.txt" 時發生錯誤, 原因: Variant does not reference an automation object
[20141031-085252 WordFileConvertSrv.exe] ERR> 轉檔作業失敗. 從 "D:\NTAKWeb\NTAK_DDQS\Exec\Manager\FileStore\周王金珍(第09800157號)-94年度.doc" 轉換至 "D:\NTAKWeb\NTAK_DDQS\Exec\ConvertArea\周王金珍(第09800157號)-94年度.doc.txt" 時發生錯誤, 原因: Variant does not reference an automation object
[20141031-085252 WordFileConvertSrv.exe] ERR> 轉檔作業失敗. 從 "D:\NTAKWeb\NTAK_DDQS\Exec\Manager\FileStore\廖東建(第10001282號)-98年度.doc" 轉換至 "D:\NTAKWeb\NTAK_DDQS\Exec\ConvertArea\廖東建(第10001282號)-98年度.doc.txt" 時發生錯誤, 原因: Variant does not reference an automation object
[20141031-085252 WordFileConvertSrv.exe] ERR> 轉檔作業失敗. 從 "D:\NTAKWeb\NTAK_DDQS\Exec\Manager\FileStore\廣建95營所稅決定書(虛銷8%).doc" 轉換至 "D:\NTAKWeb\NTAK_DDQS\Exec\ConvertArea\廣建95營所稅決定書(虛銷8%).doc.txt" 時發生錯誤, 原因: Variant does not reference an automation object
[20141031-085252 WordFileConvertSrv.exe] ERR> 轉檔作業失敗. 從 "D:\NTAKWeb\NTAK_DDQS\Exec\Manager\FileStore\彭宴祥(第09801703號)-96年度.doc" 轉換至 "D:\NTAKWeb\NTAK_DDQS\Exec\ConvertArea\彭宴祥(第09801703號)-96年度.doc.txt" 時發生錯誤, 原因: Variant does not reference an automation object
[20141031-085252 WordFileConvertSrv.exe] ERR> 轉檔作業失敗. 從 "D:\NTAKWeb\NTAK_DDQS\Exec\Manager\FileStore\復查決定-函洪俊良93信託營利所得-實質課稅-核課期間.doc" 轉換至 "D:\NTAKWeb\NTAK_DDQS\Exec\ConvertArea\復查決定-函洪俊良93信託營利所得-實質課稅-核課期間.doc.txt" 時發生錯誤, 原因: Variant does not reference an automation object
[20141031-085252 WordFileConvertSrv.exe] ERR> 轉檔作業失敗. 從 "D:\NTAKWeb\NTAK_DDQS\Exec\Manager\FileStore\日月光電子100年度營所稅復查決定書.doc" 轉換至 "D:\NTAKWeb\NTAK_DDQS\Exec\ConvertArea\日月光電子100年度營所稅復查決定書.doc.txt" 時發生錯誤, 原因: Variant does not reference an automation object
[20141031-085252 WordFileConvertSrv.exe] ERR> 轉檔作業失敗. 從 "D:\NTAKWeb\NTAK_DDQS\Exec\Manager\FileStore\李淑&#32137;決定書.doc" 轉換至 "D:\NTAKWeb\NTAK_DDQS\Exec\ConvertArea\李淑&#32137;決定書.doc.txt" 時發生錯誤, 原因: Variant does not reference an automation object
[20141031-085252 WordFileConvertSrv.exe] ERR> 轉檔作業失敗. 從 "D:\NTAKWeb\NTAK_DDQS\Exec\Manager\FileStore\李清 復查決定書.doc.doc" 轉換至 "D:\NTAKWeb\NTAK_DDQS\Exec\ConvertArea\李清 復查決定書.doc.doc.txt" 時發生錯誤, 原因: Variant does not reference an automation object
[20141031-085252 WordFileConvertSrv.exe] ERR> 轉檔作業失敗. 從 "D:\NTAKWeb\NTAK_DDQS\Exec\Manager\FileStore\李清&#23791;復查決定書.doc" 轉換至 "D:\NTAKWeb\NTAK_DDQS\Exec\ConvertArea\李清&#23791;復查決定書.doc.txt" 時發生錯誤, 原因: Variant does not reference an automation object
[20141031-085252 WordFileConvertSrv.exe] ERR> 轉檔作業失敗. 從 "D:\NTAKWeb\NTAK_DDQS\Exec\Manager\FileStore\林&#37979;宏決定書.doc" 轉換至 "D:\NTAKWeb\NTAK_DDQS\Exec\ConvertArea\林&#37979;宏決定書.doc.txt" 時發生錯誤, 原因: Variant does not reference an automation object
[20141031-085252 WordFileConvertSrv.exe] ERR> 轉檔作業失敗. 從 "D:\NTAKWeb\NTAK_DDQS\Exec\Manager\FileStore\林奇峰95年度復查報告確定版.doc" 轉換至 "D:\NTAKWeb\NTAK_DDQS\Exec\ConvertArea\林奇峰95年度復查報告確定版.doc.txt" 時發生錯誤, 原因: Variant does not reference an automation object
[20141031-085252 WordFileConvertSrv.exe] ERR> 轉檔作業失敗. 從 "D:\NTAKWeb\NTAK_DDQS\Exec\Manager\FileStore\林宜靜(第09903210號)-94~96年度.doc" 轉換至 "D:\NTAKWeb\NTAK_DDQS\Exec\ConvertArea\林宜靜(第09903210號)-94~96年度.doc.txt" 時發生錯誤, 原因: Variant does not reference an automation object
[20141031-085252 WordFileConvertSrv.exe] ERR> 轉檔作業失敗. 從 "D:\NTAKWeb\NTAK_DDQS\Exec\Manager\FileStore\林茂雄98年度綜合所得稅正本.doc" 轉換至 "D:\NTAKWeb\NTAK_DDQS\Exec\ConvertArea\林茂雄98年度綜合所得稅正本.doc.txt" 時發生錯誤, 原因: Variant does not reference an automation object
[20141031-085252 WordFileConvertSrv.exe] ERR> 轉檔作業失敗. 從 "D:\NTAKWeb\NTAK_DDQS\Exec\Manager\FileStore\林麗俐(第10002578號)-93年度.doc" 轉換至 "D:\NTAKWeb\NTAK_DDQS\Exec\ConvertArea\林麗俐(第10002578號)-93年度.doc.txt" 時發生錯誤, 原因: Variant does not reference an automation object
[20141031-085252 WordFileConvertSrv.exe] ERR> 轉檔作業失敗. 從 "D:\NTAKWeb\NTAK_DDQS\Exec\Manager\FileStore\楊肅泰(第09804135號)-96年度.doc" 轉換至 "D:\NTAKWeb\NTAK_DDQS\Exec\ConvertArea\楊肅泰(第09804135號)-96年度.doc.txt" 時發生錯誤, 原因: Variant does not reference an automation object
[20141031-085252 WordFileConvertSrv.exe] ERR> 轉檔作業失敗. 從 "D:\NTAKWeb\NTAK_DDQS\Exec\Manager\FileStore\歐陽建華(第09902018號)-88年度.doc" 轉換至 "D:\NTAKWeb\NTAK_DDQS\Exec\ConvertArea\歐陽建華(第09902018號)-88年度.doc.txt" 時發生錯誤, 原因: Variant does not reference an automation object
[20141031-085252 WordFileConvertSrv.exe] ERR> 轉檔作業失敗. 從 "D:\NTAKWeb\NTAK_DDQS\Exec\Manager\FileStore\武穎決~1.DOC" 轉換至 "D:\NTAKWeb\NTAK_DDQS\Exec\ConvertArea\武穎決~1.DOC.txt" 時發生錯誤, 原因: Variant does not reference an automation object
[20141031-085252 WordFileConvertSrv.exe] ERR> 轉檔作業失敗. 從 "D:\NTAKWeb\NTAK_DDQS\Exec\Manager\FileStore\潘&#21843;銘100罰鍰-委託他人代為申報-維持.doc" 轉換至 "D:\NTAKWeb\NTAK_DDQS\Exec\ConvertArea\潘&#21843;銘100罰鍰-委託他人代為申報-維持.doc.txt" 時發生錯誤, 原因: Variant does not reference an automation object
[20141031-085252 WordFileConvertSrv.exe] ERR> 轉檔作業失敗. 從 "D:\NTAKWeb\NTAK_DDQS\Exec\Manager\FileStore\王&#28702;苡101年特銷稅罰鍰決定書-函.docx" 轉換至 "D:\NTAKWeb\NTAK_DDQS\Exec\ConvertArea\王&#28702;苡101年特銷稅罰鍰決定書-函.docx.txt" 時發生錯誤, 原因: Variant does not reference an automation object
[20141031-085252 WordFileConvertSrv.exe] ERR> 轉檔作業失敗. 從 "D:\NTAKWeb\NTAK_DDQS\Exec\Manager\FileStore\白美香(第09803188號)-96年度.doc" 轉換至 "D:\NTAKWeb\NTAK_DDQS\Exec\ConvertArea\白美香(第09803188號)-96年度.doc.txt" 時發生錯誤, 原因: Variant does not reference an automation object
[20141031-085252 WordFileConvertSrv.exe] ERR> 轉檔作業失敗. 從 "D:\NTAKWeb\NTAK_DDQS\Exec\Manager\FileStore\蘇宏典(第10001702號)-95年度.doc" 轉換至 "D:\NTAKWeb\NTAK_DDQS\Exec\ConvertArea\蘇宏典(第10001702號)-95年度.doc.txt" 時發生錯誤, 原因: Variant does not reference an automation object
[20141031-085252 WordFileConvertSrv.exe] ERR> 轉檔作業失敗. 從 "D:\NTAKWeb\NTAK_DDQS\Exec\Manager\FileStore\達旺廣告(第09803394號)-95年度.doc" 轉換至 "D:\NTAKWeb\NTAK_DDQS\Exec\ConvertArea\達旺廣告(第09803394號)-95年度.doc.txt" 時發生錯誤, 原因: Variant does not reference an automation object
[20141031-085252 WordFileConvertSrv.exe] ERR> 轉檔作業失敗. 從 "D:\NTAKWeb\NTAK_DDQS\Exec\Manager\FileStore\鍇億國際95營所稅決定書(虛銷8%).doc" 轉換至 "D:\NTAKWeb\NTAK_DDQS\Exec\ConvertArea\鍇億國際95營所稅決定書(虛銷8%).doc.txt" 時發生錯誤, 原因: Variant does not reference an automation object
[20141031-085252 WordFileConvertSrv.exe] ERR> 轉檔作業失敗. 從 "D:\NTAKWeb\NTAK_DDQS\Exec\Manager\FileStore\鍇億國際95營所稅決定書虛銷8%.doc" 轉換至 "D:\NTAKWeb\NTAK_DDQS\Exec\ConvertArea\鍇億國際95營所稅決定書虛銷8%.doc.txt" 時發生錯誤, 原因: Variant does not reference an automation object
[20141031-085252 WordFileConvertSrv.exe] ERR> 轉檔作業失敗. 從 "D:\NTAKWeb\NTAK_DDQS\Exec\Manager\FileStore\陳麗文(第09801332號)-96年度.doc" 轉換至 "D:\NTAKWeb\NTAK_DDQS\Exec\ConvertArea\陳麗文(第09801332號)-96年度.doc.txt" 時發生錯誤, 原因: Variant does not reference an automation object
[20141031-085252 WordFileConvertSrv.exe] ERR> 轉檔作業失敗. 從 "D:\NTAKWeb\NTAK_DDQS\Exec\Manager\FileStore\黃&#28702;瑢復查決定書-海外所得.doc" 轉換至 "D:\NTAKWeb\NTAK_DDQS\Exec\ConvertArea\黃&#28702;瑢復查決定書-海外所得.doc.txt" 時發生錯誤, 原因: Variant does not reference an automation object
[20141031-085252 WordFileConvertSrv.exe] ERR> 轉檔作業失敗. 從 "D:\NTAKWeb\NTAK_DDQS\Exec\Manager\FileStore\黃鳳珠(第09703642號)-95年度.doc" 轉換至 "D:\NTAKWeb\NTAK_DDQS\Exec\ConvertArea\黃鳳珠(第09703642號)-95年度.doc.txt" 時發生錯誤, 原因: Variant does not reference an automation object
[20141105-170601 WordFileConvertSrv.exe] <LOG_SYSTEM>程式結束[D:\NTAKWeb\NTAK_DDQS\Exec\Install\Service\WordFileConvertSrv.exe]
[20141105-170652 WordFileConvertSrv.exe] <LOG_SYSTEM>程式啟動[D:\NTAKWeb\NTAK_DDQS\Exec\Install\Service\WordFileConvertSrv.exe]
[20141105-170652 WordFileConvertSrv.exe] <LOG_SYSTEM>重新整理紀錄, 使紀錄只保留最後3000筆.
[20141105-173201 WordFileConvertSrv.exe] ERR> 轉檔作業失敗. 從 "D:\NTAKWeb\NTAK_DDQS\Exec\Manager\FileStore\&#40644;武穎決定書.doc" 轉換至 "D:\NTAKWeb\NTAK_DDQS\Exec\ConvertArea\&#40644;武穎決定書.doc.txt" 時發生錯誤, 原因: 無效的類別字串
[20141105-173201 WordFileConvertSrv.exe] ERR> 轉檔作業失敗. 從 "D:\NTAKWeb\NTAK_DDQS\Exec\Manager\FileStore\09700128300.doc" 轉換至 "D:\NTAKWeb\NTAK_DDQS\Exec\ConvertArea\09700128300.doc.txt" 時發生錯誤, 原因: Variant does not reference an automation object
[20141105-173201 WordFileConvertSrv.exe] ERR> 轉檔作業失敗. 從 "D:\NTAKWeb\NTAK_DDQS\Exec\Manager\FileStore\09700398060.doc" 轉換至 "D:\NTAKWeb\NTAK_DDQS\Exec\ConvertArea\09700398060.doc.txt" 時發生錯誤, 原因: Variant does not reference an automation object
[20141105-173201 WordFileConvertSrv.exe] ERR> 轉檔作業失敗. 從 "D:\NTAKWeb\NTAK_DDQS\Exec\Manager\FileStore\1-1020924洪瑞&#23791;君96年度復查決定書-函.doc" 轉換至 "D:\NTAKWeb\NTAK_DDQS\Exec\ConvertArea\1-1020924洪瑞&#23791;君96年度復查決定書-函.doc.txt" 時發生錯誤, 原因: Variant does not reference an automation object
[20141105-173201 WordFileConvertSrv.exe] ERR> 轉檔作業失敗. 從 "D:\NTAKWeb\NTAK_DDQS\Exec\Manager\FileStore\100-2-21鍾泰營造有限公司營業稅罰鍰(復查決定書-重繕(發文).doc" 轉換至 "D:\NTAKWeb\NTAK_DDQS\Exec\ConvertArea\100-2-21鍾泰營造有限公司營業稅罰鍰(復查決定書-重繕(發文).doc.txt" 時發生錯誤, 原因: Variant does not reference an automation object
[20141105-173201 WordFileConvertSrv.exe] ERR> 轉檔作業失敗. 從 "D:\NTAKWeb\NTAK_DDQS\Exec\Manager\FileStore\100年度判字第1949號.doc" 轉換至 "D:\NTAKWeb\NTAK_DDQS\Exec\ConvertArea\100年度判字第1949號.doc.txt" 時發生錯誤, 原因: Variant does not reference an automation object
[20141105-173201 WordFileConvertSrv.exe] ERR> 轉檔作業失敗. 從 "D:\NTAKWeb\NTAK_DDQS\Exec\Manager\FileStore\100年度復查決定書稿發文.doc" 轉換至 "D:\NTAKWeb\NTAK_DDQS\Exec\ConvertArea\100年度復查決定書稿發文.doc.txt" 時發生錯誤, 原因: Variant does not reference an automation object
[20141105-173201 WordFileConvertSrv.exe] ERR> 轉檔作業失敗. 從 "D:\NTAKWeb\NTAK_DDQS\Exec\Manager\FileStore\100年度訴字第444號.doc" 轉換至 "D:\NTAKWeb\NTAK_DDQS\Exec\ConvertArea\100年度訴字第444號.doc.txt" 時發生錯誤, 原因: Variant does not reference an automation object
[20141105-173201 WordFileConvertSrv.exe] ERR> 轉檔作業失敗. 從 "D:\NTAKWeb\NTAK_DDQS\Exec\Manager\FileStore\102.4.29-陳&#28913;泰(陳吳芬釵)100年度綜所稅復查決定書.doc" 轉換至 "D:\NTAKWeb\NTAK_DDQS\Exec\ConvertArea\102.4.29-陳&#28913;泰(陳吳芬釵)100年度綜所稅復查決定書.doc.txt" 時發生錯誤, 原因: Variant does not reference an automation object
[20141105-173201 WordFileConvertSrv.exe] ERR> 轉檔作業失敗. 從 "D:\NTAKWeb\NTAK_DDQS\Exec\Manager\FileStore\10201614.doc" 轉換至 "D:\NTAKWeb\NTAK_DDQS\Exec\ConvertArea\10201614.doc.txt" 時發生錯誤, 原因: Variant does not reference an automation object
[20141105-173201 WordFileConvertSrv.exe] ERR> 轉檔作業失敗. 從 "D:\NTAKWeb\NTAK_DDQS\Exec\Manager\FileStore\1020716張孟信99年度綜所稅復查決定書(復查會決議修正).doc" 轉換至 "D:\NTAKWeb\NTAK_DDQS\Exec\ConvertArea\1020716張孟信99年度綜所稅復查決定書(復查會決議修正).doc.txt" 時發生錯誤, 原因: Variant does not reference an automation object
[20141105-173201 WordFileConvertSrv.exe] ERR> 轉檔作業失敗. 從 "D:\NTAKWeb\NTAK_DDQS\Exec\Manager\FileStore\1021030黃振銘君99年度綜所稅復查決定書.doc" 轉換至 "D:\NTAKWeb\NTAK_DDQS\Exec\ConvertArea\1021030黃振銘君99年度綜所稅復查決定書.doc.txt" 時發生錯誤, 原因: Variant does not reference an automation object
[20141105-173201 WordFileConvertSrv.exe] ERR> 轉檔作業失敗. 從 "D:\NTAKWeb\NTAK_DDQS\Exec\Manager\FileStore\103.06.23發文-黃小芳101年綜所稅決定書稿.doc" 轉換至 "D:\NTAKWeb\NTAK_DDQS\Exec\ConvertArea\103.06.23發文-黃小芳101年綜所稅決定書稿.doc.txt" 時發生錯誤, 原因: Variant does not reference an automation object
[20141105-173201 WordFileConvertSrv.exe] ERR> 轉檔作業失敗. 從 "D:\NTAKWeb\NTAK_DDQS\Exec\Manager\FileStore\103.4.25發文-陳振昌100年綜所稅決定書(罰鍰).doc" 轉換至 "D:\NTAKWeb\NTAK_DDQS\Exec\ConvertArea\103.4.25發文-陳振昌100年綜所稅決定書(罰鍰).doc.txt" 時發生錯誤, 原因: Variant does not reference an automation object
[20141105-173201 WordFileConvertSrv.exe] ERR> 轉檔作業失敗. 從 "D:\NTAKWeb\NTAK_DDQS\Exec\Manager\FileStore\10300120.doc" 轉換至 "D:\NTAKWeb\NTAK_DDQS\Exec\ConvertArea\10300120.doc.txt" 時發生錯誤, 原因: Variant does not reference an automation object
[20141105-173201 WordFileConvertSrv.exe] ERR> 轉檔作業失敗. 從 "D:\NTAKWeb\NTAK_DDQS\Exec\Manager\FileStore\1030912江昌101營所稅(漏報其他收入) 罰鍰復查決定書(發文).doc" 轉換至 "D:\NTAKWeb\NTAK_DDQS\Exec\ConvertArea\1030912江昌101營所稅(漏報其他收入) 罰鍰復查決定書(發文).doc.txt" 時發生錯誤, 原因: Variant does not reference an automation object
[20141105-173201 WordFileConvertSrv.exe] ERR> 轉檔作業失敗. 從 "D:\NTAKWeb\NTAK_DDQS\Exec\Manager\FileStore\95年度訴字第160號(2).doc" 轉換至 "D:\NTAKWeb\NTAK_DDQS\Exec\ConvertArea\95年度訴字第160號(2).doc.txt" 時發生錯誤, 原因: Variant does not reference an automation object
[20141105-173201 WordFileConvertSrv.exe] ERR> 轉檔作業失敗. 從 "D:\NTAKWeb\NTAK_DDQS\Exec\Manager\FileStore\98年度再字第37號.doc" 轉換至 "D:\NTAKWeb\NTAK_DDQS\Exec\ConvertArea\98年度再字第37號.doc.txt" 時發生錯誤, 原因: Variant does not reference an automation object
[20141105-173201 WordFileConvertSrv.exe] ERR> 轉檔作業失敗. 從 "D:\NTAKWeb\NTAK_DDQS\Exec\Manager\FileStore\98年度簡再字第13號(2).doc" 轉換至 "D:\NTAKWeb\NTAK_DDQS\Exec\ConvertArea\98年度簡再字第13號(2).doc.txt" 時發生錯誤, 原因: Variant does not reference an automation object
[20141105-173201 WordFileConvertSrv.exe] ERR> 轉檔作業失敗. 從 "D:\NTAKWeb\NTAK_DDQS\Exec\Manager\FileStore\99年度簡再字第9號.doc" 轉換至 "D:\NTAKWeb\NTAK_DDQS\Exec\ConvertArea\99年度簡再字第9號.doc.txt" 時發生錯誤, 原因: Variant does not reference an automation object
[20141105-173201 WordFileConvertSrv.exe] ERR> 轉檔作業失敗. 從 "D:\NTAKWeb\NTAK_DDQS\Exec\Manager\FileStore\IE8302100730陳景生101本稅-短報5%－更正後.doc" 轉換至 "D:\NTAKWeb\NTAK_DDQS\Exec\ConvertArea\IE8302100730陳景生101本稅-短報5%－更正後.doc.txt" 時發生錯誤, 原因: Variant does not reference an automation object
[20141105-173201 WordFileConvertSrv.exe] ERR> 轉檔作業失敗. 從 "D:\NTAKWeb\NTAK_DDQS\Exec\Manager\FileStore\JVP-LST.doc" 轉換至 "D:\NTAKWeb\NTAK_DDQS\Exec\ConvertArea\JVP-LST.doc.txt" 時發生錯誤, 原因: Variant does not reference an automation object
[20141105-173201 WordFileConvertSrv.exe] ERR> 轉檔作業失敗. 從 "D:\NTAKWeb\NTAK_DDQS\Exec\Manager\FileStore\NE0402400815邱翠蓮99罰鍰-未據實申報扣繳憑單20%-維持.doc" 轉換至 "D:\NTAKWeb\NTAK_DDQS\Exec\ConvertArea\NE0402400815邱翠蓮99罰鍰-未據實申報扣繳憑單20%-維持.doc.txt" 時發生錯誤, 原因: Variant does not reference an automation object
[20141105-173201 WordFileConvertSrv.exe] ERR> 轉檔作業失敗. 從 "D:\NTAKWeb\NTAK_DDQS\Exec\Manager\FileStore\NE0403100144章一民101年復查決定書-稿.doc" 轉換至 "D:\NTAKWeb\NTAK_DDQS\Exec\ConvertArea\NE0403100144章一民101年復查決定書-稿.doc.txt" 時發生錯誤, 原因: Variant does not reference an automation object
[20141105-173201 WordFileConvertSrv.exe] ERR> 轉檔作業失敗. 從 "D:\NTAKWeb\NTAK_DDQS\Exec\Manager\FileStore\NE8302100123莊全勝100免稅額-追減-核定.doc" 轉換至 "D:\NTAKWeb\NTAK_DDQS\Exec\ConvertArea\NE8302100123莊全勝100免稅額-追減-核定.doc.txt" 時發生錯誤, 原因: Variant does not reference an automation object
[20141105-173201 WordFileConvertSrv.exe] ERR> 轉檔作業失敗. 從 "D:\NTAKWeb\NTAK_DDQS\Exec\Manager\FileStore\NE8302400498潘&#21843;銘100罰鍰-委託他人代為申報-維持.doc" 轉換至 "D:\NTAKWeb\NTAK_DDQS\Exec\ConvertArea\NE8302400498潘&#21843;銘100罰鍰-委託他人代為申報-維持.doc.txt" 時發生錯誤, 原因: Variant does not reference an automation object
[20141105-173201 WordFileConvertSrv.exe] ERR> 轉檔作業失敗. 從 "D:\NTAKWeb\NTAK_DDQS\Exec\Manager\FileStore\何海鷗101虛列免稅額決定書(本+罰)正本.doc" 轉換至 "D:\NTAKWeb\NTAK_DDQS\Exec\ConvertArea\何海鷗101虛列免稅額決定書(本+罰)正本.doc.txt" 時發生錯誤, 原因: Variant does not reference an automation object
[20141105-173201 WordFileConvertSrv.exe] ERR> 轉檔作業失敗. 從 "D:\NTAKWeb\NTAK_DDQS\Exec\Manager\FileStore\佳勝營造(第09903392號)-94年度.doc" 轉換至 "D:\NTAKWeb\NTAK_DDQS\Exec\ConvertArea\佳勝營造(第09903392號)-94年度.doc.txt" 時發生錯誤, 原因: Variant does not reference an automation object
[20141105-173201 WordFileConvertSrv.exe] ERR> 轉檔作業失敗. 從 "D:\NTAKWeb\NTAK_DDQS\Exec\Manager\FileStore\北方之星(第09800030號)-89年度.doc" 轉換至 "D:\NTAKWeb\NTAK_DDQS\Exec\ConvertArea\北方之星(第09800030號)-89年度.doc.txt" 時發生錯誤, 原因: Variant does not reference an automation object
[20141105-173201 WordFileConvertSrv.exe] ERR> 轉檔作業失敗. 從 "D:\NTAKWeb\NTAK_DDQS\Exec\Manager\FileStore\呂冠霖(第09704361~09704365號)-91~95年度.doc" 轉換至 "D:\NTAKWeb\NTAK_DDQS\Exec\ConvertArea\呂冠霖(第09704361~09704365號)-91~95年度.doc.txt" 時發生錯誤, 原因: Variant does not reference an automation object
[20141105-173202 WordFileConvertSrv.exe] ERR> 轉檔作業失敗. 從 "D:\NTAKWeb\NTAK_DDQS\Exec\Manager\FileStore\周王金珍(第09800157號)-94年度.doc" 轉換至 "D:\NTAKWeb\NTAK_DDQS\Exec\ConvertArea\周王金珍(第09800157號)-94年度.doc.txt" 時發生錯誤, 原因: Variant does not reference an automation object
[20141105-173202 WordFileConvertSrv.exe] ERR> 轉檔作業失敗. 從 "D:\NTAKWeb\NTAK_DDQS\Exec\Manager\FileStore\廖東建(第10001282號)-98年度.doc" 轉換至 "D:\NTAKWeb\NTAK_DDQS\Exec\ConvertArea\廖東建(第10001282號)-98年度.doc.txt" 時發生錯誤, 原因: Variant does not reference an automation object
[20141105-173202 WordFileConvertSrv.exe] ERR> 轉檔作業失敗. 從 "D:\NTAKWeb\NTAK_DDQS\Exec\Manager\FileStore\廣建95營所稅決定書(虛銷8%).doc" 轉換至 "D:\NTAKWeb\NTAK_DDQS\Exec\ConvertArea\廣建95營所稅決定書(虛銷8%).doc.txt" 時發生錯誤, 原因: Variant does not reference an automation object
[20141105-173202 WordFileConvertSrv.exe] ERR> 轉檔作業失敗. 從 "D:\NTAKWeb\NTAK_DDQS\Exec\Manager\FileStore\彭宴祥(第09801703號)-96年度.doc" 轉換至 "D:\NTAKWeb\NTAK_DDQS\Exec\ConvertArea\彭宴祥(第09801703號)-96年度.doc.txt" 時發生錯誤, 原因: Variant does not reference an automation object
[20141105-173202 WordFileConvertSrv.exe] ERR> 轉檔作業失敗. 從 "D:\NTAKWeb\NTAK_DDQS\Exec\Manager\FileStore\復查決定-函洪俊良93信託營利所得-實質課稅-核課期間.doc" 轉換至 "D:\NTAKWeb\NTAK_DDQS\Exec\ConvertArea\復查決定-函洪俊良93信託營利所得-實質課稅-核課期間.doc.txt" 時發生錯誤, 原因: Variant does not reference an automation object
[20141105-173202 WordFileConvertSrv.exe] ERR> 轉檔作業失敗. 從 "D:\NTAKWeb\NTAK_DDQS\Exec\Manager\FileStore\日月光電子100年度營所稅復查決定書.doc" 轉換至 "D:\NTAKWeb\NTAK_DDQS\Exec\ConvertArea\日月光電子100年度營所稅復查決定書.doc.txt" 時發生錯誤, 原因: Variant does not reference an automation object
[20141105-173202 WordFileConvertSrv.exe] ERR> 轉檔作業失敗. 從 "D:\NTAKWeb\NTAK_DDQS\Exec\Manager\FileStore\李淑&#32137;決定書.doc" 轉換至 "D:\NTAKWeb\NTAK_DDQS\Exec\ConvertArea\李淑&#32137;決定書.doc.txt" 時發生錯誤, 原因: Variant does not reference an automation object
[20141105-173202 WordFileConvertSrv.exe] ERR> 轉檔作業失敗. 從 "D:\NTAKWeb\NTAK_DDQS\Exec\Manager\FileStore\李清 復查決定書.doc.doc" 轉換至 "D:\NTAKWeb\NTAK_DDQS\Exec\ConvertArea\李清 復查決定書.doc.doc.txt" 時發生錯誤, 原因: Variant does not reference an automation object
[20141105-173202 WordFileConvertSrv.exe] ERR> 轉檔作業失敗. 從 "D:\NTAKWeb\NTAK_DDQS\Exec\Manager\FileStore\李清&#23791;復查決定書.doc" 轉換至 "D:\NTAKWeb\NTAK_DDQS\Exec\ConvertArea\李清&#23791;復查決定書.doc.txt" 時發生錯誤, 原因: Variant does not reference an automation object
[20141105-173202 WordFileConvertSrv.exe] ERR> 轉檔作業失敗. 從 "D:\NTAKWeb\NTAK_DDQS\Exec\Manager\FileStore\林&#37979;宏決定書.doc" 轉換至 "D:\NTAKWeb\NTAK_DDQS\Exec\ConvertArea\林&#37979;宏決定書.doc.txt" 時發生錯誤, 原因: Variant does not reference an automation object
[20141105-173202 WordFileConvertSrv.exe] ERR> 轉檔作業失敗. 從 "D:\NTAKWeb\NTAK_DDQS\Exec\Manager\FileStore\林奇峰95年度復查報告確定版.doc" 轉換至 "D:\NTAKWeb\NTAK_DDQS\Exec\ConvertArea\林奇峰95年度復查報告確定版.doc.txt" 時發生錯誤, 原因: Variant does not reference an automation object
[20141105-173202 WordFileConvertSrv.exe] ERR> 轉檔作業失敗. 從 "D:\NTAKWeb\NTAK_DDQS\Exec\Manager\FileStore\林宜靜(第09903210號)-94~96年度.doc" 轉換至 "D:\NTAKWeb\NTAK_DDQS\Exec\ConvertArea\林宜靜(第09903210號)-94~96年度.doc.txt" 時發生錯誤, 原因: Variant does not reference an automation object
[20141105-173202 WordFileConvertSrv.exe] ERR> 轉檔作業失敗. 從 "D:\NTAKWeb\NTAK_DDQS\Exec\Manager\FileStore\林茂雄98年度綜合所得稅正本.doc" 轉換至 "D:\NTAKWeb\NTAK_DDQS\Exec\ConvertArea\林茂雄98年度綜合所得稅正本.doc.txt" 時發生錯誤, 原因: Variant does not reference an automation object
[20141105-173202 WordFileConvertSrv.exe] ERR> 轉檔作業失敗. 從 "D:\NTAKWeb\NTAK_DDQS\Exec\Manager\FileStore\林麗俐(第10002578號)-93年度.doc" 轉換至 "D:\NTAKWeb\NTAK_DDQS\Exec\ConvertArea\林麗俐(第10002578號)-93年度.doc.txt" 時發生錯誤, 原因: Variant does not reference an automation object
[20141105-173202 WordFileConvertSrv.exe] ERR> 轉檔作業失敗. 從 "D:\NTAKWeb\NTAK_DDQS\Exec\Manager\FileStore\楊肅泰(第09804135號)-96年度.doc" 轉換至 "D:\NTAKWeb\NTAK_DDQS\Exec\ConvertArea\楊肅泰(第09804135號)-96年度.doc.txt" 時發生錯誤, 原因: Variant does not reference an automation object
[20141105-173202 WordFileConvertSrv.exe] ERR> 轉檔作業失敗. 從 "D:\NTAKWeb\NTAK_DDQS\Exec\Manager\FileStore\歐陽建華(第09902018號)-88年度.doc" 轉換至 "D:\NTAKWeb\NTAK_DDQS\Exec\ConvertArea\歐陽建華(第09902018號)-88年度.doc.txt" 時發生錯誤, 原因: Variant does not reference an automation object
[20141105-173202 WordFileConvertSrv.exe] ERR> 轉檔作業失敗. 從 "D:\NTAKWeb\NTAK_DDQS\Exec\Manager\FileStore\武穎決~1.DOC" 轉換至 "D:\NTAKWeb\NTAK_DDQS\Exec\ConvertArea\武穎決~1.DOC.txt" 時發生錯誤, 原因: Variant does not reference an automation object
[20141105-173202 WordFileConvertSrv.exe] ERR> 轉檔作業失敗. 從 "D:\NTAKWeb\NTAK_DDQS\Exec\Manager\FileStore\潘&#21843;銘100罰鍰-委託他人代為申報-維持.doc" 轉換至 "D:\NTAKWeb\NTAK_DDQS\Exec\ConvertArea\潘&#21843;銘100罰鍰-委託他人代為申報-維持.doc.txt" 時發生錯誤, 原因: Variant does not reference an automation object
[20141105-173202 WordFileConvertSrv.exe] ERR> 轉檔作業失敗. 從 "D:\NTAKWeb\NTAK_DDQS\Exec\Manager\FileStore\王&#28702;苡101年特銷稅罰鍰決定書-函.docx" 轉換至 "D:\NTAKWeb\NTAK_DDQS\Exec\ConvertArea\王&#28702;苡101年特銷稅罰鍰決定書-函.docx.txt" 時發生錯誤, 原因: Variant does not reference an automation object
[20141105-173202 WordFileConvertSrv.exe] ERR> 轉檔作業失敗. 從 "D:\NTAKWeb\NTAK_DDQS\Exec\Manager\FileStore\白美香(第09803188號)-96年度.doc" 轉換至 "D:\NTAKWeb\NTAK_DDQS\Exec\ConvertArea\白美香(第09803188號)-96年度.doc.txt" 時發生錯誤, 原因: Variant does not reference an automation object
[20141105-173202 WordFileConvertSrv.exe] ERR> 轉檔作業失敗. 從 "D:\NTAKWeb\NTAK_DDQS\Exec\Manager\FileStore\蘇宏典(第10001702號)-95年度.doc" 轉換至 "D:\NTAKWeb\NTAK_DDQS\Exec\ConvertArea\蘇宏典(第10001702號)-95年度.doc.txt" 時發生錯誤, 原因: Variant does not reference an automation object
[20141105-173202 WordFileConvertSrv.exe] ERR> 轉檔作業失敗. 從 "D:\NTAKWeb\NTAK_DDQS\Exec\Manager\FileStore\達旺廣告(第09803394號)-95年度.doc" 轉換至 "D:\NTAKWeb\NTAK_DDQS\Exec\ConvertArea\達旺廣告(第09803394號)-95年度.doc.txt" 時發生錯誤, 原因: Variant does not reference an automation object
[20141105-173202 WordFileConvertSrv.exe] ERR> 轉檔作業失敗. 從 "D:\NTAKWeb\NTAK_DDQS\Exec\Manager\FileStore\鍇億國際95營所稅決定書(虛銷8%).doc" 轉換至 "D:\NTAKWeb\NTAK_DDQS\Exec\ConvertArea\鍇億國際95營所稅決定書(虛銷8%).doc.txt" 時發生錯誤, 原因: Variant does not reference an automation object
[20141105-173202 WordFileConvertSrv.exe] ERR> 轉檔作業失敗. 從 "D:\NTAKWeb\NTAK_DDQS\Exec\Manager\FileStore\鍇億國際95營所稅決定書虛銷8%.doc" 轉換至 "D:\NTAKWeb\NTAK_DDQS\Exec\ConvertArea\鍇億國際95營所稅決定書虛銷8%.doc.txt" 時發生錯誤, 原因: Variant does not reference an automation object
[20141105-173202 WordFileConvertSrv.exe] ERR> 轉檔作業失敗. 從 "D:\NTAKWeb\NTAK_DDQS\Exec\Manager\FileStore\陳麗文(第09801332號)-96年度.doc" 轉換至 "D:\NTAKWeb\NTAK_DDQS\Exec\ConvertArea\陳麗文(第09801332號)-96年度.doc.txt" 時發生錯誤, 原因: Variant does not reference an automation object
[20141105-173202 WordFileConvertSrv.exe] ERR> 轉檔作業失敗. 從 "D:\NTAKWeb\NTAK_DDQS\Exec\Manager\FileStore\黃&#28702;瑢復查決定書-海外所得.doc" 轉換至 "D:\NTAKWeb\NTAK_DDQS\Exec\ConvertArea\黃&#28702;瑢復查決定書-海外所得.doc.txt" 時發生錯誤, 原因: Variant does not reference an automation object
[20141105-173202 WordFileConvertSrv.exe] ERR> 轉檔作業失敗. 從 "D:\NTAKWeb\NTAK_DDQS\Exec\Manager\FileStore\黃鳳珠(第09703642號)-95年度.doc" 轉換至 "D:\NTAKWeb\NTAK_DDQS\Exec\ConvertArea\黃鳳珠(第09703642號)-95年度.doc.txt" 時發生錯誤, 原因: Variant does not reference an automation object
[20141106-103328 WordFileConvertSrv.exe] ERR> 轉檔作業失敗. 從 "D:\NTAKWeb\NTAK_DDQS\Exec\Manager\FileStore\&#40644;武穎決定書.doc" 轉換至 "D:\NTAKWeb\NTAK_DDQS\Exec\ConvertArea\&#40644;武穎決定書.doc.txt" 時發生錯誤, 原因: Variant does not reference an automation object
[20141106-103328 WordFileConvertSrv.exe] ERR> 轉檔作業失敗. 從 "D:\NTAKWeb\NTAK_DDQS\Exec\Manager\FileStore\09700128300.doc" 轉換至 "D:\NTAKWeb\NTAK_DDQS\Exec\ConvertArea\09700128300.doc.txt" 時發生錯誤, 原因: Variant does not reference an automation object
[20141106-103328 WordFileConvertSrv.exe] ERR> 轉檔作業失敗. 從 "D:\NTAKWeb\NTAK_DDQS\Exec\Manager\FileStore\09700398060.doc" 轉換至 "D:\NTAKWeb\NTAK_DDQS\Exec\ConvertArea\09700398060.doc.txt" 時發生錯誤, 原因: Variant does not reference an automation object
[20141106-103328 WordFileConvertSrv.exe] ERR> 轉檔作業失敗. 從 "D:\NTAKWeb\NTAK_DDQS\Exec\Manager\FileStore\1-1020924洪瑞&#23791;君96年度復查決定書-函.doc" 轉換至 "D:\NTAKWeb\NTAK_DDQS\Exec\ConvertArea\1-1020924洪瑞&#23791;君96年度復查決定書-函.doc.txt" 時發生錯誤, 原因: Variant does not reference an automation object
[20141106-103328 WordFileConvertSrv.exe] ERR> 轉檔作業失敗. 從 "D:\NTAKWeb\NTAK_DDQS\Exec\Manager\FileStore\100-2-21鍾泰營造有限公司營業稅罰鍰(復查決定書-重繕(發文).doc" 轉換至 "D:\NTAKWeb\NTAK_DDQS\Exec\ConvertArea\100-2-21鍾泰營造有限公司營業稅罰鍰(復查決定書-重繕(發文).doc.txt" 時發生錯誤, 原因: Variant does not reference an automation object
[20141106-103328 WordFileConvertSrv.exe] ERR> 轉檔作業失敗. 從 "D:\NTAKWeb\NTAK_DDQS\Exec\Manager\FileStore\100年度判字第1949號.doc" 轉換至 "D:\NTAKWeb\NTAK_DDQS\Exec\ConvertArea\100年度判字第1949號.doc.txt" 時發生錯誤, 原因: Variant does not reference an automation object
[20141106-103328 WordFileConvertSrv.exe] ERR> 轉檔作業失敗. 從 "D:\NTAKWeb\NTAK_DDQS\Exec\Manager\FileStore\100年度復查決定書稿發文.doc" 轉換至 "D:\NTAKWeb\NTAK_DDQS\Exec\ConvertArea\100年度復查決定書稿發文.doc.txt" 時發生錯誤, 原因: Variant does not reference an automation object
[20141106-103328 WordFileConvertSrv.exe] ERR> 轉檔作業失敗. 從 "D:\NTAKWeb\NTAK_DDQS\Exec\Manager\FileStore\100年度訴字第444號.doc" 轉換至 "D:\NTAKWeb\NTAK_DDQS\Exec\ConvertArea\100年度訴字第444號.doc.txt" 時發生錯誤, 原因: Variant does not reference an automation object
[20141106-103328 WordFileConvertSrv.exe] ERR> 轉檔作業失敗. 從 "D:\NTAKWeb\NTAK_DDQS\Exec\Manager\FileStore\102.4.29-陳&#28913;泰(陳吳芬釵)100年度綜所稅復查決定書.doc" 轉換至 "D:\NTAKWeb\NTAK_DDQS\Exec\ConvertArea\102.4.29-陳&#28913;泰(陳吳芬釵)100年度綜所稅復查決定書.doc.txt" 時發生錯誤, 原因: Variant does not reference an automation object
[20141106-103328 WordFileConvertSrv.exe] ERR> 轉檔作業失敗. 從 "D:\NTAKWeb\NTAK_DDQS\Exec\Manager\FileStore\10201614.doc" 轉換至 "D:\NTAKWeb\NTAK_DDQS\Exec\ConvertArea\10201614.doc.txt" 時發生錯誤, 原因: Variant does not reference an automation object
[20141106-103328 WordFileConvertSrv.exe] ERR> 轉檔作業失敗. 從 "D:\NTAKWeb\NTAK_DDQS\Exec\Manager\FileStore\1020716張孟信99年度綜所稅復查決定書(復查會決議修正).doc" 轉換至 "D:\NTAKWeb\NTAK_DDQS\Exec\ConvertArea\1020716張孟信99年度綜所稅復查決定書(復查會決議修正).doc.txt" 時發生錯誤, 原因: Variant does not reference an automation object
[20141106-103328 WordFileConvertSrv.exe] ERR> 轉檔作業失敗. 從 "D:\NTAKWeb\NTAK_DDQS\Exec\Manager\FileStore\1021030黃振銘君99年度綜所稅復查決定書.doc" 轉換至 "D:\NTAKWeb\NTAK_DDQS\Exec\ConvertArea\1021030黃振銘君99年度綜所稅復查決定書.doc.txt" 時發生錯誤, 原因: Variant does not reference an automation object
[20141106-103328 WordFileConvertSrv.exe] ERR> 轉檔作業失敗. 從 "D:\NTAKWeb\NTAK_DDQS\Exec\Manager\FileStore\103.06.23發文-黃小芳101年綜所稅決定書稿.doc" 轉換至 "D:\NTAKWeb\NTAK_DDQS\Exec\ConvertArea\103.06.23發文-黃小芳101年綜所稅決定書稿.doc.txt" 時發生錯誤, 原因: Variant does not reference an automation object
[20141106-103328 WordFileConvertSrv.exe] ERR> 轉檔作業失敗. 從 "D:\NTAKWeb\NTAK_DDQS\Exec\Manager\FileStore\103.4.25發文-陳振昌100年綜所稅決定書(罰鍰).doc" 轉換至 "D:\NTAKWeb\NTAK_DDQS\Exec\ConvertArea\103.4.25發文-陳振昌100年綜所稅決定書(罰鍰).doc.txt" 時發生錯誤, 原因: Variant does not reference an automation object
[20141106-103328 WordFileConvertSrv.exe] ERR> 轉檔作業失敗. 從 "D:\NTAKWeb\NTAK_DDQS\Exec\Manager\FileStore\10300120.doc" 轉換至 "D:\NTAKWeb\NTAK_DDQS\Exec\ConvertArea\10300120.doc.txt" 時發生錯誤, 原因: Variant does not reference an automation object
[20141106-103328 WordFileConvertSrv.exe] ERR> 轉檔作業失敗. 從 "D:\NTAKWeb\NTAK_DDQS\Exec\Manager\FileStore\1030912江昌101營所稅(漏報其他收入) 罰鍰復查決定書(發文).doc" 轉換至 "D:\NTAKWeb\NTAK_DDQS\Exec\ConvertArea\1030912江昌101營所稅(漏報其他收入) 罰鍰復查決定書(發文).doc.txt" 時發生錯誤, 原因: Variant does not reference an automation object
[20141106-103328 WordFileConvertSrv.exe] ERR> 轉檔作業失敗. 從 "D:\NTAKWeb\NTAK_DDQS\Exec\Manager\FileStore\95年度訴字第160號(2).doc" 轉換至 "D:\NTAKWeb\NTAK_DDQS\Exec\ConvertArea\95年度訴字第160號(2).doc.txt" 時發生錯誤, 原因: Variant does not reference an automation object
[20141106-103328 WordFileConvertSrv.exe] ERR> 轉檔作業失敗. 從 "D:\NTAKWeb\NTAK_DDQS\Exec\Manager\FileStore\98年度再字第37號.doc" 轉換至 "D:\NTAKWeb\NTAK_DDQS\Exec\ConvertArea\98年度再字第37號.doc.txt" 時發生錯誤, 原因: Variant does not reference an automation object
[20141106-103328 WordFileConvertSrv.exe] ERR> 轉檔作業失敗. 從 "D:\NTAKWeb\NTAK_DDQS\Exec\Manager\FileStore\98年度簡再字第13號(2).doc" 轉換至 "D:\NTAKWeb\NTAK_DDQS\Exec\ConvertArea\98年度簡再字第13號(2).doc.txt" 時發生錯誤, 原因: Variant does not reference an automation object
[20141106-103328 WordFileConvertSrv.exe] ERR> 轉檔作業失敗. 從 "D:\NTAKWeb\NTAK_DDQS\Exec\Manager\FileStore\99年度簡再字第9號.doc" 轉換至 "D:\NTAKWeb\NTAK_DDQS\Exec\ConvertArea\99年度簡再字第9號.doc.txt" 時發生錯誤, 原因: Variant does not reference an automation object
[20141106-103328 WordFileConvertSrv.exe] ERR> 轉檔作業失敗. 從 "D:\NTAKWeb\NTAK_DDQS\Exec\Manager\FileStore\IE8302100730陳景生101本稅-短報5%－更正後.doc" 轉換至 "D:\NTAKWeb\NTAK_DDQS\Exec\ConvertArea\IE8302100730陳景生101本稅-短報5%－更正後.doc.txt" 時發生錯誤, 原因: Variant does not reference an automation object
[20141106-103328 WordFileConvertSrv.exe] ERR> 轉檔作業失敗. 從 "D:\NTAKWeb\NTAK_DDQS\Exec\Manager\FileStore\JVP-LST.doc" 轉換至 "D:\NTAKWeb\NTAK_DDQS\Exec\ConvertArea\JVP-LST.doc.txt" 時發生錯誤, 原因: Variant does not reference an automation object
[20141106-103328 WordFileConvertSrv.exe] ERR> 轉檔作業失敗. 從 "D:\NTAKWeb\NTAK_DDQS\Exec\Manager\FileStore\NE0402400815邱翠蓮99罰鍰-未據實申報扣繳憑單20%-維持.doc" 轉換至 "D:\NTAKWeb\NTAK_DDQS\Exec\ConvertArea\NE0402400815邱翠蓮99罰鍰-未據實申報扣繳憑單20%-維持.doc.txt" 時發生錯誤, 原因: Variant does not reference an automation object
[20141106-103328 WordFileConvertSrv.exe] ERR> 轉檔作業失敗. 從 "D:\NTAKWeb\NTAK_DDQS\Exec\Manager\FileStore\NE0403100144章一民101年復查決定書-稿.doc" 轉換至 "D:\NTAKWeb\NTAK_DDQS\Exec\ConvertArea\NE0403100144章一民101年復查決定書-稿.doc.txt" 時發生錯誤, 原因: Variant does not reference an automation object
[20141106-103328 WordFileConvertSrv.exe] ERR> 轉檔作業失敗. 從 "D:\NTAKWeb\NTAK_DDQS\Exec\Manager\FileStore\NE8302100123莊全勝100免稅額-追減-核定.doc" 轉換至 "D:\NTAKWeb\NTAK_DDQS\Exec\ConvertArea\NE8302100123莊全勝100免稅額-追減-核定.doc.txt" 時發生錯誤, 原因: Variant does not reference an automation object
[20141106-103328 WordFileConvertSrv.exe] ERR> 轉檔作業失敗. 從 "D:\NTAKWeb\NTAK_DDQS\Exec\Manager\FileStore\NE8302400498潘&#21843;銘100罰鍰-委託他人代為申報-維持.doc" 轉換至 "D:\NTAKWeb\NTAK_DDQS\Exec\ConvertArea\NE8302400498潘&#21843;銘100罰鍰-委託他人代為申報-維持.doc.txt" 時發生錯誤, 原因: Variant does not reference an automation object
[20141106-103328 WordFileConvertSrv.exe] ERR> 轉檔作業失敗. 從 "D:\NTAKWeb\NTAK_DDQS\Exec\Manager\FileStore\何海鷗101虛列免稅額決定書(本+罰)正本.doc" 轉換至 "D:\NTAKWeb\NTAK_DDQS\Exec\ConvertArea\何海鷗101虛列免稅額決定書(本+罰)正本.doc.txt" 時發生錯誤, 原因: Variant does not reference an automation object
[20141106-103328 WordFileConvertSrv.exe] ERR> 轉檔作業失敗. 從 "D:\NTAKWeb\NTAK_DDQS\Exec\Manager\FileStore\佳勝營造(第09903392號)-94年度.doc" 轉換至 "D:\NTAKWeb\NTAK_DDQS\Exec\ConvertArea\佳勝營造(第09903392號)-94年度.doc.txt" 時發生錯誤, 原因: Variant does not reference an automation object
[20141106-103328 WordFileConvertSrv.exe] ERR> 轉檔作業失敗. 從 "D:\NTAKWeb\NTAK_DDQS\Exec\Manager\FileStore\劉宛羚復查書.doc" 轉換至 "D:\NTAKWeb\NTAK_DDQS\Exec\ConvertArea\劉宛羚復查書.doc.txt" 時發生錯誤, 原因: Variant does not reference an automation object
[20141106-103328 WordFileConvertSrv.exe] ERR> 轉檔作業失敗. 從 "D:\NTAKWeb\NTAK_DDQS\Exec\Manager\FileStore\北方之星(第09800030號)-89年度.doc" 轉換至 "D:\NTAKWeb\NTAK_DDQS\Exec\ConvertArea\北方之星(第09800030號)-89年度.doc.txt" 時發生錯誤, 原因: Variant does not reference an automation object
[20141106-103328 WordFileConvertSrv.exe] ERR> 轉檔作業失敗. 從 "D:\NTAKWeb\NTAK_DDQS\Exec\Manager\FileStore\呂冠霖(第09704361~09704365號)-91~95年度.doc" 轉換至 "D:\NTAKWeb\NTAK_DDQS\Exec\ConvertArea\呂冠霖(第09704361~09704365號)-91~95年度.doc.txt" 時發生錯誤, 原因: Variant does not reference an automation object
[20141106-103328 WordFileConvertSrv.exe] ERR> 轉檔作業失敗. 從 "D:\NTAKWeb\NTAK_DDQS\Exec\Manager\FileStore\周王金珍(第09800157號)-94年度.doc" 轉換至 "D:\NTAKWeb\NTAK_DDQS\Exec\ConvertArea\周王金珍(第09800157號)-94年度.doc.txt" 時發生錯誤, 原因: Variant does not reference an automation object
[20141106-103328 WordFileConvertSrv.exe] ERR> 轉檔作業失敗. 從 "D:\NTAKWeb\NTAK_DDQS\Exec\Manager\FileStore\廖東建(第10001282號)-98年度.doc" 轉換至 "D:\NTAKWeb\NTAK_DDQS\Exec\ConvertArea\廖東建(第10001282號)-98年度.doc.txt" 時發生錯誤, 原因: Variant does not reference an automation object
[20141106-103328 WordFileConvertSrv.exe] ERR> 轉檔作業失敗. 從 "D:\NTAKWeb\NTAK_DDQS\Exec\Manager\FileStore\廣建95營所稅決定書(虛銷8%).doc" 轉換至 "D:\NTAKWeb\NTAK_DDQS\Exec\ConvertArea\廣建95營所稅決定書(虛銷8%).doc.txt" 時發生錯誤, 原因: Variant does not reference an automation object
[20141106-103328 WordFileConvertSrv.exe] ERR> 轉檔作業失敗. 從 "D:\NTAKWeb\NTAK_DDQS\Exec\Manager\FileStore\彭宴祥(第09801703號)-96年度.doc" 轉換至 "D:\NTAKWeb\NTAK_DDQS\Exec\ConvertArea\彭宴祥(第09801703號)-96年度.doc.txt" 時發生錯誤, 原因: Variant does not reference an automation object
[20141106-103328 WordFileConvertSrv.exe] ERR> 轉檔作業失敗. 從 "D:\NTAKWeb\NTAK_DDQS\Exec\Manager\FileStore\復查決定-函洪俊良93信託營利所得-實質課稅-核課期間.doc" 轉換至 "D:\NTAKWeb\NTAK_DDQS\Exec\ConvertArea\復查決定-函洪俊良93信託營利所得-實質課稅-核課期間.doc.txt" 時發生錯誤, 原因: Variant does not reference an automation object
[20141106-103328 WordFileConvertSrv.exe] ERR> 轉檔作業失敗. 從 "D:\NTAKWeb\NTAK_DDQS\Exec\Manager\FileStore\日月光電子100年度營所稅復查決定書.doc" 轉換至 "D:\NTAKWeb\NTAK_DDQS\Exec\ConvertArea\日月光電子100年度營所稅復查決定書.doc.txt" 時發生錯誤, 原因: Variant does not reference an automation object
[20141106-103328 WordFileConvertSrv.exe] ERR> 轉檔作業失敗. 從 "D:\NTAKWeb\NTAK_DDQS\Exec\Manager\FileStore\李淑&#32137;決定書.doc" 轉換至 "D:\NTAKWeb\NTAK_DDQS\Exec\ConvertArea\李淑&#32137;決定書.doc.txt" 時發生錯誤, 原因: Variant does not reference an automation object
[20141106-103328 WordFileConvertSrv.exe] ERR> 轉檔作業失敗. 從 "D:\NTAKWeb\NTAK_DDQS\Exec\Manager\FileStore\李清 復查決定書.doc.doc" 轉換至 "D:\NTAKWeb\NTAK_DDQS\Exec\ConvertArea\李清 復查決定書.doc.doc.txt" 時發生錯誤, 原因: Variant does not reference an automation object
[20141106-103328 WordFileConvertSrv.exe] ERR> 轉檔作業失敗. 從 "D:\NTAKWeb\NTAK_DDQS\Exec\Manager\FileStore\李清&#23791;復查決定書.doc" 轉換至 "D:\NTAKWeb\NTAK_DDQS\Exec\ConvertArea\李清&#23791;復查決定書.doc.txt" 時發生錯誤, 原因: Variant does not reference an automation object
[20141106-103328 WordFileConvertSrv.exe] ERR> 轉檔作業失敗. 從 "D:\NTAKWeb\NTAK_DDQS\Exec\Manager\FileStore\林&#37979;宏決定書.doc" 轉換至 "D:\NTAKWeb\NTAK_DDQS\Exec\ConvertArea\林&#37979;宏決定書.doc.txt" 時發生錯誤, 原因: Variant does not reference an automation object
[20141106-103328 WordFileConvertSrv.exe] ERR> 轉檔作業失敗. 從 "D:\NTAKWeb\NTAK_DDQS\Exec\Manager\FileStore\林奇峰95年度復查報告確定版.doc" 轉換至 "D:\NTAKWeb\NTAK_DDQS\Exec\ConvertArea\林奇峰95年度復查報告確定版.doc.txt" 時發生錯誤, 原因: Variant does not reference an automation object
[20141106-103328 WordFileConvertSrv.exe] ERR> 轉檔作業失敗. 從 "D:\NTAKWeb\NTAK_DDQS\Exec\Manager\FileStore\林宜靜(第09903210號)-94~96年度.doc" 轉換至 "D:\NTAKWeb\NTAK_DDQS\Exec\ConvertArea\林宜靜(第09903210號)-94~96年度.doc.txt" 時發生錯誤, 原因: Variant does not reference an automation object
[20141106-103328 WordFileConvertSrv.exe] ERR> 轉檔作業失敗. 從 "D:\NTAKWeb\NTAK_DDQS\Exec\Manager\FileStore\林茂雄98年度綜合所得稅正本.doc" 轉換至 "D:\NTAKWeb\NTAK_DDQS\Exec\ConvertArea\林茂雄98年度綜合所得稅正本.doc.txt" 時發生錯誤, 原因: Variant does not reference an automation object
[20141106-103328 WordFileConvertSrv.exe] ERR> 轉檔作業失敗. 從 "D:\NTAKWeb\NTAK_DDQS\Exec\Manager\FileStore\林麗俐(第10002578號)-93年度.doc" 轉換至 "D:\NTAKWeb\NTAK_DDQS\Exec\ConvertArea\林麗俐(第10002578號)-93年度.doc.txt" 時發生錯誤, 原因: Variant does not reference an automation object
[20141106-103328 WordFileConvertSrv.exe] ERR> 轉檔作業失敗. 從 "D:\NTAKWeb\NTAK_DDQS\Exec\Manager\FileStore\楊肅泰(第09804135號)-96年度.doc" 轉換至 "D:\NTAKWeb\NTAK_DDQS\Exec\ConvertArea\楊肅泰(第09804135號)-96年度.doc.txt" 時發生錯誤, 原因: Variant does not reference an automation object
[20141106-103328 WordFileConvertSrv.exe] ERR> 轉檔作業失敗. 從 "D:\NTAKWeb\NTAK_DDQS\Exec\Manager\FileStore\歐陽建華(第09902018號)-88年度.doc" 轉換至 "D:\NTAKWeb\NTAK_DDQS\Exec\ConvertArea\歐陽建華(第09902018號)-88年度.doc.txt" 時發生錯誤, 原因: Variant does not reference an automation object
[20141106-103328 WordFileConvertSrv.exe] ERR> 轉檔作業失敗. 從 "D:\NTAKWeb\NTAK_DDQS\Exec\Manager\FileStore\武穎決~1.DOC" 轉換至 "D:\NTAKWeb\NTAK_DDQS\Exec\ConvertArea\武穎決~1.DOC.txt" 時發生錯誤, 原因: Variant does not reference an automation object
[20141106-103328 WordFileConvertSrv.exe] ERR> 轉檔作業失敗. 從 "D:\NTAKWeb\NTAK_DDQS\Exec\Manager\FileStore\潘&#21843;銘100罰鍰-委託他人代為申報-維持.doc" 轉換至 "D:\NTAKWeb\NTAK_DDQS\Exec\ConvertArea\潘&#21843;銘100罰鍰-委託他人代為申報-維持.doc.txt" 時發生錯誤, 原因: Variant does not reference an automation object
[20141106-103328 WordFileConvertSrv.exe] ERR> 轉檔作業失敗. 從 "D:\NTAKWeb\NTAK_DDQS\Exec\Manager\FileStore\王&#28702;苡101年特銷稅罰鍰決定書-函.docx" 轉換至 "D:\NTAKWeb\NTAK_DDQS\Exec\ConvertArea\王&#28702;苡101年特銷稅罰鍰決定書-函.docx.txt" 時發生錯誤, 原因: Variant does not reference an automation object
[20141106-103328 WordFileConvertSrv.exe] ERR> 轉檔作業失敗. 從 "D:\NTAKWeb\NTAK_DDQS\Exec\Manager\FileStore\白美香(第09803188號)-96年度.doc" 轉換至 "D:\NTAKWeb\NTAK_DDQS\Exec\ConvertArea\白美香(第09803188號)-96年度.doc.txt" 時發生錯誤, 原因: Variant does not reference an automation object
[20141106-103328 WordFileConvertSrv.exe] ERR> 轉檔作業失敗. 從 "D:\NTAKWeb\NTAK_DDQS\Exec\Manager\FileStore\蘇宏典(第10001702號)-95年度.doc" 轉換至 "D:\NTAKWeb\NTAK_DDQS\Exec\ConvertArea\蘇宏典(第10001702號)-95年度.doc.txt" 時發生錯誤, 原因: Variant does not reference an automation object
[20141106-103328 WordFileConvertSrv.exe] ERR> 轉檔作業失敗. 從 "D:\NTAKWeb\NTAK_DDQS\Exec\Manager\FileStore\達旺廣告(第09803394號)-95年度.doc" 轉換至 "D:\NTAKWeb\NTAK_DDQS\Exec\ConvertArea\達旺廣告(第09803394號)-95年度.doc.txt" 時發生錯誤, 原因: Variant does not reference an automation object
[20141106-103328 WordFileConvertSrv.exe] ERR> 轉檔作業失敗. 從 "D:\NTAKWeb\NTAK_DDQS\Exec\Manager\FileStore\鍇億國際95營所稅決定書(虛銷8%).doc" 轉換至 "D:\NTAKWeb\NTAK_DDQS\Exec\ConvertArea\鍇億國際95營所稅決定書(虛銷8%).doc.txt" 時發生錯誤, 原因: Variant does not reference an automation object
[20141106-103328 WordFileConvertSrv.exe] ERR> 轉檔作業失敗. 從 "D:\NTAKWeb\NTAK_DDQS\Exec\Manager\FileStore\鍇億國際95營所稅決定書虛銷8%.doc" 轉換至 "D:\NTAKWeb\NTAK_DDQS\Exec\ConvertArea\鍇億國際95營所稅決定書虛銷8%.doc.txt" 時發生錯誤, 原因: Variant does not reference an automation object
[20141106-103328 WordFileConvertSrv.exe] ERR> 轉檔作業失敗. 從 "D:\NTAKWeb\NTAK_DDQS\Exec\Manager\FileStore\陳麗文(第09801332號)-96年度.doc" 轉換至 "D:\NTAKWeb\NTAK_DDQS\Exec\ConvertArea\陳麗文(第09801332號)-96年度.doc.txt" 時發生錯誤, 原因: Variant does not reference an automation object
[20141106-103328 WordFileConvertSrv.exe] ERR> 轉檔作業失敗. 從 "D:\NTAKWeb\NTAK_DDQS\Exec\Manager\FileStore\黃&#28702;瑢復查決定書-海外所得.doc" 轉換至 "D:\NTAKWeb\NTAK_DDQS\Exec\ConvertArea\黃&#28702;瑢復查決定書-海外所得.doc.txt" 時發生錯誤, 原因: Variant does not reference an automation object
[20141106-103328 WordFileConvertSrv.exe] ERR> 轉檔作業失敗. 從 "D:\NTAKWeb\NTAK_DDQS\Exec\Manager\FileStore\黃鳳珠(第09703642號)-95年度.doc" 轉換至 "D:\NTAKWeb\NTAK_DDQS\Exec\ConvertArea\黃鳳珠(第09703642號)-95年度.doc.txt" 時發生錯誤, 原因: Variant does not reference an automation object
[20141106-103755 WordFileConvertSrv.exe] ERR> 轉檔作業失敗. 從 "D:\NTAKWeb\NTAK_DDQS\Exec\Manager\FileStore\&#40644;武穎決定書.doc" 轉換至 "D:\NTAKWeb\NTAK_DDQS\Exec\ConvertArea\&#40644;武穎決定書.doc.txt" 時發生錯誤, 原因: Variant does not reference an automation object
[20141106-103755 WordFileConvertSrv.exe] ERR> 轉檔作業失敗. 從 "D:\NTAKWeb\NTAK_DDQS\Exec\Manager\FileStore\09700128300.doc" 轉換至 "D:\NTAKWeb\NTAK_DDQS\Exec\ConvertArea\09700128300.doc.txt" 時發生錯誤, 原因: Variant does not reference an automation object
[20141106-103755 WordFileConvertSrv.exe] ERR> 轉檔作業失敗. 從 "D:\NTAKWeb\NTAK_DDQS\Exec\Manager\FileStore\09700398060.doc" 轉換至 "D:\NTAKWeb\NTAK_DDQS\Exec\ConvertArea\09700398060.doc.txt" 時發生錯誤, 原因: Variant does not reference an automation object
[20141106-103755 WordFileConvertSrv.exe] ERR> 轉檔作業失敗. 從 "D:\NTAKWeb\NTAK_DDQS\Exec\Manager\FileStore\1-1020924洪瑞&#23791;君96年度復查決定書-函.doc" 轉換至 "D:\NTAKWeb\NTAK_DDQS\Exec\ConvertArea\1-1020924洪瑞&#23791;君96年度復查決定書-函.doc.txt" 時發生錯誤, 原因: Variant does not reference an automation object
[20141106-103755 WordFileConvertSrv.exe] ERR> 轉檔作業失敗. 從 "D:\NTAKWeb\NTAK_DDQS\Exec\Manager\FileStore\100-2-21鍾泰營造有限公司營業稅罰鍰(復查決定書-重繕(發文).doc" 轉換至 "D:\NTAKWeb\NTAK_DDQS\Exec\ConvertArea\100-2-21鍾泰營造有限公司營業稅罰鍰(復查決定書-重繕(發文).doc.txt" 時發生錯誤, 原因: Variant does not reference an automation object
[20141106-103755 WordFileConvertSrv.exe] ERR> 轉檔作業失敗. 從 "D:\NTAKWeb\NTAK_DDQS\Exec\Manager\FileStore\100年度判字第1949號.doc" 轉換至 "D:\NTAKWeb\NTAK_DDQS\Exec\ConvertArea\100年度判字第1949號.doc.txt" 時發生錯誤, 原因: Variant does not reference an automation object
[20141106-103755 WordFileConvertSrv.exe] ERR> 轉檔作業失敗. 從 "D:\NTAKWeb\NTAK_DDQS\Exec\Manager\FileStore\100年度復查決定書稿發文.doc" 轉換至 "D:\NTAKWeb\NTAK_DDQS\Exec\ConvertArea\100年度復查決定書稿發文.doc.txt" 時發生錯誤, 原因: Variant does not reference an automation object
[20141106-103755 WordFileConvertSrv.exe] ERR> 轉檔作業失敗. 從 "D:\NTAKWeb\NTAK_DDQS\Exec\Manager\FileStore\100年度訴字第444號.doc" 轉換至 "D:\NTAKWeb\NTAK_DDQS\Exec\ConvertArea\100年度訴字第444號.doc.txt" 時發生錯誤, 原因: Variant does not reference an automation object
[20141106-103755 WordFileConvertSrv.exe] ERR> 轉檔作業失敗. 從 "D:\NTAKWeb\NTAK_DDQS\Exec\Manager\FileStore\102.4.29-陳&#28913;泰(陳吳芬釵)100年度綜所稅復查決定書.doc" 轉換至 "D:\NTAKWeb\NTAK_DDQS\Exec\ConvertArea\102.4.29-陳&#28913;泰(陳吳芬釵)100年度綜所稅復查決定書.doc.txt" 時發生錯誤, 原因: Variant does not reference an automation object
[20141106-103755 WordFileConvertSrv.exe] ERR> 轉檔作業失敗. 從 "D:\NTAKWeb\NTAK_DDQS\Exec\Manager\FileStore\10201614.doc" 轉換至 "D:\NTAKWeb\NTAK_DDQS\Exec\ConvertArea\10201614.doc.txt" 時發生錯誤, 原因: Variant does not reference an automation object
[20141106-103755 WordFileConvertSrv.exe] ERR> 轉檔作業失敗. 從 "D:\NTAKWeb\NTAK_DDQS\Exec\Manager\FileStore\1020716張孟信99年度綜所稅復查決定書(復查會決議修正).doc" 轉換至 "D:\NTAKWeb\NTAK_DDQS\Exec\ConvertArea\1020716張孟信99年度綜所稅復查決定書(復查會決議修正).doc.txt" 時發生錯誤, 原因: Variant does not reference an automation object
[20141106-103755 WordFileConvertSrv.exe] ERR> 轉檔作業失敗. 從 "D:\NTAKWeb\NTAK_DDQS\Exec\Manager\FileStore\1021030黃振銘君99年度綜所稅復查決定書.doc" 轉換至 "D:\NTAKWeb\NTAK_DDQS\Exec\ConvertArea\1021030黃振銘君99年度綜所稅復查決定書.doc.txt" 時發生錯誤, 原因: Variant does not reference an automation object
[20141106-103755 WordFileConvertSrv.exe] ERR> 轉檔作業失敗. 從 "D:\NTAKWeb\NTAK_DDQS\Exec\Manager\FileStore\103.06.23發文-黃小芳101年綜所稅決定書稿.doc" 轉換至 "D:\NTAKWeb\NTAK_DDQS\Exec\ConvertArea\103.06.23發文-黃小芳101年綜所稅決定書稿.doc.txt" 時發生錯誤, 原因: Variant does not reference an automation object
[20141106-103755 WordFileConvertSrv.exe] ERR> 轉檔作業失敗. 從 "D:\NTAKWeb\NTAK_DDQS\Exec\Manager\FileStore\103.4.25發文-陳振昌100年綜所稅決定書(罰鍰).doc" 轉換至 "D:\NTAKWeb\NTAK_DDQS\Exec\ConvertArea\103.4.25發文-陳振昌100年綜所稅決定書(罰鍰).doc.txt" 時發生錯誤, 原因: Variant does not reference an automation object
[20141106-103755 WordFileConvertSrv.exe] ERR> 轉檔作業失敗. 從 "D:\NTAKWeb\NTAK_DDQS\Exec\Manager\FileStore\10300120.doc" 轉換至 "D:\NTAKWeb\NTAK_DDQS\Exec\ConvertArea\10300120.doc.txt" 時發生錯誤, 原因: Variant does not reference an automation object
[20141106-103755 WordFileConvertSrv.exe] ERR> 轉檔作業失敗. 從 "D:\NTAKWeb\NTAK_DDQS\Exec\Manager\FileStore\1030912江昌101營所稅(漏報其他收入) 罰鍰復查決定書(發文).doc" 轉換至 "D:\NTAKWeb\NTAK_DDQS\Exec\ConvertArea\1030912江昌101營所稅(漏報其他收入) 罰鍰復查決定書(發文).doc.txt" 時發生錯誤, 原因: Variant does not reference an automation object
[20141106-103755 WordFileConvertSrv.exe] ERR> 轉檔作業失敗. 從 "D:\NTAKWeb\NTAK_DDQS\Exec\Manager\FileStore\95年度訴字第160號(2).doc" 轉換至 "D:\NTAKWeb\NTAK_DDQS\Exec\ConvertArea\95年度訴字第160號(2).doc.txt" 時發生錯誤, 原因: Variant does not reference an automation object
[20141106-103755 WordFileConvertSrv.exe] ERR> 轉檔作業失敗. 從 "D:\NTAKWeb\NTAK_DDQS\Exec\Manager\FileStore\98年度再字第37號.doc" 轉換至 "D:\NTAKWeb\NTAK_DDQS\Exec\ConvertArea\98年度再字第37號.doc.txt" 時發生錯誤, 原因: Variant does not reference an automation object
[20141106-103755 WordFileConvertSrv.exe] ERR> 轉檔作業失敗. 從 "D:\NTAKWeb\NTAK_DDQS\Exec\Manager\FileStore\98年度簡再字第13號(2).doc" 轉換至 "D:\NTAKWeb\NTAK_DDQS\Exec\ConvertArea\98年度簡再字第13號(2).doc.txt" 時發生錯誤, 原因: Variant does not reference an automation object
[20141106-103755 WordFileConvertSrv.exe] ERR> 轉檔作業失敗. 從 "D:\NTAKWeb\NTAK_DDQS\Exec\Manager\FileStore\99年度簡再字第9號.doc" 轉換至 "D:\NTAKWeb\NTAK_DDQS\Exec\ConvertArea\99年度簡再字第9號.doc.txt" 時發生錯誤, 原因: Variant does not reference an automation object
[20141106-103755 WordFileConvertSrv.exe] ERR> 轉檔作業失敗. 從 "D:\NTAKWeb\NTAK_DDQS\Exec\Manager\FileStore\IE8302100730陳景生101本稅-短報5%－更正後.doc" 轉換至 "D:\NTAKWeb\NTAK_DDQS\Exec\ConvertArea\IE8302100730陳景生101本稅-短報5%－更正後.doc.txt" 時發生錯誤, 原因: Variant does not reference an automation object
[20141106-103755 WordFileConvertSrv.exe] ERR> 轉檔作業失敗. 從 "D:\NTAKWeb\NTAK_DDQS\Exec\Manager\FileStore\JVP-LST.doc" 轉換至 "D:\NTAKWeb\NTAK_DDQS\Exec\ConvertArea\JVP-LST.doc.txt" 時發生錯誤, 原因: Variant does not reference an automation object
[20141106-103755 WordFileConvertSrv.exe] ERR> 轉檔作業失敗. 從 "D:\NTAKWeb\NTAK_DDQS\Exec\Manager\FileStore\NE0402400815邱翠蓮99罰鍰-未據實申報扣繳憑單20%-維持.doc" 轉換至 "D:\NTAKWeb\NTAK_DDQS\Exec\ConvertArea\NE0402400815邱翠蓮99罰鍰-未據實申報扣繳憑單20%-維持.doc.txt" 時發生錯誤, 原因: Variant does not reference an automation object
[20141106-103755 WordFileConvertSrv.exe] ERR> 轉檔作業失敗. 從 "D:\NTAKWeb\NTAK_DDQS\Exec\Manager\FileStore\NE0403100144章一民101年復查決定書-稿.doc" 轉換至 "D:\NTAKWeb\NTAK_DDQS\Exec\ConvertArea\NE0403100144章一民101年復查決定書-稿.doc.txt" 時發生錯誤, 原因: Variant does not reference an automation object
[20141106-103755 WordFileConvertSrv.exe] ERR> 轉檔作業失敗. 從 "D:\NTAKWeb\NTAK_DDQS\Exec\Manager\FileStore\NE8302100123莊全勝100免稅額-追減-核定.doc" 轉換至 "D:\NTAKWeb\NTAK_DDQS\Exec\ConvertArea\NE8302100123莊全勝100免稅額-追減-核定.doc.txt" 時發生錯誤, 原因: Variant does not reference an automation object
[20141106-103755 WordFileConvertSrv.exe] ERR> 轉檔作業失敗. 從 "D:\NTAKWeb\NTAK_DDQS\Exec\Manager\FileStore\NE8302400498潘&#21843;銘100罰鍰-委託他人代為申報-維持.doc" 轉換至 "D:\NTAKWeb\NTAK_DDQS\Exec\ConvertArea\NE8302400498潘&#21843;銘100罰鍰-委託他人代為申報-維持.doc.txt" 時發生錯誤, 原因: Variant does not reference an automation object
[20141106-103755 WordFileConvertSrv.exe] ERR> 轉檔作業失敗. 從 "D:\NTAKWeb\NTAK_DDQS\Exec\Manager\FileStore\何海鷗101虛列免稅額決定書(本+罰)正本.doc" 轉換至 "D:\NTAKWeb\NTAK_DDQS\Exec\ConvertArea\何海鷗101虛列免稅額決定書(本+罰)正本.doc.txt" 時發生錯誤, 原因: Variant does not reference an automation object
[20141106-103755 WordFileConvertSrv.exe] ERR> 轉檔作業失敗. 從 "D:\NTAKWeb\NTAK_DDQS\Exec\Manager\FileStore\佳勝營造(第09903392號)-94年度.doc" 轉換至 "D:\NTAKWeb\NTAK_DDQS\Exec\ConvertArea\佳勝營造(第09903392號)-94年度.doc.txt" 時發生錯誤, 原因: Variant does not reference an automation object
[20141106-103755 WordFileConvertSrv.exe] ERR> 轉檔作業失敗. 從 "D:\NTAKWeb\NTAK_DDQS\Exec\Manager\FileStore\北方之星(第09800030號)-89年度.doc" 轉換至 "D:\NTAKWeb\NTAK_DDQS\Exec\ConvertArea\北方之星(第09800030號)-89年度.doc.txt" 時發生錯誤, 原因: Variant does not reference an automation object
[20141106-103755 WordFileConvertSrv.exe] ERR> 轉檔作業失敗. 從 "D:\NTAKWeb\NTAK_DDQS\Exec\Manager\FileStore\呂冠霖(第09704361~09704365號)-91~95年度.doc" 轉換至 "D:\NTAKWeb\NTAK_DDQS\Exec\ConvertArea\呂冠霖(第09704361~09704365號)-91~95年度.doc.txt" 時發生錯誤, 原因: Variant does not reference an automation object
[20141106-103755 WordFileConvertSrv.exe] ERR> 轉檔作業失敗. 從 "D:\NTAKWeb\NTAK_DDQS\Exec\Manager\FileStore\周王金珍(第09800157號)-94年度.doc" 轉換至 "D:\NTAKWeb\NTAK_DDQS\Exec\ConvertArea\周王金珍(第09800157號)-94年度.doc.txt" 時發生錯誤, 原因: Variant does not reference an automation object
[20141106-103755 WordFileConvertSrv.exe] ERR> 轉檔作業失敗. 從 "D:\NTAKWeb\NTAK_DDQS\Exec\Manager\FileStore\廖東建(第10001282號)-98年度.doc" 轉換至 "D:\NTAKWeb\NTAK_DDQS\Exec\ConvertArea\廖東建(第10001282號)-98年度.doc.txt" 時發生錯誤, 原因: Variant does not reference an automation object
[20141106-103755 WordFileConvertSrv.exe] ERR> 轉檔作業失敗. 從 "D:\NTAKWeb\NTAK_DDQS\Exec\Manager\FileStore\廣建95營所稅決定書(虛銷8%).doc" 轉換至 "D:\NTAKWeb\NTAK_DDQS\Exec\ConvertArea\廣建95營所稅決定書(虛銷8%).doc.txt" 時發生錯誤, 原因: Variant does not reference an automation object
[20141106-103755 WordFileConvertSrv.exe] ERR> 轉檔作業失敗. 從 "D:\NTAKWeb\NTAK_DDQS\Exec\Manager\FileStore\彭宴祥(第09801703號)-96年度.doc" 轉換至 "D:\NTAKWeb\NTAK_DDQS\Exec\ConvertArea\彭宴祥(第09801703號)-96年度.doc.txt" 時發生錯誤, 原因: Variant does not reference an automation object
[20141106-103755 WordFileConvertSrv.exe] ERR> 轉檔作業失敗. 從 "D:\NTAKWeb\NTAK_DDQS\Exec\Manager\FileStore\復查決定-函洪俊良93信託營利所得-實質課稅-核課期間.doc" 轉換至 "D:\NTAKWeb\NTAK_DDQS\Exec\ConvertArea\復查決定-函洪俊良93信託營利所得-實質課稅-核課期間.doc.txt" 時發生錯誤, 原因: Variant does not reference an automation object
[20141106-103755 WordFileConvertSrv.exe] ERR> 轉檔作業失敗. 從 "D:\NTAKWeb\NTAK_DDQS\Exec\Manager\FileStore\日月光電子100年度營所稅復查決定書.doc" 轉換至 "D:\NTAKWeb\NTAK_DDQS\Exec\ConvertArea\日月光電子100年度營所稅復查決定書.doc.txt" 時發生錯誤, 原因: Variant does not reference an automation object
[20141106-103755 WordFileConvertSrv.exe] ERR> 轉檔作業失敗. 從 "D:\NTAKWeb\NTAK_DDQS\Exec\Manager\FileStore\李淑&#32137;決定書.doc" 轉換至 "D:\NTAKWeb\NTAK_DDQS\Exec\ConvertArea\李淑&#32137;決定書.doc.txt" 時發生錯誤, 原因: Variant does not reference an automation object
[20141106-103755 WordFileConvertSrv.exe] ERR> 轉檔作業失敗. 從 "D:\NTAKWeb\NTAK_DDQS\Exec\Manager\FileStore\李清 復查決定書.doc.doc" 轉換至 "D:\NTAKWeb\NTAK_DDQS\Exec\ConvertArea\李清 復查決定書.doc.doc.txt" 時發生錯誤, 原因: Variant does not reference an automation object
[20141106-103755 WordFileConvertSrv.exe] ERR> 轉檔作業失敗. 從 "D:\NTAKWeb\NTAK_DDQS\Exec\Manager\FileStore\李清&#23791;復查決定書.doc" 轉換至 "D:\NTAKWeb\NTAK_DDQS\Exec\ConvertArea\李清&#23791;復查決定書.doc.txt" 時發生錯誤, 原因: Variant does not reference an automation object
[20141106-103755 WordFileConvertSrv.exe] ERR> 轉檔作業失敗. 從 "D:\NTAKWeb\NTAK_DDQS\Exec\Manager\FileStore\林&#37979;宏決定書.doc" 轉換至 "D:\NTAKWeb\NTAK_DDQS\Exec\ConvertArea\林&#37979;宏決定書.doc.txt" 時發生錯誤, 原因: Variant does not reference an automation object
[20141106-103755 WordFileConvertSrv.exe] ERR> 轉檔作業失敗. 從 "D:\NTAKWeb\NTAK_DDQS\Exec\Manager\FileStore\林奇峰95年度復查報告確定版.doc" 轉換至 "D:\NTAKWeb\NTAK_DDQS\Exec\ConvertArea\林奇峰95年度復查報告確定版.doc.txt" 時發生錯誤, 原因: Variant does not reference an automation object
[20141106-103755 WordFileConvertSrv.exe] ERR> 轉檔作業失敗. 從 "D:\NTAKWeb\NTAK_DDQS\Exec\Manager\FileStore\林宜靜(第09903210號)-94~96年度.doc" 轉換至 "D:\NTAKWeb\NTAK_DDQS\Exec\ConvertArea\林宜靜(第09903210號)-94~96年度.doc.txt" 時發生錯誤, 原因: Variant does not reference an automation object
[20141106-103755 WordFileConvertSrv.exe] ERR> 轉檔作業失敗. 從 "D:\NTAKWeb\NTAK_DDQS\Exec\Manager\FileStore\林茂雄98年度綜合所得稅正本.doc" 轉換至 "D:\NTAKWeb\NTAK_DDQS\Exec\ConvertArea\林茂雄98年度綜合所得稅正本.doc.txt" 時發生錯誤, 原因: Variant does not reference an automation object
[20141106-103755 WordFileConvertSrv.exe] ERR> 轉檔作業失敗. 從 "D:\NTAKWeb\NTAK_DDQS\Exec\Manager\FileStore\林麗俐(第10002578號)-93年度.doc" 轉換至 "D:\NTAKWeb\NTAK_DDQS\Exec\ConvertArea\林麗俐(第10002578號)-93年度.doc.txt" 時發生錯誤, 原因: Variant does not reference an automation object
[20141106-103755 WordFileConvertSrv.exe] ERR> 轉檔作業失敗. 從 "D:\NTAKWeb\NTAK_DDQS\Exec\Manager\FileStore\楊肅泰(第09804135號)-96年度.doc" 轉換至 "D:\NTAKWeb\NTAK_DDQS\Exec\ConvertArea\楊肅泰(第09804135號)-96年度.doc.txt" 時發生錯誤, 原因: Variant does not reference an automation object
[20141106-103755 WordFileConvertSrv.exe] ERR> 轉檔作業失敗. 從 "D:\NTAKWeb\NTAK_DDQS\Exec\Manager\FileStore\歐陽建華(第09902018號)-88年度.doc" 轉換至 "D:\NTAKWeb\NTAK_DDQS\Exec\ConvertArea\歐陽建華(第09902018號)-88年度.doc.txt" 時發生錯誤, 原因: Variant does not reference an automation object
[20141106-103755 WordFileConvertSrv.exe] ERR> 轉檔作業失敗. 從 "D:\NTAKWeb\NTAK_DDQS\Exec\Manager\FileStore\武穎決~1.DOC" 轉換至 "D:\NTAKWeb\NTAK_DDQS\Exec\ConvertArea\武穎決~1.DOC.txt" 時發生錯誤, 原因: Variant does not reference an automation object
[20141106-103755 WordFileConvertSrv.exe] ERR> 轉檔作業失敗. 從 "D:\NTAKWeb\NTAK_DDQS\Exec\Manager\FileStore\潘&#21843;銘100罰鍰-委託他人代為申報-維持.doc" 轉換至 "D:\NTAKWeb\NTAK_DDQS\Exec\ConvertArea\潘&#21843;銘100罰鍰-委託他人代為申報-維持.doc.txt" 時發生錯誤, 原因: Variant does not reference an automation object
[20141106-103755 WordFileConvertSrv.exe] ERR> 轉檔作業失敗. 從 "D:\NTAKWeb\NTAK_DDQS\Exec\Manager\FileStore\王&#28702;苡101年特銷稅罰鍰決定書-函.docx" 轉換至 "D:\NTAKWeb\NTAK_DDQS\Exec\ConvertArea\王&#28702;苡101年特銷稅罰鍰決定書-函.docx.txt" 時發生錯誤, 原因: Variant does not reference an automation object
[20141106-103755 WordFileConvertSrv.exe] ERR> 轉檔作業失敗. 從 "D:\NTAKWeb\NTAK_DDQS\Exec\Manager\FileStore\白美香(第09803188號)-96年度.doc" 轉換至 "D:\NTAKWeb\NTAK_DDQS\Exec\ConvertArea\白美香(第09803188號)-96年度.doc.txt" 時發生錯誤, 原因: Variant does not reference an automation object
[20141106-103755 WordFileConvertSrv.exe] ERR> 轉檔作業失敗. 從 "D:\NTAKWeb\NTAK_DDQS\Exec\Manager\FileStore\蘇宏典(第10001702號)-95年度.doc" 轉換至 "D:\NTAKWeb\NTAK_DDQS\Exec\ConvertArea\蘇宏典(第10001702號)-95年度.doc.txt" 時發生錯誤, 原因: Variant does not reference an automation object
[20141106-103755 WordFileConvertSrv.exe] ERR> 轉檔作業失敗. 從 "D:\NTAKWeb\NTAK_DDQS\Exec\Manager\FileStore\達旺廣告(第09803394號)-95年度.doc" 轉換至 "D:\NTAKWeb\NTAK_DDQS\Exec\ConvertArea\達旺廣告(第09803394號)-95年度.doc.txt" 時發生錯誤, 原因: Variant does not reference an automation object
[20141106-103755 WordFileConvertSrv.exe] ERR> 轉檔作業失敗. 從 "D:\NTAKWeb\NTAK_DDQS\Exec\Manager\FileStore\鍇億國際95營所稅決定書(虛銷8%).doc" 轉換至 "D:\NTAKWeb\NTAK_DDQS\Exec\ConvertArea\鍇億國際95營所稅決定書(虛銷8%).doc.txt" 時發生錯誤, 原因: Variant does not reference an automation object
[20141106-103755 WordFileConvertSrv.exe] ERR> 轉檔作業失敗. 從 "D:\NTAKWeb\NTAK_DDQS\Exec\Manager\FileStore\鍇億國際95營所稅決定書虛銷8%.doc" 轉換至 "D:\NTAKWeb\NTAK_DDQS\Exec\ConvertArea\鍇億國際95營所稅決定書虛銷8%.doc.txt" 時發生錯誤, 原因: Variant does not reference an automation object
[20141106-103755 WordFileConvertSrv.exe] ERR> 轉檔作業失敗. 從 "D:\NTAKWeb\NTAK_DDQS\Exec\Manager\FileStore\陳麗文(第09801332號)-96年度.doc" 轉換至 "D:\NTAKWeb\NTAK_DDQS\Exec\ConvertArea\陳麗文(第09801332號)-96年度.doc.txt" 時發生錯誤, 原因: Variant does not reference an automation object
[20141106-103755 WordFileConvertSrv.exe] ERR> 轉檔作業失敗. 從 "D:\NTAKWeb\NTAK_DDQS\Exec\Manager\FileStore\黃&#28702;瑢復查決定書-海外所得.doc" 轉換至 "D:\NTAKWeb\NTAK_DDQS\Exec\ConvertArea\黃&#28702;瑢復查決定書-海外所得.doc.txt" 時發生錯誤, 原因: Variant does not reference an automation object
[20141106-103755 WordFileConvertSrv.exe] ERR> 轉檔作業失敗. 從 "D:\NTAKWeb\NTAK_DDQS\Exec\Manager\FileStore\黃鳳珠(第09703642號)-95年度.doc" 轉換至 "D:\NTAKWeb\NTAK_DDQS\Exec\ConvertArea\黃鳳珠(第09703642號)-95年度.doc.txt" 時發生錯誤, 原因: Variant does not reference an automation object
[20141106-103755 WordFileConvertSrv.exe] ERR> 轉檔作業失敗. 從 "D:\NTAKWeb\NTAK_DDQS\Exec\Manager\FileStore\&#40644;武穎決定書.doc" 轉換至 "D:\NTAKWeb\NTAK_DDQS\Exec\ConvertArea\&#40644;武穎決定書.doc.txt" 時發生錯誤, 原因: Variant does not reference an automation object
[20141106-103755 WordFileConvertSrv.exe] ERR> 轉檔作業失敗. 從 "D:\NTAKWeb\NTAK_DDQS\Exec\Manager\FileStore\09700128300.doc" 轉換至 "D:\NTAKWeb\NTAK_DDQS\Exec\ConvertArea\09700128300.doc.txt" 時發生錯誤, 原因: Variant does not reference an automation object
[20141106-103755 WordFileConvertSrv.exe] ERR> 轉檔作業失敗. 從 "D:\NTAKWeb\NTAK_DDQS\Exec\Manager\FileStore\09700398060.doc" 轉換至 "D:\NTAKWeb\NTAK_DDQS\Exec\ConvertArea\09700398060.doc.txt" 時發生錯誤, 原因: Variant does not reference an automation object
[20141106-103755 WordFileConvertSrv.exe] ERR> 轉檔作業失敗. 從 "D:\NTAKWeb\NTAK_DDQS\Exec\Manager\FileStore\1-1020924洪瑞&#23791;君96年度復查決定書-函.doc" 轉換至 "D:\NTAKWeb\NTAK_DDQS\Exec\ConvertArea\1-1020924洪瑞&#23791;君96年度復查決定書-函.doc.txt" 時發生錯誤, 原因: Variant does not reference an automation object
[20141106-103755 WordFileConvertSrv.exe] ERR> 轉檔作業失敗. 從 "D:\NTAKWeb\NTAK_DDQS\Exec\Manager\FileStore\100-2-21鍾泰營造有限公司營業稅罰鍰(復查決定書-重繕(發文).doc" 轉換至 "D:\NTAKWeb\NTAK_DDQS\Exec\ConvertArea\100-2-21鍾泰營造有限公司營業稅罰鍰(復查決定書-重繕(發文).doc.txt" 時發生錯誤, 原因: Variant does not reference an automation object
[20141106-103755 WordFileConvertSrv.exe] ERR> 轉檔作業失敗. 從 "D:\NTAKWeb\NTAK_DDQS\Exec\Manager\FileStore\100年度判字第1949號.doc" 轉換至 "D:\NTAKWeb\NTAK_DDQS\Exec\ConvertArea\100年度判字第1949號.doc.txt" 時發生錯誤, 原因: Variant does not reference an automation object
[20141106-103755 WordFileConvertSrv.exe] ERR> 轉檔作業失敗. 從 "D:\NTAKWeb\NTAK_DDQS\Exec\Manager\FileStore\100年度復查決定書稿發文.doc" 轉換至 "D:\NTAKWeb\NTAK_DDQS\Exec\ConvertArea\100年度復查決定書稿發文.doc.txt" 時發生錯誤, 原因: Variant does not reference an automation object
[20141106-103755 WordFileConvertSrv.exe] ERR> 轉檔作業失敗. 從 "D:\NTAKWeb\NTAK_DDQS\Exec\Manager\FileStore\100年度訴字第444號.doc" 轉換至 "D:\NTAKWeb\NTAK_DDQS\Exec\ConvertArea\100年度訴字第444號.doc.txt" 時發生錯誤, 原因: Variant does not reference an automation object
[20141106-103755 WordFileConvertSrv.exe] ERR> 轉檔作業失敗. 從 "D:\NTAKWeb\NTAK_DDQS\Exec\Manager\FileStore\102.4.29-陳&#28913;泰(陳吳芬釵)100年度綜所稅復查決定書.doc" 轉換至 "D:\NTAKWeb\NTAK_DDQS\Exec\ConvertArea\102.4.29-陳&#28913;泰(陳吳芬釵)100年度綜所稅復查決定書.doc.txt" 時發生錯誤, 原因: Variant does not reference an automation object
[20141106-103755 WordFileConvertSrv.exe] ERR> 轉檔作業失敗. 從 "D:\NTAKWeb\NTAK_DDQS\Exec\Manager\FileStore\10201614.doc" 轉換至 "D:\NTAKWeb\NTAK_DDQS\Exec\ConvertArea\10201614.doc.txt" 時發生錯誤, 原因: Variant does not reference an automation object
[20141106-103755 WordFileConvertSrv.exe] ERR> 轉檔作業失敗. 從 "D:\NTAKWeb\NTAK_DDQS\Exec\Manager\FileStore\1020716張孟信99年度綜所稅復查決定書(復查會決議修正).doc" 轉換至 "D:\NTAKWeb\NTAK_DDQS\Exec\ConvertArea\1020716張孟信99年度綜所稅復查決定書(復查會決議修正).doc.txt" 時發生錯誤, 原因: Variant does not reference an automation object
[20141106-103755 WordFileConvertSrv.exe] ERR> 轉檔作業失敗. 從 "D:\NTAKWeb\NTAK_DDQS\Exec\Manager\FileStore\1021030黃振銘君99年度綜所稅復查決定書.doc" 轉換至 "D:\NTAKWeb\NTAK_DDQS\Exec\ConvertArea\1021030黃振銘君99年度綜所稅復查決定書.doc.txt" 時發生錯誤, 原因: Variant does not reference an automation object
[20141106-103755 WordFileConvertSrv.exe] ERR> 轉檔作業失敗. 從 "D:\NTAKWeb\NTAK_DDQS\Exec\Manager\FileStore\103.06.23發文-黃小芳101年綜所稅決定書稿.doc" 轉換至 "D:\NTAKWeb\NTAK_DDQS\Exec\ConvertArea\103.06.23發文-黃小芳101年綜所稅決定書稿.doc.txt" 時發生錯誤, 原因: Variant does not reference an automation object
[20141106-103755 WordFileConvertSrv.exe] ERR> 轉檔作業失敗. 從 "D:\NTAKWeb\NTAK_DDQS\Exec\Manager\FileStore\103.4.25發文-陳振昌100年綜所稅決定書(罰鍰).doc" 轉換至 "D:\NTAKWeb\NTAK_DDQS\Exec\ConvertArea\103.4.25發文-陳振昌100年綜所稅決定書(罰鍰).doc.txt" 時發生錯誤, 原因: Variant does not reference an automation object
[20141106-103755 WordFileConvertSrv.exe] ERR> 轉檔作業失敗. 從 "D:\NTAKWeb\NTAK_DDQS\Exec\Manager\FileStore\10300120.doc" 轉換至 "D:\NTAKWeb\NTAK_DDQS\Exec\ConvertArea\10300120.doc.txt" 時發生錯誤, 原因: Variant does not reference an automation object
[20141106-103755 WordFileConvertSrv.exe] ERR> 轉檔作業失敗. 從 "D:\NTAKWeb\NTAK_DDQS\Exec\Manager\FileStore\1030912江昌101營所稅(漏報其他收入) 罰鍰復查決定書(發文).doc" 轉換至 "D:\NTAKWeb\NTAK_DDQS\Exec\ConvertArea\1030912江昌101營所稅(漏報其他收入) 罰鍰復查決定書(發文).doc.txt" 時發生錯誤, 原因: Variant does not reference an automation object
[20141106-103755 WordFileConvertSrv.exe] ERR> 轉檔作業失敗. 從 "D:\NTAKWeb\NTAK_DDQS\Exec\Manager\FileStore\95年度訴字第160號(2).doc" 轉換至 "D:\NTAKWeb\NTAK_DDQS\Exec\ConvertArea\95年度訴字第160號(2).doc.txt" 時發生錯誤, 原因: Variant does not reference an automation object
[20141106-103755 WordFileConvertSrv.exe] ERR> 轉檔作業失敗. 從 "D:\NTAKWeb\NTAK_DDQS\Exec\Manager\FileStore\98年度再字第37號.doc" 轉換至 "D:\NTAKWeb\NTAK_DDQS\Exec\ConvertArea\98年度再字第37號.doc.txt" 時發生錯誤, 原因: Variant does not reference an automation object
[20141106-103755 WordFileConvertSrv.exe] ERR> 轉檔作業失敗. 從 "D:\NTAKWeb\NTAK_DDQS\Exec\Manager\FileStore\98年度簡再字第13號(2).doc" 轉換至 "D:\NTAKWeb\NTAK_DDQS\Exec\ConvertArea\98年度簡再字第13號(2).doc.txt" 時發生錯誤, 原因: Variant does not reference an automation object
[20141106-103755 WordFileConvertSrv.exe] ERR> 轉檔作業失敗. 從 "D:\NTAKWeb\NTAK_DDQS\Exec\Manager\FileStore\99年度簡再字第9號.doc" 轉換至 "D:\NTAKWeb\NTAK_DDQS\Exec\ConvertArea\99年度簡再字第9號.doc.txt" 時發生錯誤, 原因: Variant does not reference an automation object
[20141106-103755 WordFileConvertSrv.exe] ERR> 轉檔作業失敗. 從 "D:\NTAKWeb\NTAK_DDQS\Exec\Manager\FileStore\IE8302100730陳景生101本稅-短報5%－更正後.doc" 轉換至 "D:\NTAKWeb\NTAK_DDQS\Exec\ConvertArea\IE8302100730陳景生101本稅-短報5%－更正後.doc.txt" 時發生錯誤, 原因: Variant does not reference an automation object
[20141106-103755 WordFileConvertSrv.exe] ERR> 轉檔作業失敗. 從 "D:\NTAKWeb\NTAK_DDQS\Exec\Manager\FileStore\JVP-LST.doc" 轉換至 "D:\NTAKWeb\NTAK_DDQS\Exec\ConvertArea\JVP-LST.doc.txt" 時發生錯誤, 原因: Variant does not reference an automation object
[20141106-103755 WordFileConvertSrv.exe] ERR> 轉檔作業失敗. 從 "D:\NTAKWeb\NTAK_DDQS\Exec\Manager\FileStore\NE0402400815邱翠蓮99罰鍰-未據實申報扣繳憑單20%-維持.doc" 轉換至 "D:\NTAKWeb\NTAK_DDQS\Exec\ConvertArea\NE0402400815邱翠蓮99罰鍰-未據實申報扣繳憑單20%-維持.doc.txt" 時發生錯誤, 原因: Variant does not reference an automation object
[20141106-103755 WordFileConvertSrv.exe] ERR> 轉檔作業失敗. 從 "D:\NTAKWeb\NTAK_DDQS\Exec\Manager\FileStore\NE0403100144章一民101年復查決定書-稿.doc" 轉換至 "D:\NTAKWeb\NTAK_DDQS\Exec\ConvertArea\NE0403100144章一民101年復查決定書-稿.doc.txt" 時發生錯誤, 原因: Variant does not reference an automation object
[20141106-103755 WordFileConvertSrv.exe] ERR> 轉檔作業失敗. 從 "D:\NTAKWeb\NTAK_DDQS\Exec\Manager\FileStore\NE8302100123莊全勝100免稅額-追減-核定.doc" 轉換至 "D:\NTAKWeb\NTAK_DDQS\Exec\ConvertArea\NE8302100123莊全勝100免稅額-追減-核定.doc.txt" 時發生錯誤, 原因: Variant does not reference an automation object
[20141106-103755 WordFileConvertSrv.exe] ERR> 轉檔作業失敗. 從 "D:\NTAKWeb\NTAK_DDQS\Exec\Manager\FileStore\NE8302400498潘&#21843;銘100罰鍰-委託他人代為申報-維持.doc" 轉換至 "D:\NTAKWeb\NTAK_DDQS\Exec\ConvertArea\NE8302400498潘&#21843;銘100罰鍰-委託他人代為申報-維持.doc.txt" 時發生錯誤, 原因: Variant does not reference an automation object
[20141106-103755 WordFileConvertSrv.exe] ERR> 轉檔作業失敗. 從 "D:\NTAKWeb\NTAK_DDQS\Exec\Manager\FileStore\何海鷗101虛列免稅額決定書(本+罰)正本.doc" 轉換至 "D:\NTAKWeb\NTAK_DDQS\Exec\ConvertArea\何海鷗101虛列免稅額決定書(本+罰)正本.doc.txt" 時發生錯誤, 原因: Variant does not reference an automation object
[20141106-103755 WordFileConvertSrv.exe] ERR> 轉檔作業失敗. 從 "D:\NTAKWeb\NTAK_DDQS\Exec\Manager\FileStore\佳勝營造(第09903392號)-94年度.doc" 轉換至 "D:\NTAKWeb\NTAK_DDQS\Exec\ConvertArea\佳勝營造(第09903392號)-94年度.doc.txt" 時發生錯誤, 原因: Variant does not reference an automation object
[20141106-103755 WordFileConvertSrv.exe] ERR> 轉檔作業失敗. 從 "D:\NTAKWeb\NTAK_DDQS\Exec\Manager\FileStore\北方之星(第09800030號)-89年度.doc" 轉換至 "D:\NTAKWeb\NTAK_DDQS\Exec\ConvertArea\北方之星(第09800030號)-89年度.doc.txt" 時發生錯誤, 原因: Variant does not reference an automation object
[20141106-103755 WordFileConvertSrv.exe] ERR> 轉檔作業失敗. 從 "D:\NTAKWeb\NTAK_DDQS\Exec\Manager\FileStore\呂冠霖(第09704361~09704365號)-91~95年度.doc" 轉換至 "D:\NTAKWeb\NTAK_DDQS\Exec\ConvertArea\呂冠霖(第09704361~09704365號)-91~95年度.doc.txt" 時發生錯誤, 原因: Variant does not reference an automation object
[20141106-103755 WordFileConvertSrv.exe] ERR> 轉檔作業失敗. 從 "D:\NTAKWeb\NTAK_DDQS\Exec\Manager\FileStore\周王金珍(第09800157號)-94年度.doc" 轉換至 "D:\NTAKWeb\NTAK_DDQS\Exec\ConvertArea\周王金珍(第09800157號)-94年度.doc.txt" 時發生錯誤, 原因: Variant does not reference an automation object
[20141106-103755 WordFileConvertSrv.exe] ERR> 轉檔作業失敗. 從 "D:\NTAKWeb\NTAK_DDQS\Exec\Manager\FileStore\廖東建(第10001282號)-98年度.doc" 轉換至 "D:\NTAKWeb\NTAK_DDQS\Exec\ConvertArea\廖東建(第10001282號)-98年度.doc.txt" 時發生錯誤, 原因: Variant does not reference an automation object
[20141106-103755 WordFileConvertSrv.exe] ERR> 轉檔作業失敗. 從 "D:\NTAKWeb\NTAK_DDQS\Exec\Manager\FileStore\廣建95營所稅決定書(虛銷8%).doc" 轉換至 "D:\NTAKWeb\NTAK_DDQS\Exec\ConvertArea\廣建95營所稅決定書(虛銷8%).doc.txt" 時發生錯誤, 原因: Variant does not reference an automation object
[20141106-103755 WordFileConvertSrv.exe] ERR> 轉檔作業失敗. 從 "D:\NTAKWeb\NTAK_DDQS\Exec\Manager\FileStore\彭宴祥(第09801703號)-96年度.doc" 轉換至 "D:\NTAKWeb\NTAK_DDQS\Exec\ConvertArea\彭宴祥(第09801703號)-96年度.doc.txt" 時發生錯誤, 原因: Variant does not reference an automation object
[20141106-103755 WordFileConvertSrv.exe] ERR> 轉檔作業失敗. 從 "D:\NTAKWeb\NTAK_DDQS\Exec\Manager\FileStore\復查決定-函洪俊良93信託營利所得-實質課稅-核課期間.doc" 轉換至 "D:\NTAKWeb\NTAK_DDQS\Exec\ConvertArea\復查決定-函洪俊良93信託營利所得-實質課稅-核課期間.doc.txt" 時發生錯誤, 原因: Variant does not reference an automation object
[20141106-103755 WordFileConvertSrv.exe] ERR> 轉檔作業失敗. 從 "D:\NTAKWeb\NTAK_DDQS\Exec\Manager\FileStore\日月光電子100年度營所稅復查決定書.doc" 轉換至 "D:\NTAKWeb\NTAK_DDQS\Exec\ConvertArea\日月光電子100年度營所稅復查決定書.doc.txt" 時發生錯誤, 原因: Variant does not reference an automation object
[20141106-103755 WordFileConvertSrv.exe] ERR> 轉檔作業失敗. 從 "D:\NTAKWeb\NTAK_DDQS\Exec\Manager\FileStore\李淑&#32137;決定書.doc" 轉換至 "D:\NTAKWeb\NTAK_DDQS\Exec\ConvertArea\李淑&#32137;決定書.doc.txt" 時發生錯誤, 原因: Variant does not reference an automation object
[20141106-103755 WordFileConvertSrv.exe] ERR> 轉檔作業失敗. 從 "D:\NTAKWeb\NTAK_DDQS\Exec\Manager\FileStore\李清 復查決定書.doc.doc" 轉換至 "D:\NTAKWeb\NTAK_DDQS\Exec\ConvertArea\李清 復查決定書.doc.doc.txt" 時發生錯誤, 原因: Variant does not reference an automation object
[20141106-103755 WordFileConvertSrv.exe] ERR> 轉檔作業失敗. 從 "D:\NTAKWeb\NTAK_DDQS\Exec\Manager\FileStore\李清&#23791;復查決定書.doc" 轉換至 "D:\NTAKWeb\NTAK_DDQS\Exec\ConvertArea\李清&#23791;復查決定書.doc.txt" 時發生錯誤, 原因: Variant does not reference an automation object
[20141106-103755 WordFileConvertSrv.exe] ERR> 轉檔作業失敗. 從 "D:\NTAKWeb\NTAK_DDQS\Exec\Manager\FileStore\林&#37979;宏決定書.doc" 轉換至 "D:\NTAKWeb\NTAK_DDQS\Exec\ConvertArea\林&#37979;宏決定書.doc.txt" 時發生錯誤, 原因: Variant does not reference an automation object
[20141106-103755 WordFileConvertSrv.exe] ERR> 轉檔作業失敗. 從 "D:\NTAKWeb\NTAK_DDQS\Exec\Manager\FileStore\林奇峰95年度復查報告確定版.doc" 轉換至 "D:\NTAKWeb\NTAK_DDQS\Exec\ConvertArea\林奇峰95年度復查報告確定版.doc.txt" 時發生錯誤, 原因: Variant does not reference an automation object
[20141106-103755 WordFileConvertSrv.exe] ERR> 轉檔作業失敗. 從 "D:\NTAKWeb\NTAK_DDQS\Exec\Manager\FileStore\林宜靜(第09903210號)-94~96年度.doc" 轉換至 "D:\NTAKWeb\NTAK_DDQS\Exec\ConvertArea\林宜靜(第09903210號)-94~96年度.doc.txt" 時發生錯誤, 原因: Variant does not reference an automation object
[20141106-103755 WordFileConvertSrv.exe] ERR> 轉檔作業失敗. 從 "D:\NTAKWeb\NTAK_DDQS\Exec\Manager\FileStore\林茂雄98年度綜合所得稅正本.doc" 轉換至 "D:\NTAKWeb\NTAK_DDQS\Exec\ConvertArea\林茂雄98年度綜合所得稅正本.doc.txt" 時發生錯誤, 原因: Variant does not reference an automation object
[20141106-103755 WordFileConvertSrv.exe] ERR> 轉檔作業失敗. 從 "D:\NTAKWeb\NTAK_DDQS\Exec\Manager\FileStore\林麗俐(第10002578號)-93年度.doc" 轉換至 "D:\NTAKWeb\NTAK_DDQS\Exec\ConvertArea\林麗俐(第10002578號)-93年度.doc.txt" 時發生錯誤, 原因: Variant does not reference an automation object
[20141106-103755 WordFileConvertSrv.exe] ERR> 轉檔作業失敗. 從 "D:\NTAKWeb\NTAK_DDQS\Exec\Manager\FileStore\楊肅泰(第09804135號)-96年度.doc" 轉換至 "D:\NTAKWeb\NTAK_DDQS\Exec\ConvertArea\楊肅泰(第09804135號)-96年度.doc.txt" 時發生錯誤, 原因: Variant does not reference an automation object
[20141106-103755 WordFileConvertSrv.exe] ERR> 轉檔作業失敗. 從 "D:\NTAKWeb\NTAK_DDQS\Exec\Manager\FileStore\歐陽建華(第09902018號)-88年度.doc" 轉換至 "D:\NTAKWeb\NTAK_DDQS\Exec\ConvertArea\歐陽建華(第09902018號)-88年度.doc.txt" 時發生錯誤, 原因: Variant does not reference an automation object
[20141106-103755 WordFileConvertSrv.exe] ERR> 轉檔作業失敗. 從 "D:\NTAKWeb\NTAK_DDQS\Exec\Manager\FileStore\武穎決~1.DOC" 轉換至 "D:\NTAKWeb\NTAK_DDQS\Exec\ConvertArea\武穎決~1.DOC.txt" 時發生錯誤, 原因: Variant does not reference an automation object
[20141106-103755 WordFileConvertSrv.exe] ERR> 轉檔作業失敗. 從 "D:\NTAKWeb\NTAK_DDQS\Exec\Manager\FileStore\潘&#21843;銘100罰鍰-委託他人代為申報-維持.doc" 轉換至 "D:\NTAKWeb\NTAK_DDQS\Exec\ConvertArea\潘&#21843;銘100罰鍰-委託他人代為申報-維持.doc.txt" 時發生錯誤, 原因: Variant does not reference an automation object
[20141106-103755 WordFileConvertSrv.exe] ERR> 轉檔作業失敗. 從 "D:\NTAKWeb\NTAK_DDQS\Exec\Manager\FileStore\王&#28702;苡101年特銷稅罰鍰決定書-函.docx" 轉換至 "D:\NTAKWeb\NTAK_DDQS\Exec\ConvertArea\王&#28702;苡101年特銷稅罰鍰決定書-函.docx.txt" 時發生錯誤, 原因: Variant does not reference an automation object
[20141106-103755 WordFileConvertSrv.exe] ERR> 轉檔作業失敗. 從 "D:\NTAKWeb\NTAK_DDQS\Exec\Manager\FileStore\白美香(第09803188號)-96年度.doc" 轉換至 "D:\NTAKWeb\NTAK_DDQS\Exec\ConvertArea\白美香(第09803188號)-96年度.doc.txt" 時發生錯誤, 原因: Variant does not reference an automation object
[20141106-103755 WordFileConvertSrv.exe] ERR> 轉檔作業失敗. 從 "D:\NTAKWeb\NTAK_DDQS\Exec\Manager\FileStore\蘇宏典(第10001702號)-95年度.doc" 轉換至 "D:\NTAKWeb\NTAK_DDQS\Exec\ConvertArea\蘇宏典(第10001702號)-95年度.doc.txt" 時發生錯誤, 原因: Variant does not reference an automation object
[20141106-103755 WordFileConvertSrv.exe] ERR> 轉檔作業失敗. 從 "D:\NTAKWeb\NTAK_DDQS\Exec\Manager\FileStore\達旺廣告(第09803394號)-95年度.doc" 轉換至 "D:\NTAKWeb\NTAK_DDQS\Exec\ConvertArea\達旺廣告(第09803394號)-95年度.doc.txt" 時發生錯誤, 原因: Variant does not reference an automation object
[20141106-103755 WordFileConvertSrv.exe] ERR> 轉檔作業失敗. 從 "D:\NTAKWeb\NTAK_DDQS\Exec\Manager\FileStore\鍇億國際95營所稅決定書(虛銷8%).doc" 轉換至 "D:\NTAKWeb\NTAK_DDQS\Exec\ConvertArea\鍇億國際95營所稅決定書(虛銷8%).doc.txt" 時發生錯誤, 原因: Variant does not reference an automation object
[20141106-103755 WordFileConvertSrv.exe] ERR> 轉檔作業失敗. 從 "D:\NTAKWeb\NTAK_DDQS\Exec\Manager\FileStore\鍇億國際95營所稅決定書虛銷8%.doc" 轉換至 "D:\NTAKWeb\NTAK_DDQS\Exec\ConvertArea\鍇億國際95營所稅決定書虛銷8%.doc.txt" 時發生錯誤, 原因: Variant does not reference an automation object
[20141106-103755 WordFileConvertSrv.exe] ERR> 轉檔作業失敗. 從 "D:\NTAKWeb\NTAK_DDQS\Exec\Manager\FileStore\陳麗文(第09801332號)-96年度.doc" 轉換至 "D:\NTAKWeb\NTAK_DDQS\Exec\ConvertArea\陳麗文(第09801332號)-96年度.doc.txt" 時發生錯誤, 原因: Variant does not reference an automation object
[20141106-103755 WordFileConvertSrv.exe] ERR> 轉檔作業失敗. 從 "D:\NTAKWeb\NTAK_DDQS\Exec\Manager\FileStore\黃&#28702;瑢復查決定書-海外所得.doc" 轉換至 "D:\NTAKWeb\NTAK_DDQS\Exec\ConvertArea\黃&#28702;瑢復查決定書-海外所得.doc.txt" 時發生錯誤, 原因: Variant does not reference an automation object
[20141106-103755 WordFileConvertSrv.exe] ERR> 轉檔作業失敗. 從 "D:\NTAKWeb\NTAK_DDQS\Exec\Manager\FileStore\黃鳳珠(第09703642號)-95年度.doc" 轉換至 "D:\NTAKWeb\NTAK_DDQS\Exec\ConvertArea\黃鳳珠(第09703642號)-95年度.doc.txt" 時發生錯誤, 原因: Variant does not reference an automation object
[20141106-103808 WordFileConvertSrv.exe] ERR> 轉檔作業失敗. 從 "D:\NTAKWeb\NTAK_DDQS\Exec\Manager\FileStore\&#40644;武穎決定書.doc" 轉換至 "D:\NTAKWeb\NTAK_DDQS\Exec\ConvertArea\&#40644;武穎決定書.doc.txt" 時發生錯誤, 原因: Variant does not reference an automation object
[20141106-103808 WordFileConvertSrv.exe] ERR> 轉檔作業失敗. 從 "D:\NTAKWeb\NTAK_DDQS\Exec\Manager\FileStore\09700128300.doc" 轉換至 "D:\NTAKWeb\NTAK_DDQS\Exec\ConvertArea\09700128300.doc.txt" 時發生錯誤, 原因: Variant does not reference an automation object
[20141106-103808 WordFileConvertSrv.exe] ERR> 轉檔作業失敗. 從 "D:\NTAKWeb\NTAK_DDQS\Exec\Manager\FileStore\09700398060.doc" 轉換至 "D:\NTAKWeb\NTAK_DDQS\Exec\ConvertArea\09700398060.doc.txt" 時發生錯誤, 原因: Variant does not reference an automation object
[20141106-103808 WordFileConvertSrv.exe] ERR> 轉檔作業失敗. 從 "D:\NTAKWeb\NTAK_DDQS\Exec\Manager\FileStore\1-1020924洪瑞&#23791;君96年度復查決定書-函.doc" 轉換至 "D:\NTAKWeb\NTAK_DDQS\Exec\ConvertArea\1-1020924洪瑞&#23791;君96年度復查決定書-函.doc.txt" 時發生錯誤, 原因: Variant does not reference an automation object
[20141106-103808 WordFileConvertSrv.exe] ERR> 轉檔作業失敗. 從 "D:\NTAKWeb\NTAK_DDQS\Exec\Manager\FileStore\100-2-21鍾泰營造有限公司營業稅罰鍰(復查決定書-重繕(發文).doc" 轉換至 "D:\NTAKWeb\NTAK_DDQS\Exec\ConvertArea\100-2-21鍾泰營造有限公司營業稅罰鍰(復查決定書-重繕(發文).doc.txt" 時發生錯誤, 原因: Variant does not reference an automation object
[20141106-103808 WordFileConvertSrv.exe] ERR> 轉檔作業失敗. 從 "D:\NTAKWeb\NTAK_DDQS\Exec\Manager\FileStore\100年度判字第1949號.doc" 轉換至 "D:\NTAKWeb\NTAK_DDQS\Exec\ConvertArea\100年度判字第1949號.doc.txt" 時發生錯誤, 原因: Variant does not reference an automation object
[20141106-103808 WordFileConvertSrv.exe] ERR> 轉檔作業失敗. 從 "D:\NTAKWeb\NTAK_DDQS\Exec\Manager\FileStore\100年度復查決定書稿發文.doc" 轉換至 "D:\NTAKWeb\NTAK_DDQS\Exec\ConvertArea\100年度復查決定書稿發文.doc.txt" 時發生錯誤, 原因: Variant does not reference an automation object
[20141106-103808 WordFileConvertSrv.exe] ERR> 轉檔作業失敗. 從 "D:\NTAKWeb\NTAK_DDQS\Exec\Manager\FileStore\100年度訴字第444號.doc" 轉換至 "D:\NTAKWeb\NTAK_DDQS\Exec\ConvertArea\100年度訴字第444號.doc.txt" 時發生錯誤, 原因: Variant does not reference an automation object
[20141106-103808 WordFileConvertSrv.exe] ERR> 轉檔作業失敗. 從 "D:\NTAKWeb\NTAK_DDQS\Exec\Manager\FileStore\102.4.29-陳&#28913;泰(陳吳芬釵)100年度綜所稅復查決定書.doc" 轉換至 "D:\NTAKWeb\NTAK_DDQS\Exec\ConvertArea\102.4.29-陳&#28913;泰(陳吳芬釵)100年度綜所稅復查決定書.doc.txt" 時發生錯誤, 原因: Variant does not reference an automation object
[20141106-103808 WordFileConvertSrv.exe] ERR> 轉檔作業失敗. 從 "D:\NTAKWeb\NTAK_DDQS\Exec\Manager\FileStore\10201614.doc" 轉換至 "D:\NTAKWeb\NTAK_DDQS\Exec\ConvertArea\10201614.doc.txt" 時發生錯誤, 原因: Variant does not reference an automation object
[20141106-103808 WordFileConvertSrv.exe] ERR> 轉檔作業失敗. 從 "D:\NTAKWeb\NTAK_DDQS\Exec\Manager\FileStore\1020716張孟信99年度綜所稅復查決定書(復查會決議修正).doc" 轉換至 "D:\NTAKWeb\NTAK_DDQS\Exec\ConvertArea\1020716張孟信99年度綜所稅復查決定書(復查會決議修正).doc.txt" 時發生錯誤, 原因: Variant does not reference an automation object
[20141106-103808 WordFileConvertSrv.exe] ERR> 轉檔作業失敗. 從 "D:\NTAKWeb\NTAK_DDQS\Exec\Manager\FileStore\1021030黃振銘君99年度綜所稅復查決定書.doc" 轉換至 "D:\NTAKWeb\NTAK_DDQS\Exec\ConvertArea\1021030黃振銘君99年度綜所稅復查決定書.doc.txt" 時發生錯誤, 原因: Variant does not reference an automation object
[20141106-103808 WordFileConvertSrv.exe] ERR> 轉檔作業失敗. 從 "D:\NTAKWeb\NTAK_DDQS\Exec\Manager\FileStore\103.06.23發文-黃小芳101年綜所稅決定書稿.doc" 轉換至 "D:\NTAKWeb\NTAK_DDQS\Exec\ConvertArea\103.06.23發文-黃小芳101年綜所稅決定書稿.doc.txt" 時發生錯誤, 原因: Variant does not reference an automation object
[20141106-103808 WordFileConvertSrv.exe] ERR> 轉檔作業失敗. 從 "D:\NTAKWeb\NTAK_DDQS\Exec\Manager\FileStore\103.11.5發文-陳鵬澤101年度特銷稅-復查決定書.doc" 轉換至 "D:\NTAKWeb\NTAK_DDQS\Exec\ConvertArea\103.11.5發文-陳鵬澤101年度特銷稅-復查決定書.doc.txt" 時發生錯誤, 原因: Variant does not reference an automation object
[20141106-103808 WordFileConvertSrv.exe] ERR> 轉檔作業失敗. 從 "D:\NTAKWeb\NTAK_DDQS\Exec\Manager\FileStore\103.4.25發文-陳振昌100年綜所稅決定書(罰鍰).doc" 轉換至 "D:\NTAKWeb\NTAK_DDQS\Exec\ConvertArea\103.4.25發文-陳振昌100年綜所稅決定書(罰鍰).doc.txt" 時發生錯誤, 原因: Variant does not reference an automation object
[20141106-103808 WordFileConvertSrv.exe] ERR> 轉檔作業失敗. 從 "D:\NTAKWeb\NTAK_DDQS\Exec\Manager\FileStore\10300120.doc" 轉換至 "D:\NTAKWeb\NTAK_DDQS\Exec\ConvertArea\10300120.doc.txt" 時發生錯誤, 原因: Variant does not reference an automation object
[20141106-103808 WordFileConvertSrv.exe] ERR> 轉檔作業失敗. 從 "D:\NTAKWeb\NTAK_DDQS\Exec\Manager\FileStore\1030912江昌101營所稅(漏報其他收入) 罰鍰復查決定書(發文).doc" 轉換至 "D:\NTAKWeb\NTAK_DDQS\Exec\ConvertArea\1030912江昌101營所稅(漏報其他收入) 罰鍰復查決定書(發文).doc.txt" 時發生錯誤, 原因: Variant does not reference an automation object
[20141106-103808 WordFileConvertSrv.exe] ERR> 轉檔作業失敗. 從 "D:\NTAKWeb\NTAK_DDQS\Exec\Manager\FileStore\95年度訴字第160號(2).doc" 轉換至 "D:\NTAKWeb\NTAK_DDQS\Exec\ConvertArea\95年度訴字第160號(2).doc.txt" 時發生錯誤, 原因: Variant does not reference an automation object
[20141106-103808 WordFileConvertSrv.exe] ERR> 轉檔作業失敗. 從 "D:\NTAKWeb\NTAK_DDQS\Exec\Manager\FileStore\98年度再字第37號.doc" 轉換至 "D:\NTAKWeb\NTAK_DDQS\Exec\ConvertArea\98年度再字第37號.doc.txt" 時發生錯誤, 原因: Variant does not reference an automation object
[20141106-103808 WordFileConvertSrv.exe] ERR> 轉檔作業失敗. 從 "D:\NTAKWeb\NTAK_DDQS\Exec\Manager\FileStore\98年度簡再字第13號(2).doc" 轉換至 "D:\NTAKWeb\NTAK_DDQS\Exec\ConvertArea\98年度簡再字第13號(2).doc.txt" 時發生錯誤, 原因: Variant does not reference an automation object
[20141106-103808 WordFileConvertSrv.exe] ERR> 轉檔作業失敗. 從 "D:\NTAKWeb\NTAK_DDQS\Exec\Manager\FileStore\99年度簡再字第9號.doc" 轉換至 "D:\NTAKWeb\NTAK_DDQS\Exec\ConvertArea\99年度簡再字第9號.doc.txt" 時發生錯誤, 原因: Variant does not reference an automation object
[20141106-103808 WordFileConvertSrv.exe] ERR> 轉檔作業失敗. 從 "D:\NTAKWeb\NTAK_DDQS\Exec\Manager\FileStore\IE8302100730陳景生101本稅-短報5%－更正後.doc" 轉換至 "D:\NTAKWeb\NTAK_DDQS\Exec\ConvertArea\IE8302100730陳景生101本稅-短報5%－更正後.doc.txt" 時發生錯誤, 原因: Variant does not reference an automation object
[20141106-103808 WordFileConvertSrv.exe] ERR> 轉檔作業失敗. 從 "D:\NTAKWeb\NTAK_DDQS\Exec\Manager\FileStore\JVP-LST.doc" 轉換至 "D:\NTAKWeb\NTAK_DDQS\Exec\ConvertArea\JVP-LST.doc.txt" 時發生錯誤, 原因: Variant does not reference an automation object
[20141106-103808 WordFileConvertSrv.exe] ERR> 轉檔作業失敗. 從 "D:\NTAKWeb\NTAK_DDQS\Exec\Manager\FileStore\NE0402400815邱翠蓮99罰鍰-未據實申報扣繳憑單20%-維持.doc" 轉換至 "D:\NTAKWeb\NTAK_DDQS\Exec\ConvertArea\NE0402400815邱翠蓮99罰鍰-未據實申報扣繳憑單20%-維持.doc.txt" 時發生錯誤, 原因: Variant does not reference an automation object
[20141106-103808 WordFileConvertSrv.exe] ERR> 轉檔作業失敗. 從 "D:\NTAKWeb\NTAK_DDQS\Exec\Manager\FileStore\NE0403100144章一民101年復查決定書-稿.doc" 轉換至 "D:\NTAKWeb\NTAK_DDQS\Exec\ConvertArea\NE0403100144章一民101年復查決定書-稿.doc.txt" 時發生錯誤, 原因: Variant does not reference an automation object
[20141106-103808 WordFileConvertSrv.exe] ERR> 轉檔作業失敗. 從 "D:\NTAKWeb\NTAK_DDQS\Exec\Manager\FileStore\NE8302100123莊全勝100免稅額-追減-核定.doc" 轉換至 "D:\NTAKWeb\NTAK_DDQS\Exec\ConvertArea\NE8302100123莊全勝100免稅額-追減-核定.doc.txt" 時發生錯誤, 原因: Variant does not reference an automation object
[20141106-103808 WordFileConvertSrv.exe] ERR> 轉檔作業失敗. 從 "D:\NTAKWeb\NTAK_DDQS\Exec\Manager\FileStore\NE8302400498潘&#21843;銘100罰鍰-委託他人代為申報-維持.doc" 轉換至 "D:\NTAKWeb\NTAK_DDQS\Exec\ConvertArea\NE8302400498潘&#21843;銘100罰鍰-委託他人代為申報-維持.doc.txt" 時發生錯誤, 原因: Variant does not reference an automation object
[20141106-103808 WordFileConvertSrv.exe] ERR> 轉檔作業失敗. 從 "D:\NTAKWeb\NTAK_DDQS\Exec\Manager\FileStore\何海鷗101虛列免稅額決定書(本+罰)正本.doc" 轉換至 "D:\NTAKWeb\NTAK_DDQS\Exec\ConvertArea\何海鷗101虛列免稅額決定書(本+罰)正本.doc.txt" 時發生錯誤, 原因: Variant does not reference an automation object
[20141106-103808 WordFileConvertSrv.exe] ERR> 轉檔作業失敗. 從 "D:\NTAKWeb\NTAK_DDQS\Exec\Manager\FileStore\佳勝營造(第09903392號)-94年度.doc" 轉換至 "D:\NTAKWeb\NTAK_DDQS\Exec\ConvertArea\佳勝營造(第09903392號)-94年度.doc.txt" 時發生錯誤, 原因: Variant does not reference an automation object
[20141106-103808 WordFileConvertSrv.exe] ERR> 轉檔作業失敗. 從 "D:\NTAKWeb\NTAK_DDQS\Exec\Manager\FileStore\北方之星(第09800030號)-89年度.doc" 轉換至 "D:\NTAKWeb\NTAK_DDQS\Exec\ConvertArea\北方之星(第09800030號)-89年度.doc.txt" 時發生錯誤, 原因: Variant does not reference an automation object
[20141106-103808 WordFileConvertSrv.exe] ERR> 轉檔作業失敗. 從 "D:\NTAKWeb\NTAK_DDQS\Exec\Manager\FileStore\呂冠霖(第09704361~09704365號)-91~95年度.doc" 轉換至 "D:\NTAKWeb\NTAK_DDQS\Exec\ConvertArea\呂冠霖(第09704361~09704365號)-91~95年度.doc.txt" 時發生錯誤, 原因: Variant does not reference an automation object
[20141106-103808 WordFileConvertSrv.exe] ERR> 轉檔作業失敗. 從 "D:\NTAKWeb\NTAK_DDQS\Exec\Manager\FileStore\周王金珍(第09800157號)-94年度.doc" 轉換至 "D:\NTAKWeb\NTAK_DDQS\Exec\ConvertArea\周王金珍(第09800157號)-94年度.doc.txt" 時發生錯誤, 原因: Variant does not reference an automation object
[20141106-103808 WordFileConvertSrv.exe] ERR> 轉檔作業失敗. 從 "D:\NTAKWeb\NTAK_DDQS\Exec\Manager\FileStore\廖東建(第10001282號)-98年度.doc" 轉換至 "D:\NTAKWeb\NTAK_DDQS\Exec\ConvertArea\廖東建(第10001282號)-98年度.doc.txt" 時發生錯誤, 原因: Variant does not reference an automation object
[20141106-103808 WordFileConvertSrv.exe] ERR> 轉檔作業失敗. 從 "D:\NTAKWeb\NTAK_DDQS\Exec\Manager\FileStore\廣建95營所稅決定書(虛銷8%).doc" 轉換至 "D:\NTAKWeb\NTAK_DDQS\Exec\ConvertArea\廣建95營所稅決定書(虛銷8%).doc.txt" 時發生錯誤, 原因: Variant does not reference an automation object
[20141106-103808 WordFileConvertSrv.exe] ERR> 轉檔作業失敗. 從 "D:\NTAKWeb\NTAK_DDQS\Exec\Manager\FileStore\彭宴祥(第09801703號)-96年度.doc" 轉換至 "D:\NTAKWeb\NTAK_DDQS\Exec\ConvertArea\彭宴祥(第09801703號)-96年度.doc.txt" 時發生錯誤, 原因: Variant does not reference an automation object
[20141106-103808 WordFileConvertSrv.exe] ERR> 轉檔作業失敗. 從 "D:\NTAKWeb\NTAK_DDQS\Exec\Manager\FileStore\復查決定-函洪俊良93信託營利所得-實質課稅-核課期間.doc" 轉換至 "D:\NTAKWeb\NTAK_DDQS\Exec\ConvertArea\復查決定-函洪俊良93信託營利所得-實質課稅-核課期間.doc.txt" 時發生錯誤, 原因: Variant does not reference an automation object
[20141106-103808 WordFileConvertSrv.exe] ERR> 轉檔作業失敗. 從 "D:\NTAKWeb\NTAK_DDQS\Exec\Manager\FileStore\日月光電子100年度營所稅復查決定書.doc" 轉換至 "D:\NTAKWeb\NTAK_DDQS\Exec\ConvertArea\日月光電子100年度營所稅復查決定書.doc.txt" 時發生錯誤, 原因: Variant does not reference an automation object
[20141106-103808 WordFileConvertSrv.exe] ERR> 轉檔作業失敗. 從 "D:\NTAKWeb\NTAK_DDQS\Exec\Manager\FileStore\李淑&#32137;決定書.doc" 轉換至 "D:\NTAKWeb\NTAK_DDQS\Exec\ConvertArea\李淑&#32137;決定書.doc.txt" 時發生錯誤, 原因: Variant does not reference an automation object
[20141106-103808 WordFileConvertSrv.exe] ERR> 轉檔作業失敗. 從 "D:\NTAKWeb\NTAK_DDQS\Exec\Manager\FileStore\李清 復查決定書.doc.doc" 轉換至 "D:\NTAKWeb\NTAK_DDQS\Exec\ConvertArea\李清 復查決定書.doc.doc.txt" 時發生錯誤, 原因: Variant does not reference an automation object
[20141106-103808 WordFileConvertSrv.exe] ERR> 轉檔作業失敗. 從 "D:\NTAKWeb\NTAK_DDQS\Exec\Manager\FileStore\李清&#23791;復查決定書.doc" 轉換至 "D:\NTAKWeb\NTAK_DDQS\Exec\ConvertArea\李清&#23791;復查決定書.doc.txt" 時發生錯誤, 原因: Variant does not reference an automation object
[20141106-103808 WordFileConvertSrv.exe] ERR> 轉檔作業失敗. 從 "D:\NTAKWeb\NTAK_DDQS\Exec\Manager\FileStore\林&#37979;宏決定書.doc" 轉換至 "D:\NTAKWeb\NTAK_DDQS\Exec\ConvertArea\林&#37979;宏決定書.doc.txt" 時發生錯誤, 原因: Variant does not reference an automation object
[20141106-103808 WordFileConvertSrv.exe] ERR> 轉檔作業失敗. 從 "D:\NTAKWeb\NTAK_DDQS\Exec\Manager\FileStore\林奇峰95年度復查報告確定版.doc" 轉換至 "D:\NTAKWeb\NTAK_DDQS\Exec\ConvertArea\林奇峰95年度復查報告確定版.doc.txt" 時發生錯誤, 原因: Variant does not reference an automation object
[20141106-103808 WordFileConvertSrv.exe] ERR> 轉檔作業失敗. 從 "D:\NTAKWeb\NTAK_DDQS\Exec\Manager\FileStore\林宜靜(第09903210號)-94~96年度.doc" 轉換至 "D:\NTAKWeb\NTAK_DDQS\Exec\ConvertArea\林宜靜(第09903210號)-94~96年度.doc.txt" 時發生錯誤, 原因: Variant does not reference an automation object
[20141106-103808 WordFileConvertSrv.exe] ERR> 轉檔作業失敗. 從 "D:\NTAKWeb\NTAK_DDQS\Exec\Manager\FileStore\林茂雄98年度綜合所得稅正本.doc" 轉換至 "D:\NTAKWeb\NTAK_DDQS\Exec\ConvertArea\林茂雄98年度綜合所得稅正本.doc.txt" 時發生錯誤, 原因: Variant does not reference an automation object
[20141106-103808 WordFileConvertSrv.exe] ERR> 轉檔作業失敗. 從 "D:\NTAKWeb\NTAK_DDQS\Exec\Manager\FileStore\林麗俐(第10002578號)-93年度.doc" 轉換至 "D:\NTAKWeb\NTAK_DDQS\Exec\ConvertArea\林麗俐(第10002578號)-93年度.doc.txt" 時發生錯誤, 原因: Variant does not reference an automation object
[20141106-103808 WordFileConvertSrv.exe] ERR> 轉檔作業失敗. 從 "D:\NTAKWeb\NTAK_DDQS\Exec\Manager\FileStore\楊肅泰(第09804135號)-96年度.doc" 轉換至 "D:\NTAKWeb\NTAK_DDQS\Exec\ConvertArea\楊肅泰(第09804135號)-96年度.doc.txt" 時發生錯誤, 原因: Variant does not reference an automation object
[20141106-103808 WordFileConvertSrv.exe] ERR> 轉檔作業失敗. 從 "D:\NTAKWeb\NTAK_DDQS\Exec\Manager\FileStore\歐陽建華(第09902018號)-88年度.doc" 轉換至 "D:\NTAKWeb\NTAK_DDQS\Exec\ConvertArea\歐陽建華(第09902018號)-88年度.doc.txt" 時發生錯誤, 原因: Variant does not reference an automation object
[20141106-103808 WordFileConvertSrv.exe] ERR> 轉檔作業失敗. 從 "D:\NTAKWeb\NTAK_DDQS\Exec\Manager\FileStore\武穎決~1.DOC" 轉換至 "D:\NTAKWeb\NTAK_DDQS\Exec\ConvertArea\武穎決~1.DOC.txt" 時發生錯誤, 原因: Variant does not reference an automation object
[20141106-103808 WordFileConvertSrv.exe] ERR> 轉檔作業失敗. 從 "D:\NTAKWeb\NTAK_DDQS\Exec\Manager\FileStore\潘&#21843;銘100罰鍰-委託他人代為申報-維持.doc" 轉換至 "D:\NTAKWeb\NTAK_DDQS\Exec\ConvertArea\潘&#21843;銘100罰鍰-委託他人代為申報-維持.doc.txt" 時發生錯誤, 原因: Variant does not reference an automation object
[20141106-103808 WordFileConvertSrv.exe] ERR> 轉檔作業失敗. 從 "D:\NTAKWeb\NTAK_DDQS\Exec\Manager\FileStore\王&#28702;苡101年特銷稅罰鍰決定書-函.docx" 轉換至 "D:\NTAKWeb\NTAK_DDQS\Exec\ConvertArea\王&#28702;苡101年特銷稅罰鍰決定書-函.docx.txt" 時發生錯誤, 原因: Variant does not reference an automation object
[20141106-103808 WordFileConvertSrv.exe] ERR> 轉檔作業失敗. 從 "D:\NTAKWeb\NTAK_DDQS\Exec\Manager\FileStore\白美香(第09803188號)-96年度.doc" 轉換至 "D:\NTAKWeb\NTAK_DDQS\Exec\ConvertArea\白美香(第09803188號)-96年度.doc.txt" 時發生錯誤, 原因: Variant does not reference an automation object
[20141106-103808 WordFileConvertSrv.exe] ERR> 轉檔作業失敗. 從 "D:\NTAKWeb\NTAK_DDQS\Exec\Manager\FileStore\蘇宏典(第10001702號)-95年度.doc" 轉換至 "D:\NTAKWeb\NTAK_DDQS\Exec\ConvertArea\蘇宏典(第10001702號)-95年度.doc.txt" 時發生錯誤, 原因: Variant does not reference an automation object
[20141106-103808 WordFileConvertSrv.exe] ERR> 轉檔作業失敗. 從 "D:\NTAKWeb\NTAK_DDQS\Exec\Manager\FileStore\達旺廣告(第09803394號)-95年度.doc" 轉換至 "D:\NTAKWeb\NTAK_DDQS\Exec\ConvertArea\達旺廣告(第09803394號)-95年度.doc.txt" 時發生錯誤, 原因: Variant does not reference an automation object
[20141106-103808 WordFileConvertSrv.exe] ERR> 轉檔作業失敗. 從 "D:\NTAKWeb\NTAK_DDQS\Exec\Manager\FileStore\鍇億國際95營所稅決定書(虛銷8%).doc" 轉換至 "D:\NTAKWeb\NTAK_DDQS\Exec\ConvertArea\鍇億國際95營所稅決定書(虛銷8%).doc.txt" 時發生錯誤, 原因: Variant does not reference an automation object
[20141106-103808 WordFileConvertSrv.exe] ERR> 轉檔作業失敗. 從 "D:\NTAKWeb\NTAK_DDQS\Exec\Manager\FileStore\鍇億國際95營所稅決定書虛銷8%.doc" 轉換至 "D:\NTAKWeb\NTAK_DDQS\Exec\ConvertArea\鍇億國際95營所稅決定書虛銷8%.doc.txt" 時發生錯誤, 原因: Variant does not reference an automation object
[20141106-103808 WordFileConvertSrv.exe] ERR> 轉檔作業失敗. 從 "D:\NTAKWeb\NTAK_DDQS\Exec\Manager\FileStore\陳麗文(第09801332號)-96年度.doc" 轉換至 "D:\NTAKWeb\NTAK_DDQS\Exec\ConvertArea\陳麗文(第09801332號)-96年度.doc.txt" 時發生錯誤, 原因: Variant does not reference an automation object
[20141106-103808 WordFileConvertSrv.exe] ERR> 轉檔作業失敗. 從 "D:\NTAKWeb\NTAK_DDQS\Exec\Manager\FileStore\黃&#28702;瑢復查決定書-海外所得.doc" 轉換至 "D:\NTAKWeb\NTAK_DDQS\Exec\ConvertArea\黃&#28702;瑢復查決定書-海外所得.doc.txt" 時發生錯誤, 原因: Variant does not reference an automation object
[20141106-103808 WordFileConvertSrv.exe] ERR> 轉檔作業失敗. 從 "D:\NTAKWeb\NTAK_DDQS\Exec\Manager\FileStore\黃鳳珠(第09703642號)-95年度.doc" 轉換至 "D:\NTAKWeb\NTAK_DDQS\Exec\ConvertArea\黃鳳珠(第09703642號)-95年度.doc.txt" 時發生錯誤, 原因: Variant does not reference an automation object
[20141106-104525 WordFileConvertSrv.exe] ERR> 轉檔作業失敗. 從 "D:\NTAKWeb\NTAK_DDQS\Exec\Manager\FileStore\&#40644;武穎決定書.doc" 轉換至 "D:\NTAKWeb\NTAK_DDQS\Exec\ConvertArea\&#40644;武穎決定書.doc.txt" 時發生錯誤, 原因: Variant does not reference an automation object
[20141106-104525 WordFileConvertSrv.exe] ERR> 轉檔作業失敗. 從 "D:\NTAKWeb\NTAK_DDQS\Exec\Manager\FileStore\09700128300.doc" 轉換至 "D:\NTAKWeb\NTAK_DDQS\Exec\ConvertArea\09700128300.doc.txt" 時發生錯誤, 原因: Variant does not reference an automation object
[20141106-104525 WordFileConvertSrv.exe] ERR> 轉檔作業失敗. 從 "D:\NTAKWeb\NTAK_DDQS\Exec\Manager\FileStore\09700398060.doc" 轉換至 "D:\NTAKWeb\NTAK_DDQS\Exec\ConvertArea\09700398060.doc.txt" 時發生錯誤, 原因: Variant does not reference an automation object
[20141106-104525 WordFileConvertSrv.exe] ERR> 轉檔作業失敗. 從 "D:\NTAKWeb\NTAK_DDQS\Exec\Manager\FileStore\1-1020924洪瑞&#23791;君96年度復查決定書-函.doc" 轉換至 "D:\NTAKWeb\NTAK_DDQS\Exec\ConvertArea\1-1020924洪瑞&#23791;君96年度復查決定書-函.doc.txt" 時發生錯誤, 原因: Variant does not reference an automation object
[20141106-104525 WordFileConvertSrv.exe] ERR> 轉檔作業失敗. 從 "D:\NTAKWeb\NTAK_DDQS\Exec\Manager\FileStore\100-2-21鍾泰營造有限公司營業稅罰鍰(復查決定書-重繕(發文).doc" 轉換至 "D:\NTAKWeb\NTAK_DDQS\Exec\ConvertArea\100-2-21鍾泰營造有限公司營業稅罰鍰(復查決定書-重繕(發文).doc.txt" 時發生錯誤, 原因: Variant does not reference an automation object
[20141106-104525 WordFileConvertSrv.exe] ERR> 轉檔作業失敗. 從 "D:\NTAKWeb\NTAK_DDQS\Exec\Manager\FileStore\100年度判字第1949號.doc" 轉換至 "D:\NTAKWeb\NTAK_DDQS\Exec\ConvertArea\100年度判字第1949號.doc.txt" 時發生錯誤, 原因: Variant does not reference an automation object
[20141106-104525 WordFileConvertSrv.exe] ERR> 轉檔作業失敗. 從 "D:\NTAKWeb\NTAK_DDQS\Exec\Manager\FileStore\100年度復查決定書稿發文.doc" 轉換至 "D:\NTAKWeb\NTAK_DDQS\Exec\ConvertArea\100年度復查決定書稿發文.doc.txt" 時發生錯誤, 原因: Variant does not reference an automation object
[20141106-104525 WordFileConvertSrv.exe] ERR> 轉檔作業失敗. 從 "D:\NTAKWeb\NTAK_DDQS\Exec\Manager\FileStore\100年度訴字第444號.doc" 轉換至 "D:\NTAKWeb\NTAK_DDQS\Exec\ConvertArea\100年度訴字第444號.doc.txt" 時發生錯誤, 原因: Variant does not reference an automation object
[20141106-104525 WordFileConvertSrv.exe] ERR> 轉檔作業失敗. 從 "D:\NTAKWeb\NTAK_DDQS\Exec\Manager\FileStore\102.4.29-陳&#28913;泰(陳吳芬釵)100年度綜所稅復查決定書.doc" 轉換至 "D:\NTAKWeb\NTAK_DDQS\Exec\ConvertArea\102.4.29-陳&#28913;泰(陳吳芬釵)100年度綜所稅復查決定書.doc.txt" 時發生錯誤, 原因: Variant does not reference an automation object
[20141106-104525 WordFileConvertSrv.exe] ERR> 轉檔作業失敗. 從 "D:\NTAKWeb\NTAK_DDQS\Exec\Manager\FileStore\10201614.doc" 轉換至 "D:\NTAKWeb\NTAK_DDQS\Exec\ConvertArea\10201614.doc.txt" 時發生錯誤, 原因: Variant does not reference an automation object
[20141106-104525 WordFileConvertSrv.exe] ERR> 轉檔作業失敗. 從 "D:\NTAKWeb\NTAK_DDQS\Exec\Manager\FileStore\1020716張孟信99年度綜所稅復查決定書(復查會決議修正).doc" 轉換至 "D:\NTAKWeb\NTAK_DDQS\Exec\ConvertArea\1020716張孟信99年度綜所稅復查決定書(復查會決議修正).doc.txt" 時發生錯誤, 原因: Variant does not reference an automation object
[20141106-104525 WordFileConvertSrv.exe] ERR> 轉檔作業失敗. 從 "D:\NTAKWeb\NTAK_DDQS\Exec\Manager\FileStore\1021030黃振銘君99年度綜所稅復查決定書.doc" 轉換至 "D:\NTAKWeb\NTAK_DDQS\Exec\ConvertArea\1021030黃振銘君99年度綜所稅復查決定書.doc.txt" 時發生錯誤, 原因: Variant does not reference an automation object
[20141106-104525 WordFileConvertSrv.exe] ERR> 轉檔作業失敗. 從 "D:\NTAKWeb\NTAK_DDQS\Exec\Manager\FileStore\103.06.23發文-黃小芳101年綜所稅決定書稿.doc" 轉換至 "D:\NTAKWeb\NTAK_DDQS\Exec\ConvertArea\103.06.23發文-黃小芳101年綜所稅決定書稿.doc.txt" 時發生錯誤, 原因: Variant does not reference an automation object
[20141106-104525 WordFileConvertSrv.exe] ERR> 轉檔作業失敗. 從 "D:\NTAKWeb\NTAK_DDQS\Exec\Manager\FileStore\103.4.25發文-陳振昌100年綜所稅決定書(罰鍰).doc" 轉換至 "D:\NTAKWeb\NTAK_DDQS\Exec\ConvertArea\103.4.25發文-陳振昌100年綜所稅決定書(罰鍰).doc.txt" 時發生錯誤, 原因: Variant does not reference an automation object
[20141106-104525 WordFileConvertSrv.exe] ERR> 轉檔作業失敗. 從 "D:\NTAKWeb\NTAK_DDQS\Exec\Manager\FileStore\10300120.doc" 轉換至 "D:\NTAKWeb\NTAK_DDQS\Exec\ConvertArea\10300120.doc.txt" 時發生錯誤, 原因: Variant does not reference an automation object
[20141106-104525 WordFileConvertSrv.exe] ERR> 轉檔作業失敗. 從 "D:\NTAKWeb\NTAK_DDQS\Exec\Manager\FileStore\1030912江昌101營所稅(漏報其他收入) 罰鍰復查決定書(發文).doc" 轉換至 "D:\NTAKWeb\NTAK_DDQS\Exec\ConvertArea\1030912江昌101營所稅(漏報其他收入) 罰鍰復查決定書(發文).doc.txt" 時發生錯誤, 原因: Variant does not reference an automation object
[20141106-104525 WordFileConvertSrv.exe] ERR> 轉檔作業失敗. 從 "D:\NTAKWeb\NTAK_DDQS\Exec\Manager\FileStore\95年度訴字第160號(2).doc" 轉換至 "D:\NTAKWeb\NTAK_DDQS\Exec\ConvertArea\95年度訴字第160號(2).doc.txt" 時發生錯誤, 原因: Variant does not reference an automation object
[20141106-104525 WordFileConvertSrv.exe] ERR> 轉檔作業失敗. 從 "D:\NTAKWeb\NTAK_DDQS\Exec\Manager\FileStore\98年度再字第37號.doc" 轉換至 "D:\NTAKWeb\NTAK_DDQS\Exec\ConvertArea\98年度再字第37號.doc.txt" 時發生錯誤, 原因: Variant does not reference an automation object
[20141106-104525 WordFileConvertSrv.exe] ERR> 轉檔作業失敗. 從 "D:\NTAKWeb\NTAK_DDQS\Exec\Manager\FileStore\98年度簡再字第13號(2).doc" 轉換至 "D:\NTAKWeb\NTAK_DDQS\Exec\ConvertArea\98年度簡再字第13號(2).doc.txt" 時發生錯誤, 原因: Variant does not reference an automation object
[20141106-104525 WordFileConvertSrv.exe] ERR> 轉檔作業失敗. 從 "D:\NTAKWeb\NTAK_DDQS\Exec\Manager\FileStore\99年度簡再字第9號.doc" 轉換至 "D:\NTAKWeb\NTAK_DDQS\Exec\ConvertArea\99年度簡再字第9號.doc.txt" 時發生錯誤, 原因: Variant does not reference an automation object
[20141106-104525 WordFileConvertSrv.exe] ERR> 轉檔作業失敗. 從 "D:\NTAKWeb\NTAK_DDQS\Exec\Manager\FileStore\IE8302100730陳景生101本稅-短報5%－更正後.doc" 轉換至 "D:\NTAKWeb\NTAK_DDQS\Exec\ConvertArea\IE8302100730陳景生101本稅-短報5%－更正後.doc.txt" 時發生錯誤, 原因: Variant does not reference an automation object
[20141106-104525 WordFileConvertSrv.exe] ERR> 轉檔作業失敗. 從 "D:\NTAKWeb\NTAK_DDQS\Exec\Manager\FileStore\JVP-LST.doc" 轉換至 "D:\NTAKWeb\NTAK_DDQS\Exec\ConvertArea\JVP-LST.doc.txt" 時發生錯誤, 原因: Variant does not reference an automation object
[20141106-104525 WordFileConvertSrv.exe] ERR> 轉檔作業失敗. 從 "D:\NTAKWeb\NTAK_DDQS\Exec\Manager\FileStore\NE0402400815邱翠蓮99罰鍰-未據實申報扣繳憑單20%-維持.doc" 轉換至 "D:\NTAKWeb\NTAK_DDQS\Exec\ConvertArea\NE0402400815邱翠蓮99罰鍰-未據實申報扣繳憑單20%-維持.doc.txt" 時發生錯誤, 原因: Variant does not reference an automation object
[20141106-104525 WordFileConvertSrv.exe] ERR> 轉檔作業失敗. 從 "D:\NTAKWeb\NTAK_DDQS\Exec\Manager\FileStore\NE0403100144章一民101年復查決定書-稿.doc" 轉換至 "D:\NTAKWeb\NTAK_DDQS\Exec\ConvertArea\NE0403100144章一民101年復查決定書-稿.doc.txt" 時發生錯誤, 原因: Variant does not reference an automation object
[20141106-104525 WordFileConvertSrv.exe] ERR> 轉檔作業失敗. 從 "D:\NTAKWeb\NTAK_DDQS\Exec\Manager\FileStore\NE8302100123莊全勝100免稅額-追減-核定.doc" 轉換至 "D:\NTAKWeb\NTAK_DDQS\Exec\ConvertArea\NE8302100123莊全勝100免稅額-追減-核定.doc.txt" 時發生錯誤, 原因: Variant does not reference an automation object
[20141106-104525 WordFileConvertSrv.exe] ERR> 轉檔作業失敗. 從 "D:\NTAKWeb\NTAK_DDQS\Exec\Manager\FileStore\NE8302400498潘&#21843;銘100罰鍰-委託他人代為申報-維持.doc" 轉換至 "D:\NTAKWeb\NTAK_DDQS\Exec\ConvertArea\NE8302400498潘&#21843;銘100罰鍰-委託他人代為申報-維持.doc.txt" 時發生錯誤, 原因: Variant does not reference an automation object
[20141106-104525 WordFileConvertSrv.exe] ERR> 轉檔作業失敗. 從 "D:\NTAKWeb\NTAK_DDQS\Exec\Manager\FileStore\何海鷗101虛列免稅額決定書(本+罰)正本.doc" 轉換至 "D:\NTAKWeb\NTAK_DDQS\Exec\ConvertArea\何海鷗101虛列免稅額決定書(本+罰)正本.doc.txt" 時發生錯誤, 原因: Variant does not reference an automation object
[20141106-104525 WordFileConvertSrv.exe] ERR> 轉檔作業失敗. 從 "D:\NTAKWeb\NTAK_DDQS\Exec\Manager\FileStore\佳勝營造(第09903392號)-94年度.doc" 轉換至 "D:\NTAKWeb\NTAK_DDQS\Exec\ConvertArea\佳勝營造(第09903392號)-94年度.doc.txt" 時發生錯誤, 原因: Variant does not reference an automation object
[20141106-104525 WordFileConvertSrv.exe] ERR> 轉檔作業失敗. 從 "D:\NTAKWeb\NTAK_DDQS\Exec\Manager\FileStore\北方之星(第09800030號)-89年度.doc" 轉換至 "D:\NTAKWeb\NTAK_DDQS\Exec\ConvertArea\北方之星(第09800030號)-89年度.doc.txt" 時發生錯誤, 原因: Variant does not reference an automation object
[20141106-104525 WordFileConvertSrv.exe] ERR> 轉檔作業失敗. 從 "D:\NTAKWeb\NTAK_DDQS\Exec\Manager\FileStore\呂冠霖(第09704361~09704365號)-91~95年度.doc" 轉換至 "D:\NTAKWeb\NTAK_DDQS\Exec\ConvertArea\呂冠霖(第09704361~09704365號)-91~95年度.doc.txt" 時發生錯誤, 原因: Variant does not reference an automation object
[20141106-104525 WordFileConvertSrv.exe] ERR> 轉檔作業失敗. 從 "D:\NTAKWeb\NTAK_DDQS\Exec\Manager\FileStore\周王金珍(第09800157號)-94年度.doc" 轉換至 "D:\NTAKWeb\NTAK_DDQS\Exec\ConvertArea\周王金珍(第09800157號)-94年度.doc.txt" 時發生錯誤, 原因: Variant does not reference an automation object
[20141106-104525 WordFileConvertSrv.exe] ERR> 轉檔作業失敗. 從 "D:\NTAKWeb\NTAK_DDQS\Exec\Manager\FileStore\廖東建(第10001282號)-98年度.doc" 轉換至 "D:\NTAKWeb\NTAK_DDQS\Exec\ConvertArea\廖東建(第10001282號)-98年度.doc.txt" 時發生錯誤, 原因: Variant does not reference an automation object
[20141106-104525 WordFileConvertSrv.exe] ERR> 轉檔作業失敗. 從 "D:\NTAKWeb\NTAK_DDQS\Exec\Manager\FileStore\廣建95營所稅決定書(虛銷8%).doc" 轉換至 "D:\NTAKWeb\NTAK_DDQS\Exec\ConvertArea\廣建95營所稅決定書(虛銷8%).doc.txt" 時發生錯誤, 原因: Variant does not reference an automation object
[20141106-104525 WordFileConvertSrv.exe] ERR> 轉檔作業失敗. 從 "D:\NTAKWeb\NTAK_DDQS\Exec\Manager\FileStore\彭宴祥(第09801703號)-96年度.doc" 轉換至 "D:\NTAKWeb\NTAK_DDQS\Exec\ConvertArea\彭宴祥(第09801703號)-96年度.doc.txt" 時發生錯誤, 原因: Variant does not reference an automation object
[20141106-104525 WordFileConvertSrv.exe] ERR> 轉檔作業失敗. 從 "D:\NTAKWeb\NTAK_DDQS\Exec\Manager\FileStore\復查決定-函洪俊良93信託營利所得-實質課稅-核課期間.doc" 轉換至 "D:\NTAKWeb\NTAK_DDQS\Exec\ConvertArea\復查決定-函洪俊良93信託營利所得-實質課稅-核課期間.doc.txt" 時發生錯誤, 原因: Variant does not reference an automation object
[20141106-104525 WordFileConvertSrv.exe] ERR> 轉檔作業失敗. 從 "D:\NTAKWeb\NTAK_DDQS\Exec\Manager\FileStore\日月光電子100年度營所稅復查決定書.doc" 轉換至 "D:\NTAKWeb\NTAK_DDQS\Exec\ConvertArea\日月光電子100年度營所稅復查決定書.doc.txt" 時發生錯誤, 原因: Variant does not reference an automation object
[20141106-104525 WordFileConvertSrv.exe] ERR> 轉檔作業失敗. 從 "D:\NTAKWeb\NTAK_DDQS\Exec\Manager\FileStore\李淑&#32137;決定書.doc" 轉換至 "D:\NTAKWeb\NTAK_DDQS\Exec\ConvertArea\李淑&#32137;決定書.doc.txt" 時發生錯誤, 原因: Variant does not reference an automation object
[20141106-104525 WordFileConvertSrv.exe] ERR> 轉檔作業失敗. 從 "D:\NTAKWeb\NTAK_DDQS\Exec\Manager\FileStore\李清 復查決定書.doc.doc" 轉換至 "D:\NTAKWeb\NTAK_DDQS\Exec\ConvertArea\李清 復查決定書.doc.doc.txt" 時發生錯誤, 原因: Variant does not reference an automation object
[20141106-104525 WordFileConvertSrv.exe] ERR> 轉檔作業失敗. 從 "D:\NTAKWeb\NTAK_DDQS\Exec\Manager\FileStore\李清&#23791;復查決定書.doc" 轉換至 "D:\NTAKWeb\NTAK_DDQS\Exec\ConvertArea\李清&#23791;復查決定書.doc.txt" 時發生錯誤, 原因: Variant does not reference an automation object
[20141106-104525 WordFileConvertSrv.exe] ERR> 轉檔作業失敗. 從 "D:\NTAKWeb\NTAK_DDQS\Exec\Manager\FileStore\林&#37979;宏決定書.doc" 轉換至 "D:\NTAKWeb\NTAK_DDQS\Exec\ConvertArea\林&#37979;宏決定書.doc.txt" 時發生錯誤, 原因: Variant does not reference an automation object
[20141106-104525 WordFileConvertSrv.exe] ERR> 轉檔作業失敗. 從 "D:\NTAKWeb\NTAK_DDQS\Exec\Manager\FileStore\林奇峰95年度復查報告確定版.doc" 轉換至 "D:\NTAKWeb\NTAK_DDQS\Exec\ConvertArea\林奇峰95年度復查報告確定版.doc.txt" 時發生錯誤, 原因: Variant does not reference an automation object
[20141106-104525 WordFileConvertSrv.exe] ERR> 轉檔作業失敗. 從 "D:\NTAKWeb\NTAK_DDQS\Exec\Manager\FileStore\林宜靜(第09903210號)-94~96年度.doc" 轉換至 "D:\NTAKWeb\NTAK_DDQS\Exec\ConvertArea\林宜靜(第09903210號)-94~96年度.doc.txt" 時發生錯誤, 原因: Variant does not reference an automation object
[20141106-104525 WordFileConvertSrv.exe] ERR> 轉檔作業失敗. 從 "D:\NTAKWeb\NTAK_DDQS\Exec\Manager\FileStore\林茂雄98年度綜合所得稅正本.doc" 轉換至 "D:\NTAKWeb\NTAK_DDQS\Exec\ConvertArea\林茂雄98年度綜合所得稅正本.doc.txt" 時發生錯誤, 原因: Variant does not reference an automation object
[20141106-104525 WordFileConvertSrv.exe] ERR> 轉檔作業失敗. 從 "D:\NTAKWeb\NTAK_DDQS\Exec\Manager\FileStore\林麗俐(第10002578號)-93年度.doc" 轉換至 "D:\NTAKWeb\NTAK_DDQS\Exec\ConvertArea\林麗俐(第10002578號)-93年度.doc.txt" 時發生錯誤, 原因: Variant does not reference an automation object
[20141106-104525 WordFileConvertSrv.exe] ERR> 轉檔作業失敗. 從 "D:\NTAKWeb\NTAK_DDQS\Exec\Manager\FileStore\楊肅泰(第09804135號)-96年度.doc" 轉換至 "D:\NTAKWeb\NTAK_DDQS\Exec\ConvertArea\楊肅泰(第09804135號)-96年度.doc.txt" 時發生錯誤, 原因: Variant does not reference an automation object
[20141106-104525 WordFileConvertSrv.exe] ERR> 轉檔作業失敗. 從 "D:\NTAKWeb\NTAK_DDQS\Exec\Manager\FileStore\歐陽建華(第09902018號)-88年度.doc" 轉換至 "D:\NTAKWeb\NTAK_DDQS\Exec\ConvertArea\歐陽建華(第09902018號)-88年度.doc.txt" 時發生錯誤, 原因: Variant does not reference an automation object
[20141106-104525 WordFileConvertSrv.exe] ERR> 轉檔作業失敗. 從 "D:\NTAKWeb\NTAK_DDQS\Exec\Manager\FileStore\武穎決~1.DOC" 轉換至 "D:\NTAKWeb\NTAK_DDQS\Exec\ConvertArea\武穎決~1.DOC.txt" 時發生錯誤, 原因: Variant does not reference an automation object
[20141106-104525 WordFileConvertSrv.exe] ERR> 轉檔作業失敗. 從 "D:\NTAKWeb\NTAK_DDQS\Exec\Manager\FileStore\潘&#21843;銘100罰鍰-委託他人代為申報-維持.doc" 轉換至 "D:\NTAKWeb\NTAK_DDQS\Exec\ConvertArea\潘&#21843;銘100罰鍰-委託他人代為申報-維持.doc.txt" 時發生錯誤, 原因: Variant does not reference an automation object
[20141106-104525 WordFileConvertSrv.exe] ERR> 轉檔作業失敗. 從 "D:\NTAKWeb\NTAK_DDQS\Exec\Manager\FileStore\王&#28702;苡101年特銷稅罰鍰決定書-函.docx" 轉換至 "D:\NTAKWeb\NTAK_DDQS\Exec\ConvertArea\王&#28702;苡101年特銷稅罰鍰決定書-函.docx.txt" 時發生錯誤, 原因: Variant does not reference an automation object
[20141106-104525 WordFileConvertSrv.exe] ERR> 轉檔作業失敗. 從 "D:\NTAKWeb\NTAK_DDQS\Exec\Manager\FileStore\白美香(第09803188號)-96年度.doc" 轉換至 "D:\NTAKWeb\NTAK_DDQS\Exec\ConvertArea\白美香(第09803188號)-96年度.doc.txt" 時發生錯誤, 原因: Variant does not reference an automation object
[20141106-104525 WordFileConvertSrv.exe] ERR> 轉檔作業失敗. 從 "D:\NTAKWeb\NTAK_DDQS\Exec\Manager\FileStore\蘇宏典(第10001702號)-95年度.doc" 轉換至 "D:\NTAKWeb\NTAK_DDQS\Exec\ConvertArea\蘇宏典(第10001702號)-95年度.doc.txt" 時發生錯誤, 原因: Variant does not reference an automation object
[20141106-104525 WordFileConvertSrv.exe] ERR> 轉檔作業失敗. 從 "D:\NTAKWeb\NTAK_DDQS\Exec\Manager\FileStore\達旺廣告(第09803394號)-95年度.doc" 轉換至 "D:\NTAKWeb\NTAK_DDQS\Exec\ConvertArea\達旺廣告(第09803394號)-95年度.doc.txt" 時發生錯誤, 原因: Variant does not reference an automation object
[20141106-104525 WordFileConvertSrv.exe] ERR> 轉檔作業失敗. 從 "D:\NTAKWeb\NTAK_DDQS\Exec\Manager\FileStore\鍇億國際95營所稅決定書(虛銷8%).doc" 轉換至 "D:\NTAKWeb\NTAK_DDQS\Exec\ConvertArea\鍇億國際95營所稅決定書(虛銷8%).doc.txt" 時發生錯誤, 原因: Variant does not reference an automation object
[20141106-104525 WordFileConvertSrv.exe] ERR> 轉檔作業失敗. 從 "D:\NTAKWeb\NTAK_DDQS\Exec\Manager\FileStore\鍇億國際95營所稅決定書虛銷8%.doc" 轉換至 "D:\NTAKWeb\NTAK_DDQS\Exec\ConvertArea\鍇億國際95營所稅決定書虛銷8%.doc.txt" 時發生錯誤, 原因: Variant does not reference an automation object
[20141106-104525 WordFileConvertSrv.exe] ERR> 轉檔作業失敗. 從 "D:\NTAKWeb\NTAK_DDQS\Exec\Manager\FileStore\陳麗文(第09801332號)-96年度.doc" 轉換至 "D:\NTAKWeb\NTAK_DDQS\Exec\ConvertArea\陳麗文(第09801332號)-96年度.doc.txt" 時發生錯誤, 原因: Variant does not reference an automation object
[20141106-104525 WordFileConvertSrv.exe] ERR> 轉檔作業失敗. 從 "D:\NTAKWeb\NTAK_DDQS\Exec\Manager\FileStore\黃&#28702;瑢復查決定書-海外所得.doc" 轉換至 "D:\NTAKWeb\NTAK_DDQS\Exec\ConvertArea\黃&#28702;瑢復查決定書-海外所得.doc.txt" 時發生錯誤, 原因: Variant does not reference an automation object
[20141106-104525 WordFileConvertSrv.exe] ERR> 轉檔作業失敗. 從 "D:\NTAKWeb\NTAK_DDQS\Exec\Manager\FileStore\黃鳳珠(第09703642號)-95年度.doc" 轉換至 "D:\NTAKWeb\NTAK_DDQS\Exec\ConvertArea\黃鳳珠(第09703642號)-95年度.doc.txt" 時發生錯誤, 原因: Variant does not reference an automation object
[20141106-104525 WordFileConvertSrv.exe] ERR> 轉檔作業失敗. 從 "D:\NTAKWeb\NTAK_DDQS\Exec\Manager\FileStore\&#40644;武穎決定書.doc" 轉換至 "D:\NTAKWeb\NTAK_DDQS\Exec\ConvertArea\&#40644;武穎決定書.doc.txt" 時發生錯誤, 原因: Variant does not reference an automation object
[20141106-104525 WordFileConvertSrv.exe] ERR> 轉檔作業失敗. 從 "D:\NTAKWeb\NTAK_DDQS\Exec\Manager\FileStore\09700128300.doc" 轉換至 "D:\NTAKWeb\NTAK_DDQS\Exec\ConvertArea\09700128300.doc.txt" 時發生錯誤, 原因: Variant does not reference an automation object
[20141106-104525 WordFileConvertSrv.exe] ERR> 轉檔作業失敗. 從 "D:\NTAKWeb\NTAK_DDQS\Exec\Manager\FileStore\09700398060.doc" 轉換至 "D:\NTAKWeb\NTAK_DDQS\Exec\ConvertArea\09700398060.doc.txt" 時發生錯誤, 原因: Variant does not reference an automation object
[20141106-104525 WordFileConvertSrv.exe] ERR> 轉檔作業失敗. 從 "D:\NTAKWeb\NTAK_DDQS\Exec\Manager\FileStore\1-1020924洪瑞&#23791;君96年度復查決定書-函.doc" 轉換至 "D:\NTAKWeb\NTAK_DDQS\Exec\ConvertArea\1-1020924洪瑞&#23791;君96年度復查決定書-函.doc.txt" 時發生錯誤, 原因: Variant does not reference an automation object
[20141106-104525 WordFileConvertSrv.exe] ERR> 轉檔作業失敗. 從 "D:\NTAKWeb\NTAK_DDQS\Exec\Manager\FileStore\100-2-21鍾泰營造有限公司營業稅罰鍰(復查決定書-重繕(發文).doc" 轉換至 "D:\NTAKWeb\NTAK_DDQS\Exec\ConvertArea\100-2-21鍾泰營造有限公司營業稅罰鍰(復查決定書-重繕(發文).doc.txt" 時發生錯誤, 原因: Variant does not reference an automation object
[20141106-104525 WordFileConvertSrv.exe] ERR> 轉檔作業失敗. 從 "D:\NTAKWeb\NTAK_DDQS\Exec\Manager\FileStore\100年度判字第1949號.doc" 轉換至 "D:\NTAKWeb\NTAK_DDQS\Exec\ConvertArea\100年度判字第1949號.doc.txt" 時發生錯誤, 原因: Variant does not reference an automation object
[20141106-104525 WordFileConvertSrv.exe] ERR> 轉檔作業失敗. 從 "D:\NTAKWeb\NTAK_DDQS\Exec\Manager\FileStore\100年度復查決定書稿發文.doc" 轉換至 "D:\NTAKWeb\NTAK_DDQS\Exec\ConvertArea\100年度復查決定書稿發文.doc.txt" 時發生錯誤, 原因: Variant does not reference an automation object
[20141106-104525 WordFileConvertSrv.exe] ERR> 轉檔作業失敗. 從 "D:\NTAKWeb\NTAK_DDQS\Exec\Manager\FileStore\100年度訴字第444號.doc" 轉換至 "D:\NTAKWeb\NTAK_DDQS\Exec\ConvertArea\100年度訴字第444號.doc.txt" 時發生錯誤, 原因: Variant does not reference an automation object
[20141106-104525 WordFileConvertSrv.exe] ERR> 轉檔作業失敗. 從 "D:\NTAKWeb\NTAK_DDQS\Exec\Manager\FileStore\102.4.29-陳&#28913;泰(陳吳芬釵)100年度綜所稅復查決定書.doc" 轉換至 "D:\NTAKWeb\NTAK_DDQS\Exec\ConvertArea\102.4.29-陳&#28913;泰(陳吳芬釵)100年度綜所稅復查決定書.doc.txt" 時發生錯誤, 原因: Variant does not reference an automation object
[20141106-104525 WordFileConvertSrv.exe] ERR> 轉檔作業失敗. 從 "D:\NTAKWeb\NTAK_DDQS\Exec\Manager\FileStore\10201614.doc" 轉換至 "D:\NTAKWeb\NTAK_DDQS\Exec\ConvertArea\10201614.doc.txt" 時發生錯誤, 原因: Variant does not reference an automation object
[20141106-104525 WordFileConvertSrv.exe] ERR> 轉檔作業失敗. 從 "D:\NTAKWeb\NTAK_DDQS\Exec\Manager\FileStore\1020716張孟信99年度綜所稅復查決定書(復查會決議修正).doc" 轉換至 "D:\NTAKWeb\NTAK_DDQS\Exec\ConvertArea\1020716張孟信99年度綜所稅復查決定書(復查會決議修正).doc.txt" 時發生錯誤, 原因: Variant does not reference an automation object
[20141106-104525 WordFileConvertSrv.exe] ERR> 轉檔作業失敗. 從 "D:\NTAKWeb\NTAK_DDQS\Exec\Manager\FileStore\1021030黃振銘君99年度綜所稅復查決定書.doc" 轉換至 "D:\NTAKWeb\NTAK_DDQS\Exec\ConvertArea\1021030黃振銘君99年度綜所稅復查決定書.doc.txt" 時發生錯誤, 原因: Variant does not reference an automation object
[20141106-104525 WordFileConvertSrv.exe] ERR> 轉檔作業失敗. 從 "D:\NTAKWeb\NTAK_DDQS\Exec\Manager\FileStore\103.06.23發文-黃小芳101年綜所稅決定書稿.doc" 轉換至 "D:\NTAKWeb\NTAK_DDQS\Exec\ConvertArea\103.06.23發文-黃小芳101年綜所稅決定書稿.doc.txt" 時發生錯誤, 原因: Variant does not reference an automation object
[20141106-104525 WordFileConvertSrv.exe] ERR> 轉檔作業失敗. 從 "D:\NTAKWeb\NTAK_DDQS\Exec\Manager\FileStore\103.4.25發文-陳振昌100年綜所稅決定書(罰鍰).doc" 轉換至 "D:\NTAKWeb\NTAK_DDQS\Exec\ConvertArea\103.4.25發文-陳振昌100年綜所稅決定書(罰鍰).doc.txt" 時發生錯誤, 原因: Variant does not reference an automation object
[20141106-104525 WordFileConvertSrv.exe] ERR> 轉檔作業失敗. 從 "D:\NTAKWeb\NTAK_DDQS\Exec\Manager\FileStore\10300120.doc" 轉換至 "D:\NTAKWeb\NTAK_DDQS\Exec\ConvertArea\10300120.doc.txt" 時發生錯誤, 原因: Variant does not reference an automation object
[20141106-104525 WordFileConvertSrv.exe] ERR> 轉檔作業失敗. 從 "D:\NTAKWeb\NTAK_DDQS\Exec\Manager\FileStore\1030912江昌101營所稅(漏報其他收入) 罰鍰復查決定書(發文).doc" 轉換至 "D:\NTAKWeb\NTAK_DDQS\Exec\ConvertArea\1030912江昌101營所稅(漏報其他收入) 罰鍰復查決定書(發文).doc.txt" 時發生錯誤, 原因: Variant does not reference an automation object
[20141106-104525 WordFileConvertSrv.exe] ERR> 轉檔作業失敗. 從 "D:\NTAKWeb\NTAK_DDQS\Exec\Manager\FileStore\95年度訴字第160號(2).doc" 轉換至 "D:\NTAKWeb\NTAK_DDQS\Exec\ConvertArea\95年度訴字第160號(2).doc.txt" 時發生錯誤, 原因: Variant does not reference an automation object
[20141106-104525 WordFileConvertSrv.exe] ERR> 轉檔作業失敗. 從 "D:\NTAKWeb\NTAK_DDQS\Exec\Manager\FileStore\98年度再字第37號.doc" 轉換至 "D:\NTAKWeb\NTAK_DDQS\Exec\ConvertArea\98年度再字第37號.doc.txt" 時發生錯誤, 原因: Variant does not reference an automation object
[20141106-104525 WordFileConvertSrv.exe] ERR> 轉檔作業失敗. 從 "D:\NTAKWeb\NTAK_DDQS\Exec\Manager\FileStore\98年度簡再字第13號(2).doc" 轉換至 "D:\NTAKWeb\NTAK_DDQS\Exec\ConvertArea\98年度簡再字第13號(2).doc.txt" 時發生錯誤, 原因: Variant does not reference an automation object
[20141106-104525 WordFileConvertSrv.exe] ERR> 轉檔作業失敗. 從 "D:\NTAKWeb\NTAK_DDQS\Exec\Manager\FileStore\99年度簡再字第9號.doc" 轉換至 "D:\NTAKWeb\NTAK_DDQS\Exec\ConvertArea\99年度簡再字第9號.doc.txt" 時發生錯誤, 原因: Variant does not reference an automation object
[20141106-104525 WordFileConvertSrv.exe] ERR> 轉檔作業失敗. 從 "D:\NTAKWeb\NTAK_DDQS\Exec\Manager\FileStore\IE8302100730陳景生101本稅-短報5%－更正後.doc" 轉換至 "D:\NTAKWeb\NTAK_DDQS\Exec\ConvertArea\IE8302100730陳景生101本稅-短報5%－更正後.doc.txt" 時發生錯誤, 原因: Variant does not reference an automation object
[20141106-104525 WordFileConvertSrv.exe] ERR> 轉檔作業失敗. 從 "D:\NTAKWeb\NTAK_DDQS\Exec\Manager\FileStore\JVP-LST.doc" 轉換至 "D:\NTAKWeb\NTAK_DDQS\Exec\ConvertArea\JVP-LST.doc.txt" 時發生錯誤, 原因: Variant does not reference an automation object
[20141106-104525 WordFileConvertSrv.exe] ERR> 轉檔作業失敗. 從 "D:\NTAKWeb\NTAK_DDQS\Exec\Manager\FileStore\NE0402400815邱翠蓮99罰鍰-未據實申報扣繳憑單20%-維持.doc" 轉換至 "D:\NTAKWeb\NTAK_DDQS\Exec\ConvertArea\NE0402400815邱翠蓮99罰鍰-未據實申報扣繳憑單20%-維持.doc.txt" 時發生錯誤, 原因: Variant does not reference an automation object
[20141106-104525 WordFileConvertSrv.exe] ERR> 轉檔作業失敗. 從 "D:\NTAKWeb\NTAK_DDQS\Exec\Manager\FileStore\NE0403100144章一民101年復查決定書-稿.doc" 轉換至 "D:\NTAKWeb\NTAK_DDQS\Exec\ConvertArea\NE0403100144章一民101年復查決定書-稿.doc.txt" 時發生錯誤, 原因: Variant does not reference an automation object
[20141106-104525 WordFileConvertSrv.exe] ERR> 轉檔作業失敗. 從 "D:\NTAKWeb\NTAK_DDQS\Exec\Manager\FileStore\NE8302100123莊全勝100免稅額-追減-核定.doc" 轉換至 "D:\NTAKWeb\NTAK_DDQS\Exec\ConvertArea\NE8302100123莊全勝100免稅額-追減-核定.doc.txt" 時發生錯誤, 原因: Variant does not reference an automation object
[20141106-104525 WordFileConvertSrv.exe] ERR> 轉檔作業失敗. 從 "D:\NTAKWeb\NTAK_DDQS\Exec\Manager\FileStore\NE8302400498潘&#21843;銘100罰鍰-委託他人代為申報-維持.doc" 轉換至 "D:\NTAKWeb\NTAK_DDQS\Exec\ConvertArea\NE8302400498潘&#21843;銘100罰鍰-委託他人代為申報-維持.doc.txt" 時發生錯誤, 原因: Variant does not reference an automation object
[20141106-104525 WordFileConvertSrv.exe] ERR> 轉檔作業失敗. 從 "D:\NTAKWeb\NTAK_DDQS\Exec\Manager\FileStore\何海鷗101虛列免稅額決定書(本+罰)正本.doc" 轉換至 "D:\NTAKWeb\NTAK_DDQS\Exec\ConvertArea\何海鷗101虛列免稅額決定書(本+罰)正本.doc.txt" 時發生錯誤, 原因: Variant does not reference an automation object
[20141106-104525 WordFileConvertSrv.exe] ERR> 轉檔作業失敗. 從 "D:\NTAKWeb\NTAK_DDQS\Exec\Manager\FileStore\佳勝營造(第09903392號)-94年度.doc" 轉換至 "D:\NTAKWeb\NTAK_DDQS\Exec\ConvertArea\佳勝營造(第09903392號)-94年度.doc.txt" 時發生錯誤, 原因: Variant does not reference an automation object
[20141106-104525 WordFileConvertSrv.exe] ERR> 轉檔作業失敗. 從 "D:\NTAKWeb\NTAK_DDQS\Exec\Manager\FileStore\北方之星(第09800030號)-89年度.doc" 轉換至 "D:\NTAKWeb\NTAK_DDQS\Exec\ConvertArea\北方之星(第09800030號)-89年度.doc.txt" 時發生錯誤, 原因: Variant does not reference an automation object
[20141106-104525 WordFileConvertSrv.exe] ERR> 轉檔作業失敗. 從 "D:\NTAKWeb\NTAK_DDQS\Exec\Manager\FileStore\呂冠霖(第09704361~09704365號)-91~95年度.doc" 轉換至 "D:\NTAKWeb\NTAK_DDQS\Exec\ConvertArea\呂冠霖(第09704361~09704365號)-91~95年度.doc.txt" 時發生錯誤, 原因: Variant does not reference an automation object
[20141106-104525 WordFileConvertSrv.exe] ERR> 轉檔作業失敗. 從 "D:\NTAKWeb\NTAK_DDQS\Exec\Manager\FileStore\周王金珍(第09800157號)-94年度.doc" 轉換至 "D:\NTAKWeb\NTAK_DDQS\Exec\ConvertArea\周王金珍(第09800157號)-94年度.doc.txt" 時發生錯誤, 原因: Variant does not reference an automation object
[20141106-104525 WordFileConvertSrv.exe] ERR> 轉檔作業失敗. 從 "D:\NTAKWeb\NTAK_DDQS\Exec\Manager\FileStore\廖東建(第10001282號)-98年度.doc" 轉換至 "D:\NTAKWeb\NTAK_DDQS\Exec\ConvertArea\廖東建(第10001282號)-98年度.doc.txt" 時發生錯誤, 原因: Variant does not reference an automation object
[20141106-104525 WordFileConvertSrv.exe] ERR> 轉檔作業失敗. 從 "D:\NTAKWeb\NTAK_DDQS\Exec\Manager\FileStore\廣建95營所稅決定書(虛銷8%).doc" 轉換至 "D:\NTAKWeb\NTAK_DDQS\Exec\ConvertArea\廣建95營所稅決定書(虛銷8%).doc.txt" 時發生錯誤, 原因: Variant does not reference an automation object
[20141106-104525 WordFileConvertSrv.exe] ERR> 轉檔作業失敗. 從 "D:\NTAKWeb\NTAK_DDQS\Exec\Manager\FileStore\彭宴祥(第09801703號)-96年度.doc" 轉換至 "D:\NTAKWeb\NTAK_DDQS\Exec\ConvertArea\彭宴祥(第09801703號)-96年度.doc.txt" 時發生錯誤, 原因: Variant does not reference an automation object
[20141106-104525 WordFileConvertSrv.exe] ERR> 轉檔作業失敗. 從 "D:\NTAKWeb\NTAK_DDQS\Exec\Manager\FileStore\復查決定-函洪俊良93信託營利所得-實質課稅-核課期間.doc" 轉換至 "D:\NTAKWeb\NTAK_DDQS\Exec\ConvertArea\復查決定-函洪俊良93信託營利所得-實質課稅-核課期間.doc.txt" 時發生錯誤, 原因: Variant does not reference an automation object
[20141106-104525 WordFileConvertSrv.exe] ERR> 轉檔作業失敗. 從 "D:\NTAKWeb\NTAK_DDQS\Exec\Manager\FileStore\日月光電子100年度營所稅復查決定書.doc" 轉換至 "D:\NTAKWeb\NTAK_DDQS\Exec\ConvertArea\日月光電子100年度營所稅復查決定書.doc.txt" 時發生錯誤, 原因: Variant does not reference an automation object
[20141106-104525 WordFileConvertSrv.exe] ERR> 轉檔作業失敗. 從 "D:\NTAKWeb\NTAK_DDQS\Exec\Manager\FileStore\李淑&#32137;決定書.doc" 轉換至 "D:\NTAKWeb\NTAK_DDQS\Exec\ConvertArea\李淑&#32137;決定書.doc.txt" 時發生錯誤, 原因: Variant does not reference an automation object
[20141106-104525 WordFileConvertSrv.exe] ERR> 轉檔作業失敗. 從 "D:\NTAKWeb\NTAK_DDQS\Exec\Manager\FileStore\李清 復查決定書.doc.doc" 轉換至 "D:\NTAKWeb\NTAK_DDQS\Exec\ConvertArea\李清 復查決定書.doc.doc.txt" 時發生錯誤, 原因: Variant does not reference an automation object
[20141106-104525 WordFileConvertSrv.exe] ERR> 轉檔作業失敗. 從 "D:\NTAKWeb\NTAK_DDQS\Exec\Manager\FileStore\李清&#23791;復查決定書.doc" 轉換至 "D:\NTAKWeb\NTAK_DDQS\Exec\ConvertArea\李清&#23791;復查決定書.doc.txt" 時發生錯誤, 原因: Variant does not reference an automation object
[20141106-104525 WordFileConvertSrv.exe] ERR> 轉檔作業失敗. 從 "D:\NTAKWeb\NTAK_DDQS\Exec\Manager\FileStore\林&#37979;宏決定書.doc" 轉換至 "D:\NTAKWeb\NTAK_DDQS\Exec\ConvertArea\林&#37979;宏決定書.doc.txt" 時發生錯誤, 原因: Variant does not reference an automation object
[20141106-104525 WordFileConvertSrv.exe] ERR> 轉檔作業失敗. 從 "D:\NTAKWeb\NTAK_DDQS\Exec\Manager\FileStore\林奇峰95年度復查報告確定版.doc" 轉換至 "D:\NTAKWeb\NTAK_DDQS\Exec\ConvertArea\林奇峰95年度復查報告確定版.doc.txt" 時發生錯誤, 原因: Variant does not reference an automation object
[20141106-104525 WordFileConvertSrv.exe] ERR> 轉檔作業失敗. 從 "D:\NTAKWeb\NTAK_DDQS\Exec\Manager\FileStore\林宜靜(第09903210號)-94~96年度.doc" 轉換至 "D:\NTAKWeb\NTAK_DDQS\Exec\ConvertArea\林宜靜(第09903210號)-94~96年度.doc.txt" 時發生錯誤, 原因: Variant does not reference an automation object
[20141106-104525 WordFileConvertSrv.exe] ERR> 轉檔作業失敗. 從 "D:\NTAKWeb\NTAK_DDQS\Exec\Manager\FileStore\林茂雄98年度綜合所得稅正本.doc" 轉換至 "D:\NTAKWeb\NTAK_DDQS\Exec\ConvertArea\林茂雄98年度綜合所得稅正本.doc.txt" 時發生錯誤, 原因: Variant does not reference an automation object
[20141106-104525 WordFileConvertSrv.exe] ERR> 轉檔作業失敗. 從 "D:\NTAKWeb\NTAK_DDQS\Exec\Manager\FileStore\林麗俐(第10002578號)-93年度.doc" 轉換至 "D:\NTAKWeb\NTAK_DDQS\Exec\ConvertArea\林麗俐(第10002578號)-93年度.doc.txt" 時發生錯誤, 原因: Variant does not reference an automation object
[20141106-104525 WordFileConvertSrv.exe] ERR> 轉檔作業失敗. 從 "D:\NTAKWeb\NTAK_DDQS\Exec\Manager\FileStore\楊肅泰(第09804135號)-96年度.doc" 轉換至 "D:\NTAKWeb\NTAK_DDQS\Exec\ConvertArea\楊肅泰(第09804135號)-96年度.doc.txt" 時發生錯誤, 原因: Variant does not reference an automation object
[20141106-104525 WordFileConvertSrv.exe] ERR> 轉檔作業失敗. 從 "D:\NTAKWeb\NTAK_DDQS\Exec\Manager\FileStore\歐陽建華(第09902018號)-88年度.doc" 轉換至 "D:\NTAKWeb\NTAK_DDQS\Exec\ConvertArea\歐陽建華(第09902018號)-88年度.doc.txt" 時發生錯誤, 原因: Variant does not reference an automation object
[20141106-104525 WordFileConvertSrv.exe] ERR> 轉檔作業失敗. 從 "D:\NTAKWeb\NTAK_DDQS\Exec\Manager\FileStore\武穎決~1.DOC" 轉換至 "D:\NTAKWeb\NTAK_DDQS\Exec\ConvertArea\武穎決~1.DOC.txt" 時發生錯誤, 原因: Variant does not reference an automation object
[20141106-104525 WordFileConvertSrv.exe] ERR> 轉檔作業失敗. 從 "D:\NTAKWeb\NTAK_DDQS\Exec\Manager\FileStore\潘&#21843;銘100罰鍰-委託他人代為申報-維持.doc" 轉換至 "D:\NTAKWeb\NTAK_DDQS\Exec\ConvertArea\潘&#21843;銘100罰鍰-委託他人代為申報-維持.doc.txt" 時發生錯誤, 原因: Variant does not reference an automation object
[20141106-104525 WordFileConvertSrv.exe] ERR> 轉檔作業失敗. 從 "D:\NTAKWeb\NTAK_DDQS\Exec\Manager\FileStore\王&#28702;苡101年特銷稅罰鍰決定書-函.docx" 轉換至 "D:\NTAKWeb\NTAK_DDQS\Exec\ConvertArea\王&#28702;苡101年特銷稅罰鍰決定書-函.docx.txt" 時發生錯誤, 原因: Variant does not reference an automation object
[20141106-104525 WordFileConvertSrv.exe] ERR> 轉檔作業失敗. 從 "D:\NTAKWeb\NTAK_DDQS\Exec\Manager\FileStore\白美香(第09803188號)-96年度.doc" 轉換至 "D:\NTAKWeb\NTAK_DDQS\Exec\ConvertArea\白美香(第09803188號)-96年度.doc.txt" 時發生錯誤, 原因: Variant does not reference an automation object
[20141106-104525 WordFileConvertSrv.exe] ERR> 轉檔作業失敗. 從 "D:\NTAKWeb\NTAK_DDQS\Exec\Manager\FileStore\蘇宏典(第10001702號)-95年度.doc" 轉換至 "D:\NTAKWeb\NTAK_DDQS\Exec\ConvertArea\蘇宏典(第10001702號)-95年度.doc.txt" 時發生錯誤, 原因: Variant does not reference an automation object
[20141106-104525 WordFileConvertSrv.exe] ERR> 轉檔作業失敗. 從 "D:\NTAKWeb\NTAK_DDQS\Exec\Manager\FileStore\達旺廣告(第09803394號)-95年度.doc" 轉換至 "D:\NTAKWeb\NTAK_DDQS\Exec\ConvertArea\達旺廣告(第09803394號)-95年度.doc.txt" 時發生錯誤, 原因: Variant does not reference an automation object
[20141106-104525 WordFileConvertSrv.exe] ERR> 轉檔作業失敗. 從 "D:\NTAKWeb\NTAK_DDQS\Exec\Manager\FileStore\鍇億國際95營所稅決定書(虛銷8%).doc" 轉換至 "D:\NTAKWeb\NTAK_DDQS\Exec\ConvertArea\鍇億國際95營所稅決定書(虛銷8%).doc.txt" 時發生錯誤, 原因: Variant does not reference an automation object
[20141106-104525 WordFileConvertSrv.exe] ERR> 轉檔作業失敗. 從 "D:\NTAKWeb\NTAK_DDQS\Exec\Manager\FileStore\鍇億國際95營所稅決定書虛銷8%.doc" 轉換至 "D:\NTAKWeb\NTAK_DDQS\Exec\ConvertArea\鍇億國際95營所稅決定書虛銷8%.doc.txt" 時發生錯誤, 原因: Variant does not reference an automation object
[20141106-104525 WordFileConvertSrv.exe] ERR> 轉檔作業失敗. 從 "D:\NTAKWeb\NTAK_DDQS\Exec\Manager\FileStore\陳麗文(第09801332號)-96年度.doc" 轉換至 "D:\NTAKWeb\NTAK_DDQS\Exec\ConvertArea\陳麗文(第09801332號)-96年度.doc.txt" 時發生錯誤, 原因: Variant does not reference an automation object
[20141106-104525 WordFileConvertSrv.exe] ERR> 轉檔作業失敗. 從 "D:\NTAKWeb\NTAK_DDQS\Exec\Manager\FileStore\黃&#28702;瑢復查決定書-海外所得.doc" 轉換至 "D:\NTAKWeb\NTAK_DDQS\Exec\ConvertArea\黃&#28702;瑢復查決定書-海外所得.doc.txt" 時發生錯誤, 原因: Variant does not reference an automation object
[20141106-104525 WordFileConvertSrv.exe] ERR> 轉檔作業失敗. 從 "D:\NTAKWeb\NTAK_DDQS\Exec\Manager\FileStore\黃鳳珠(第09703642號)-95年度.doc" 轉換至 "D:\NTAKWeb\NTAK_DDQS\Exec\ConvertArea\黃鳳珠(第09703642號)-95年度.doc.txt" 時發生錯誤, 原因: Variant does not reference an automation object
[20141107-085716 WordFileConvertSrv.exe] ERR> 轉檔作業失敗. 從 "D:\NTAKWeb\NTAK_DDQS\Exec\Manager\FileStore\&#40644;武穎決定書.doc" 轉換至 "D:\NTAKWeb\NTAK_DDQS\Exec\ConvertArea\&#40644;武穎決定書.doc.txt" 時發生錯誤, 原因: Variant does not reference an automation object
[20141107-085716 WordFileConvertSrv.exe] ERR> 轉檔作業失敗. 從 "D:\NTAKWeb\NTAK_DDQS\Exec\Manager\FileStore\09700128300.doc" 轉換至 "D:\NTAKWeb\NTAK_DDQS\Exec\ConvertArea\09700128300.doc.txt" 時發生錯誤, 原因: Variant does not reference an automation object
[20141107-085716 WordFileConvertSrv.exe] ERR> 轉檔作業失敗. 從 "D:\NTAKWeb\NTAK_DDQS\Exec\Manager\FileStore\09700398060.doc" 轉換至 "D:\NTAKWeb\NTAK_DDQS\Exec\ConvertArea\09700398060.doc.txt" 時發生錯誤, 原因: Variant does not reference an automation object
[20141107-085716 WordFileConvertSrv.exe] ERR> 轉檔作業失敗. 從 "D:\NTAKWeb\NTAK_DDQS\Exec\Manager\FileStore\1-1020924洪瑞&#23791;君96年度復查決定書-函.doc" 轉換至 "D:\NTAKWeb\NTAK_DDQS\Exec\ConvertArea\1-1020924洪瑞&#23791;君96年度復查決定書-函.doc.txt" 時發生錯誤, 原因: Variant does not reference an automation object
[20141107-085716 WordFileConvertSrv.exe] ERR> 轉檔作業失敗. 從 "D:\NTAKWeb\NTAK_DDQS\Exec\Manager\FileStore\100-2-21鍾泰營造有限公司營業稅罰鍰(復查決定書-重繕(發文).doc" 轉換至 "D:\NTAKWeb\NTAK_DDQS\Exec\ConvertArea\100-2-21鍾泰營造有限公司營業稅罰鍰(復查決定書-重繕(發文).doc.txt" 時發生錯誤, 原因: Variant does not reference an automation object
[20141107-085716 WordFileConvertSrv.exe] ERR> 轉檔作業失敗. 從 "D:\NTAKWeb\NTAK_DDQS\Exec\Manager\FileStore\100年度判字第1949號.doc" 轉換至 "D:\NTAKWeb\NTAK_DDQS\Exec\ConvertArea\100年度判字第1949號.doc.txt" 時發生錯誤, 原因: Variant does not reference an automation object
[20141107-085716 WordFileConvertSrv.exe] ERR> 轉檔作業失敗. 從 "D:\NTAKWeb\NTAK_DDQS\Exec\Manager\FileStore\100年度復查決定書稿發文.doc" 轉換至 "D:\NTAKWeb\NTAK_DDQS\Exec\ConvertArea\100年度復查決定書稿發文.doc.txt" 時發生錯誤, 原因: Variant does not reference an automation object
[20141107-085716 WordFileConvertSrv.exe] ERR> 轉檔作業失敗. 從 "D:\NTAKWeb\NTAK_DDQS\Exec\Manager\FileStore\100年度訴字第444號.doc" 轉換至 "D:\NTAKWeb\NTAK_DDQS\Exec\ConvertArea\100年度訴字第444號.doc.txt" 時發生錯誤, 原因: Variant does not reference an automation object
[20141107-085716 WordFileConvertSrv.exe] ERR> 轉檔作業失敗. 從 "D:\NTAKWeb\NTAK_DDQS\Exec\Manager\FileStore\102.4.29-陳&#28913;泰(陳吳芬釵)100年度綜所稅復查決定書.doc" 轉換至 "D:\NTAKWeb\NTAK_DDQS\Exec\ConvertArea\102.4.29-陳&#28913;泰(陳吳芬釵)100年度綜所稅復查決定書.doc.txt" 時發生錯誤, 原因: Variant does not reference an automation object
[20141107-085716 WordFileConvertSrv.exe] ERR> 轉檔作業失敗. 從 "D:\NTAKWeb\NTAK_DDQS\Exec\Manager\FileStore\10201614.doc" 轉換至 "D:\NTAKWeb\NTAK_DDQS\Exec\ConvertArea\10201614.doc.txt" 時發生錯誤, 原因: Variant does not reference an automation object
[20141107-085716 WordFileConvertSrv.exe] ERR> 轉檔作業失敗. 從 "D:\NTAKWeb\NTAK_DDQS\Exec\Manager\FileStore\1020716張孟信99年度綜所稅復查決定書(復查會決議修正).doc" 轉換至 "D:\NTAKWeb\NTAK_DDQS\Exec\ConvertArea\1020716張孟信99年度綜所稅復查決定書(復查會決議修正).doc.txt" 時發生錯誤, 原因: Variant does not reference an automation object
[20141107-085716 WordFileConvertSrv.exe] ERR> 轉檔作業失敗. 從 "D:\NTAKWeb\NTAK_DDQS\Exec\Manager\FileStore\1021030黃振銘君99年度綜所稅復查決定書.doc" 轉換至 "D:\NTAKWeb\NTAK_DDQS\Exec\ConvertArea\1021030黃振銘君99年度綜所稅復查決定書.doc.txt" 時發生錯誤, 原因: Variant does not reference an automation object
[20141107-085716 WordFileConvertSrv.exe] ERR> 轉檔作業失敗. 從 "D:\NTAKWeb\NTAK_DDQS\Exec\Manager\FileStore\103.06.23發文-黃小芳101年綜所稅決定書稿.doc" 轉換至 "D:\NTAKWeb\NTAK_DDQS\Exec\ConvertArea\103.06.23發文-黃小芳101年綜所稅決定書稿.doc.txt" 時發生錯誤, 原因: Variant does not reference an automation object
[20141107-085716 WordFileConvertSrv.exe] ERR> 轉檔作業失敗. 從 "D:\NTAKWeb\NTAK_DDQS\Exec\Manager\FileStore\103.4.25發文-陳振昌100年綜所稅決定書(罰鍰).doc" 轉換至 "D:\NTAKWeb\NTAK_DDQS\Exec\ConvertArea\103.4.25發文-陳振昌100年綜所稅決定書(罰鍰).doc.txt" 時發生錯誤, 原因: Variant does not reference an automation object
[20141107-085716 WordFileConvertSrv.exe] ERR> 轉檔作業失敗. 從 "D:\NTAKWeb\NTAK_DDQS\Exec\Manager\FileStore\10300120.doc" 轉換至 "D:\NTAKWeb\NTAK_DDQS\Exec\ConvertArea\10300120.doc.txt" 時發生錯誤, 原因: Variant does not reference an automation object
[20141107-085716 WordFileConvertSrv.exe] ERR> 轉檔作業失敗. 從 "D:\NTAKWeb\NTAK_DDQS\Exec\Manager\FileStore\1030912江昌101營所稅(漏報其他收入) 罰鍰復查決定書(發文).doc" 轉換至 "D:\NTAKWeb\NTAK_DDQS\Exec\ConvertArea\1030912江昌101營所稅(漏報其他收入) 罰鍰復查決定書(發文).doc.txt" 時發生錯誤, 原因: Variant does not reference an automation object
[20141107-085716 WordFileConvertSrv.exe] ERR> 轉檔作業失敗. 從 "D:\NTAKWeb\NTAK_DDQS\Exec\Manager\FileStore\95年度訴字第160號(2).doc" 轉換至 "D:\NTAKWeb\NTAK_DDQS\Exec\ConvertArea\95年度訴字第160號(2).doc.txt" 時發生錯誤, 原因: Variant does not reference an automation object
[20141107-085716 WordFileConvertSrv.exe] ERR> 轉檔作業失敗. 從 "D:\NTAKWeb\NTAK_DDQS\Exec\Manager\FileStore\98年度再字第37號.doc" 轉換至 "D:\NTAKWeb\NTAK_DDQS\Exec\ConvertArea\98年度再字第37號.doc.txt" 時發生錯誤, 原因: Variant does not reference an automation object
[20141107-085716 WordFileConvertSrv.exe] ERR> 轉檔作業失敗. 從 "D:\NTAKWeb\NTAK_DDQS\Exec\Manager\FileStore\98年度簡再字第13號(2).doc" 轉換至 "D:\NTAKWeb\NTAK_DDQS\Exec\ConvertArea\98年度簡再字第13號(2).doc.txt" 時發生錯誤, 原因: Variant does not reference an automation object
[20141107-085716 WordFileConvertSrv.exe] ERR> 轉檔作業失敗. 從 "D:\NTAKWeb\NTAK_DDQS\Exec\Manager\FileStore\99年度簡再字第9號.doc" 轉換至 "D:\NTAKWeb\NTAK_DDQS\Exec\ConvertArea\99年度簡再字第9號.doc.txt" 時發生錯誤, 原因: Variant does not reference an automation object
[20141107-085716 WordFileConvertSrv.exe] ERR> 轉檔作業失敗. 從 "D:\NTAKWeb\NTAK_DDQS\Exec\Manager\FileStore\IE8302100730陳景生101本稅-短報5%－更正後.doc" 轉換至 "D:\NTAKWeb\NTAK_DDQS\Exec\ConvertArea\IE8302100730陳景生101本稅-短報5%－更正後.doc.txt" 時發生錯誤, 原因: Variant does not reference an automation object
[20141107-085716 WordFileConvertSrv.exe] ERR> 轉檔作業失敗. 從 "D:\NTAKWeb\NTAK_DDQS\Exec\Manager\FileStore\JVP-LST.doc" 轉換至 "D:\NTAKWeb\NTAK_DDQS\Exec\ConvertArea\JVP-LST.doc.txt" 時發生錯誤, 原因: Variant does not reference an automation object
[20141107-085716 WordFileConvertSrv.exe] ERR> 轉檔作業失敗. 從 "D:\NTAKWeb\NTAK_DDQS\Exec\Manager\FileStore\NE0402400815邱翠蓮99罰鍰-未據實申報扣繳憑單20%-維持.doc" 轉換至 "D:\NTAKWeb\NTAK_DDQS\Exec\ConvertArea\NE0402400815邱翠蓮99罰鍰-未據實申報扣繳憑單20%-維持.doc.txt" 時發生錯誤, 原因: Variant does not reference an automation object
[20141107-085716 WordFileConvertSrv.exe] ERR> 轉檔作業失敗. 從 "D:\NTAKWeb\NTAK_DDQS\Exec\Manager\FileStore\NE0403100144章一民101年復查決定書-稿.doc" 轉換至 "D:\NTAKWeb\NTAK_DDQS\Exec\ConvertArea\NE0403100144章一民101年復查決定書-稿.doc.txt" 時發生錯誤, 原因: Variant does not reference an automation object
[20141107-085716 WordFileConvertSrv.exe] ERR> 轉檔作業失敗. 從 "D:\NTAKWeb\NTAK_DDQS\Exec\Manager\FileStore\NE0403100411、412鄭穎淇復查決定書OK.doc" 轉換至 "D:\NTAKWeb\NTAK_DDQS\Exec\ConvertArea\NE0403100411、412鄭穎淇復查決定書OK.doc.txt" 時發生錯誤, 原因: Variant does not reference an automation object
[20141107-085716 WordFileConvertSrv.exe] ERR> 轉檔作業失敗. 從 "D:\NTAKWeb\NTAK_DDQS\Exec\Manager\FileStore\NE8302100123莊全勝100免稅額-追減-核定.doc" 轉換至 "D:\NTAKWeb\NTAK_DDQS\Exec\ConvertArea\NE8302100123莊全勝100免稅額-追減-核定.doc.txt" 時發生錯誤, 原因: Variant does not reference an automation object
[20141107-085716 WordFileConvertSrv.exe] ERR> 轉檔作業失敗. 從 "D:\NTAKWeb\NTAK_DDQS\Exec\Manager\FileStore\NE8302400498潘&#21843;銘100罰鍰-委託他人代為申報-維持.doc" 轉換至 "D:\NTAKWeb\NTAK_DDQS\Exec\ConvertArea\NE8302400498潘&#21843;銘100罰鍰-委託他人代為申報-維持.doc.txt" 時發生錯誤, 原因: Variant does not reference an automation object
[20141107-085716 WordFileConvertSrv.exe] ERR> 轉檔作業失敗. 從 "D:\NTAKWeb\NTAK_DDQS\Exec\Manager\FileStore\何海鷗101虛列免稅額決定書(本+罰)正本.doc" 轉換至 "D:\NTAKWeb\NTAK_DDQS\Exec\ConvertArea\何海鷗101虛列免稅額決定書(本+罰)正本.doc.txt" 時發生錯誤, 原因: Variant does not reference an automation object
[20141107-085716 WordFileConvertSrv.exe] ERR> 轉檔作業失敗. 從 "D:\NTAKWeb\NTAK_DDQS\Exec\Manager\FileStore\佳勝營造(第09903392號)-94年度.doc" 轉換至 "D:\NTAKWeb\NTAK_DDQS\Exec\ConvertArea\佳勝營造(第09903392號)-94年度.doc.txt" 時發生錯誤, 原因: Variant does not reference an automation object
[20141107-085716 WordFileConvertSrv.exe] ERR> 轉檔作業失敗. 從 "D:\NTAKWeb\NTAK_DDQS\Exec\Manager\FileStore\北方之星(第09800030號)-89年度.doc" 轉換至 "D:\NTAKWeb\NTAK_DDQS\Exec\ConvertArea\北方之星(第09800030號)-89年度.doc.txt" 時發生錯誤, 原因: Variant does not reference an automation object
[20141107-085716 WordFileConvertSrv.exe] ERR> 轉檔作業失敗. 從 "D:\NTAKWeb\NTAK_DDQS\Exec\Manager\FileStore\呂冠霖(第09704361~09704365號)-91~95年度.doc" 轉換至 "D:\NTAKWeb\NTAK_DDQS\Exec\ConvertArea\呂冠霖(第09704361~09704365號)-91~95年度.doc.txt" 時發生錯誤, 原因: Variant does not reference an automation object
[20141107-085716 WordFileConvertSrv.exe] ERR> 轉檔作業失敗. 從 "D:\NTAKWeb\NTAK_DDQS\Exec\Manager\FileStore\周王金珍(第09800157號)-94年度.doc" 轉換至 "D:\NTAKWeb\NTAK_DDQS\Exec\ConvertArea\周王金珍(第09800157號)-94年度.doc.txt" 時發生錯誤, 原因: Variant does not reference an automation object
[20141107-085716 WordFileConvertSrv.exe] ERR> 轉檔作業失敗. 從 "D:\NTAKWeb\NTAK_DDQS\Exec\Manager\FileStore\廖東建(第10001282號)-98年度.doc" 轉換至 "D:\NTAKWeb\NTAK_DDQS\Exec\ConvertArea\廖東建(第10001282號)-98年度.doc.txt" 時發生錯誤, 原因: Variant does not reference an automation object
[20141107-085716 WordFileConvertSrv.exe] ERR> 轉檔作業失敗. 從 "D:\NTAKWeb\NTAK_DDQS\Exec\Manager\FileStore\廣建95營所稅決定書(虛銷8%).doc" 轉換至 "D:\NTAKWeb\NTAK_DDQS\Exec\ConvertArea\廣建95營所稅決定書(虛銷8%).doc.txt" 時發生錯誤, 原因: Variant does not reference an automation object
[20141107-085716 WordFileConvertSrv.exe] ERR> 轉檔作業失敗. 從 "D:\NTAKWeb\NTAK_DDQS\Exec\Manager\FileStore\彭宴祥(第09801703號)-96年度.doc" 轉換至 "D:\NTAKWeb\NTAK_DDQS\Exec\ConvertArea\彭宴祥(第09801703號)-96年度.doc.txt" 時發生錯誤, 原因: Variant does not reference an automation object
[20141107-085716 WordFileConvertSrv.exe] ERR> 轉檔作業失敗. 從 "D:\NTAKWeb\NTAK_DDQS\Exec\Manager\FileStore\復查決定-函洪俊良93信託營利所得-實質課稅-核課期間.doc" 轉換至 "D:\NTAKWeb\NTAK_DDQS\Exec\ConvertArea\復查決定-函洪俊良93信託營利所得-實質課稅-核課期間.doc.txt" 時發生錯誤, 原因: Variant does not reference an automation object
[20141107-085716 WordFileConvertSrv.exe] ERR> 轉檔作業失敗. 從 "D:\NTAKWeb\NTAK_DDQS\Exec\Manager\FileStore\日月光電子100年度營所稅復查決定書.doc" 轉換至 "D:\NTAKWeb\NTAK_DDQS\Exec\ConvertArea\日月光電子100年度營所稅復查決定書.doc.txt" 時發生錯誤, 原因: Variant does not reference an automation object
[20141107-085716 WordFileConvertSrv.exe] ERR> 轉檔作業失敗. 從 "D:\NTAKWeb\NTAK_DDQS\Exec\Manager\FileStore\李淑&#32137;決定書.doc" 轉換至 "D:\NTAKWeb\NTAK_DDQS\Exec\ConvertArea\李淑&#32137;決定書.doc.txt" 時發生錯誤, 原因: Variant does not reference an automation object
[20141107-085716 WordFileConvertSrv.exe] ERR> 轉檔作業失敗. 從 "D:\NTAKWeb\NTAK_DDQS\Exec\Manager\FileStore\李清 復查決定書.doc.doc" 轉換至 "D:\NTAKWeb\NTAK_DDQS\Exec\ConvertArea\李清 復查決定書.doc.doc.txt" 時發生錯誤, 原因: Variant does not reference an automation object
[20141107-085716 WordFileConvertSrv.exe] ERR> 轉檔作業失敗. 從 "D:\NTAKWeb\NTAK_DDQS\Exec\Manager\FileStore\李清&#23791;復查決定書.doc" 轉換至 "D:\NTAKWeb\NTAK_DDQS\Exec\ConvertArea\李清&#23791;復查決定書.doc.txt" 時發生錯誤, 原因: Variant does not reference an automation object
[20141107-085716 WordFileConvertSrv.exe] ERR> 轉檔作業失敗. 從 "D:\NTAKWeb\NTAK_DDQS\Exec\Manager\FileStore\林&#37979;宏決定書.doc" 轉換至 "D:\NTAKWeb\NTAK_DDQS\Exec\ConvertArea\林&#37979;宏決定書.doc.txt" 時發生錯誤, 原因: Variant does not reference an automation object
[20141107-085716 WordFileConvertSrv.exe] ERR> 轉檔作業失敗. 從 "D:\NTAKWeb\NTAK_DDQS\Exec\Manager\FileStore\林奇峰95年度復查報告確定版.doc" 轉換至 "D:\NTAKWeb\NTAK_DDQS\Exec\ConvertArea\林奇峰95年度復查報告確定版.doc.txt" 時發生錯誤, 原因: Variant does not reference an automation object
[20141107-085716 WordFileConvertSrv.exe] ERR> 轉檔作業失敗. 從 "D:\NTAKWeb\NTAK_DDQS\Exec\Manager\FileStore\林宜靜(第09903210號)-94~96年度.doc" 轉換至 "D:\NTAKWeb\NTAK_DDQS\Exec\ConvertArea\林宜靜(第09903210號)-94~96年度.doc.txt" 時發生錯誤, 原因: Variant does not reference an automation object
[20141107-085716 WordFileConvertSrv.exe] ERR> 轉檔作業失敗. 從 "D:\NTAKWeb\NTAK_DDQS\Exec\Manager\FileStore\林茂雄98年度綜合所得稅正本.doc" 轉換至 "D:\NTAKWeb\NTAK_DDQS\Exec\ConvertArea\林茂雄98年度綜合所得稅正本.doc.txt" 時發生錯誤, 原因: Variant does not reference an automation object
[20141107-085716 WordFileConvertSrv.exe] ERR> 轉檔作業失敗. 從 "D:\NTAKWeb\NTAK_DDQS\Exec\Manager\FileStore\林麗俐(第10002578號)-93年度.doc" 轉換至 "D:\NTAKWeb\NTAK_DDQS\Exec\ConvertArea\林麗俐(第10002578號)-93年度.doc.txt" 時發生錯誤, 原因: Variant does not reference an automation object
[20141107-085716 WordFileConvertSrv.exe] ERR> 轉檔作業失敗. 從 "D:\NTAKWeb\NTAK_DDQS\Exec\Manager\FileStore\楊肅泰(第09804135號)-96年度.doc" 轉換至 "D:\NTAKWeb\NTAK_DDQS\Exec\ConvertArea\楊肅泰(第09804135號)-96年度.doc.txt" 時發生錯誤, 原因: Variant does not reference an automation object
[20141107-085716 WordFileConvertSrv.exe] ERR> 轉檔作業失敗. 從 "D:\NTAKWeb\NTAK_DDQS\Exec\Manager\FileStore\歐陽建華(第09902018號)-88年度.doc" 轉換至 "D:\NTAKWeb\NTAK_DDQS\Exec\ConvertArea\歐陽建華(第09902018號)-88年度.doc.txt" 時發生錯誤, 原因: Variant does not reference an automation object
[20141107-085716 WordFileConvertSrv.exe] ERR> 轉檔作業失敗. 從 "D:\NTAKWeb\NTAK_DDQS\Exec\Manager\FileStore\武穎決~1.DOC" 轉換至 "D:\NTAKWeb\NTAK_DDQS\Exec\ConvertArea\武穎決~1.DOC.txt" 時發生錯誤, 原因: Variant does not reference an automation object
[20141107-085716 WordFileConvertSrv.exe] ERR> 轉檔作業失敗. 從 "D:\NTAKWeb\NTAK_DDQS\Exec\Manager\FileStore\潘&#21843;銘100罰鍰-委託他人代為申報-維持.doc" 轉換至 "D:\NTAKWeb\NTAK_DDQS\Exec\ConvertArea\潘&#21843;銘100罰鍰-委託他人代為申報-維持.doc.txt" 時發生錯誤, 原因: Variant does not reference an automation object
[20141107-085716 WordFileConvertSrv.exe] ERR> 轉檔作業失敗. 從 "D:\NTAKWeb\NTAK_DDQS\Exec\Manager\FileStore\王&#28702;苡101年特銷稅罰鍰決定書-函.docx" 轉換至 "D:\NTAKWeb\NTAK_DDQS\Exec\ConvertArea\王&#28702;苡101年特銷稅罰鍰決定書-函.docx.txt" 時發生錯誤, 原因: Variant does not reference an automation object
[20141107-085716 WordFileConvertSrv.exe] ERR> 轉檔作業失敗. 從 "D:\NTAKWeb\NTAK_DDQS\Exec\Manager\FileStore\白美香(第09803188號)-96年度.doc" 轉換至 "D:\NTAKWeb\NTAK_DDQS\Exec\ConvertArea\白美香(第09803188號)-96年度.doc.txt" 時發生錯誤, 原因: Variant does not reference an automation object
[20141107-085716 WordFileConvertSrv.exe] ERR> 轉檔作業失敗. 從 "D:\NTAKWeb\NTAK_DDQS\Exec\Manager\FileStore\蘇宏典(第10001702號)-95年度.doc" 轉換至 "D:\NTAKWeb\NTAK_DDQS\Exec\ConvertArea\蘇宏典(第10001702號)-95年度.doc.txt" 時發生錯誤, 原因: Variant does not reference an automation object
[20141107-085716 WordFileConvertSrv.exe] ERR> 轉檔作業失敗. 從 "D:\NTAKWeb\NTAK_DDQS\Exec\Manager\FileStore\達旺廣告(第09803394號)-95年度.doc" 轉換至 "D:\NTAKWeb\NTAK_DDQS\Exec\ConvertArea\達旺廣告(第09803394號)-95年度.doc.txt" 時發生錯誤, 原因: Variant does not reference an automation object
[20141107-085716 WordFileConvertSrv.exe] ERR> 轉檔作業失敗. 從 "D:\NTAKWeb\NTAK_DDQS\Exec\Manager\FileStore\鍇億國際95營所稅決定書(虛銷8%).doc" 轉換至 "D:\NTAKWeb\NTAK_DDQS\Exec\ConvertArea\鍇億國際95營所稅決定書(虛銷8%).doc.txt" 時發生錯誤, 原因: Variant does not reference an automation object
[20141107-085716 WordFileConvertSrv.exe] ERR> 轉檔作業失敗. 從 "D:\NTAKWeb\NTAK_DDQS\Exec\Manager\FileStore\鍇億國際95營所稅決定書虛銷8%.doc" 轉換至 "D:\NTAKWeb\NTAK_DDQS\Exec\ConvertArea\鍇億國際95營所稅決定書虛銷8%.doc.txt" 時發生錯誤, 原因: Variant does not reference an automation object
[20141107-085716 WordFileConvertSrv.exe] ERR> 轉檔作業失敗. 從 "D:\NTAKWeb\NTAK_DDQS\Exec\Manager\FileStore\陳麗文(第09801332號)-96年度.doc" 轉換至 "D:\NTAKWeb\NTAK_DDQS\Exec\ConvertArea\陳麗文(第09801332號)-96年度.doc.txt" 時發生錯誤, 原因: Variant does not reference an automation object
[20141107-085716 WordFileConvertSrv.exe] ERR> 轉檔作業失敗. 從 "D:\NTAKWeb\NTAK_DDQS\Exec\Manager\FileStore\黃&#28702;瑢復查決定書-海外所得.doc" 轉換至 "D:\NTAKWeb\NTAK_DDQS\Exec\ConvertArea\黃&#28702;瑢復查決定書-海外所得.doc.txt" 時發生錯誤, 原因: Variant does not reference an automation object
[20141107-085716 WordFileConvertSrv.exe] ERR> 轉檔作業失敗. 從 "D:\NTAKWeb\NTAK_DDQS\Exec\Manager\FileStore\黃鳳珠(第09703642號)-95年度.doc" 轉換至 "D:\NTAKWeb\NTAK_DDQS\Exec\ConvertArea\黃鳳珠(第09703642號)-95年度.doc.txt" 時發生錯誤, 原因: Variant does not reference an automation object
[20141107-085811 WordFileConvertSrv.exe] ERR> 轉檔作業失敗. 從 "D:\NTAKWeb\NTAK_DDQS\Exec\Manager\FileStore\&#40644;武穎決定書.doc" 轉換至 "D:\NTAKWeb\NTAK_DDQS\Exec\ConvertArea\&#40644;武穎決定書.doc.txt" 時發生錯誤, 原因: Variant does not reference an automation object
[20141107-085811 WordFileConvertSrv.exe] ERR> 轉檔作業失敗. 從 "D:\NTAKWeb\NTAK_DDQS\Exec\Manager\FileStore\09700128300.doc" 轉換至 "D:\NTAKWeb\NTAK_DDQS\Exec\ConvertArea\09700128300.doc.txt" 時發生錯誤, 原因: Variant does not reference an automation object
[20141107-085811 WordFileConvertSrv.exe] ERR> 轉檔作業失敗. 從 "D:\NTAKWeb\NTAK_DDQS\Exec\Manager\FileStore\09700398060.doc" 轉換至 "D:\NTAKWeb\NTAK_DDQS\Exec\ConvertArea\09700398060.doc.txt" 時發生錯誤, 原因: Variant does not reference an automation object
[20141107-085811 WordFileConvertSrv.exe] ERR> 轉檔作業失敗. 從 "D:\NTAKWeb\NTAK_DDQS\Exec\Manager\FileStore\1-1020924洪瑞&#23791;君96年度復查決定書-函.doc" 轉換至 "D:\NTAKWeb\NTAK_DDQS\Exec\ConvertArea\1-1020924洪瑞&#23791;君96年度復查決定書-函.doc.txt" 時發生錯誤, 原因: Variant does not reference an automation object
[20141107-085811 WordFileConvertSrv.exe] ERR> 轉檔作業失敗. 從 "D:\NTAKWeb\NTAK_DDQS\Exec\Manager\FileStore\100-2-21鍾泰營造有限公司營業稅罰鍰(復查決定書-重繕(發文).doc" 轉換至 "D:\NTAKWeb\NTAK_DDQS\Exec\ConvertArea\100-2-21鍾泰營造有限公司營業稅罰鍰(復查決定書-重繕(發文).doc.txt" 時發生錯誤, 原因: Variant does not reference an automation object
[20141107-085811 WordFileConvertSrv.exe] ERR> 轉檔作業失敗. 從 "D:\NTAKWeb\NTAK_DDQS\Exec\Manager\FileStore\100年度判字第1949號.doc" 轉換至 "D:\NTAKWeb\NTAK_DDQS\Exec\ConvertArea\100年度判字第1949號.doc.txt" 時發生錯誤, 原因: Variant does not reference an automation object
[20141107-085811 WordFileConvertSrv.exe] ERR> 轉檔作業失敗. 從 "D:\NTAKWeb\NTAK_DDQS\Exec\Manager\FileStore\100年度復查決定書稿發文.doc" 轉換至 "D:\NTAKWeb\NTAK_DDQS\Exec\ConvertArea\100年度復查決定書稿發文.doc.txt" 時發生錯誤, 原因: Variant does not reference an automation object
[20141107-085811 WordFileConvertSrv.exe] ERR> 轉檔作業失敗. 從 "D:\NTAKWeb\NTAK_DDQS\Exec\Manager\FileStore\100年度訴字第444號.doc" 轉換至 "D:\NTAKWeb\NTAK_DDQS\Exec\ConvertArea\100年度訴字第444號.doc.txt" 時發生錯誤, 原因: Variant does not reference an automation object
[20141107-085811 WordFileConvertSrv.exe] ERR> 轉檔作業失敗. 從 "D:\NTAKWeb\NTAK_DDQS\Exec\Manager\FileStore\102.4.29-陳&#28913;泰(陳吳芬釵)100年度綜所稅復查決定書.doc" 轉換至 "D:\NTAKWeb\NTAK_DDQS\Exec\ConvertArea\102.4.29-陳&#28913;泰(陳吳芬釵)100年度綜所稅復查決定書.doc.txt" 時發生錯誤, 原因: Variant does not reference an automation object
[20141107-085811 WordFileConvertSrv.exe] ERR> 轉檔作業失敗. 從 "D:\NTAKWeb\NTAK_DDQS\Exec\Manager\FileStore\10201614.doc" 轉換至 "D:\NTAKWeb\NTAK_DDQS\Exec\ConvertArea\10201614.doc.txt" 時發生錯誤, 原因: Variant does not reference an automation object
[20141107-085811 WordFileConvertSrv.exe] ERR> 轉檔作業失敗. 從 "D:\NTAKWeb\NTAK_DDQS\Exec\Manager\FileStore\1020716張孟信99年度綜所稅復查決定書(復查會決議修正).doc" 轉換至 "D:\NTAKWeb\NTAK_DDQS\Exec\ConvertArea\1020716張孟信99年度綜所稅復查決定書(復查會決議修正).doc.txt" 時發生錯誤, 原因: Variant does not reference an automation object
[20141107-085811 WordFileConvertSrv.exe] ERR> 轉檔作業失敗. 從 "D:\NTAKWeb\NTAK_DDQS\Exec\Manager\FileStore\1021030黃振銘君99年度綜所稅復查決定書.doc" 轉換至 "D:\NTAKWeb\NTAK_DDQS\Exec\ConvertArea\1021030黃振銘君99年度綜所稅復查決定書.doc.txt" 時發生錯誤, 原因: Variant does not reference an automation object
[20141107-085811 WordFileConvertSrv.exe] ERR> 轉檔作業失敗. 從 "D:\NTAKWeb\NTAK_DDQS\Exec\Manager\FileStore\103.06.23發文-黃小芳101年綜所稅決定書稿.doc" 轉換至 "D:\NTAKWeb\NTAK_DDQS\Exec\ConvertArea\103.06.23發文-黃小芳101年綜所稅決定書稿.doc.txt" 時發生錯誤, 原因: Variant does not reference an automation object
[20141107-085811 WordFileConvertSrv.exe] ERR> 轉檔作業失敗. 從 "D:\NTAKWeb\NTAK_DDQS\Exec\Manager\FileStore\103.4.25發文-陳振昌100年綜所稅決定書(罰鍰).doc" 轉換至 "D:\NTAKWeb\NTAK_DDQS\Exec\ConvertArea\103.4.25發文-陳振昌100年綜所稅決定書(罰鍰).doc.txt" 時發生錯誤, 原因: Variant does not reference an automation object
[20141107-085811 WordFileConvertSrv.exe] ERR> 轉檔作業失敗. 從 "D:\NTAKWeb\NTAK_DDQS\Exec\Manager\FileStore\10300120.doc" 轉換至 "D:\NTAKWeb\NTAK_DDQS\Exec\ConvertArea\10300120.doc.txt" 時發生錯誤, 原因: Variant does not reference an automation object
[20141107-085811 WordFileConvertSrv.exe] ERR> 轉檔作業失敗. 從 "D:\NTAKWeb\NTAK_DDQS\Exec\Manager\FileStore\1030912江昌101營所稅(漏報其他收入) 罰鍰復查決定書(發文).doc" 轉換至 "D:\NTAKWeb\NTAK_DDQS\Exec\ConvertArea\1030912江昌101營所稅(漏報其他收入) 罰鍰復查決定書(發文).doc.txt" 時發生錯誤, 原因: Variant does not reference an automation object
[20141107-085811 WordFileConvertSrv.exe] ERR> 轉檔作業失敗. 從 "D:\NTAKWeb\NTAK_DDQS\Exec\Manager\FileStore\95年度訴字第160號(2).doc" 轉換至 "D:\NTAKWeb\NTAK_DDQS\Exec\ConvertArea\95年度訴字第160號(2).doc.txt" 時發生錯誤, 原因: Variant does not reference an automation object
[20141107-085811 WordFileConvertSrv.exe] ERR> 轉檔作業失敗. 從 "D:\NTAKWeb\NTAK_DDQS\Exec\Manager\FileStore\98年度再字第37號.doc" 轉換至 "D:\NTAKWeb\NTAK_DDQS\Exec\ConvertArea\98年度再字第37號.doc.txt" 時發生錯誤, 原因: Variant does not reference an automation object
[20141107-085811 WordFileConvertSrv.exe] ERR> 轉檔作業失敗. 從 "D:\NTAKWeb\NTAK_DDQS\Exec\Manager\FileStore\98年度簡再字第13號(2).doc" 轉換至 "D:\NTAKWeb\NTAK_DDQS\Exec\ConvertArea\98年度簡再字第13號(2).doc.txt" 時發生錯誤, 原因: Variant does not reference an automation object
[20141107-085811 WordFileConvertSrv.exe] ERR> 轉檔作業失敗. 從 "D:\NTAKWeb\NTAK_DDQS\Exec\Manager\FileStore\99年度簡再字第9號.doc" 轉換至 "D:\NTAKWeb\NTAK_DDQS\Exec\ConvertArea\99年度簡再字第9號.doc.txt" 時發生錯誤, 原因: Variant does not reference an automation object
[20141107-085811 WordFileConvertSrv.exe] ERR> 轉檔作業失敗. 從 "D:\NTAKWeb\NTAK_DDQS\Exec\Manager\FileStore\IE8302100730陳景生101本稅-短報5%－更正後.doc" 轉換至 "D:\NTAKWeb\NTAK_DDQS\Exec\ConvertArea\IE8302100730陳景生101本稅-短報5%－更正後.doc.txt" 時發生錯誤, 原因: Variant does not reference an automation object
[20141107-085811 WordFileConvertSrv.exe] ERR> 轉檔作業失敗. 從 "D:\NTAKWeb\NTAK_DDQS\Exec\Manager\FileStore\JVP-LST.doc" 轉換至 "D:\NTAKWeb\NTAK_DDQS\Exec\ConvertArea\JVP-LST.doc.txt" 時發生錯誤, 原因: Variant does not reference an automation object
[20141107-085811 WordFileConvertSrv.exe] ERR> 轉檔作業失敗. 從 "D:\NTAKWeb\NTAK_DDQS\Exec\Manager\FileStore\NE0402400815邱翠蓮99罰鍰-未據實申報扣繳憑單20%-維持.doc" 轉換至 "D:\NTAKWeb\NTAK_DDQS\Exec\ConvertArea\NE0402400815邱翠蓮99罰鍰-未據實申報扣繳憑單20%-維持.doc.txt" 時發生錯誤, 原因: Variant does not reference an automation object
[20141107-085811 WordFileConvertSrv.exe] ERR> 轉檔作業失敗. 從 "D:\NTAKWeb\NTAK_DDQS\Exec\Manager\FileStore\NE0403100144章一民101年復查決定書-稿.doc" 轉換至 "D:\NTAKWeb\NTAK_DDQS\Exec\ConvertArea\NE0403100144章一民101年復查決定書-稿.doc.txt" 時發生錯誤, 原因: Variant does not reference an automation object
[20141107-085811 WordFileConvertSrv.exe] ERR> 轉檔作業失敗. 從 "D:\NTAKWeb\NTAK_DDQS\Exec\Manager\FileStore\NE8302100123莊全勝100免稅額-追減-核定.doc" 轉換至 "D:\NTAKWeb\NTAK_DDQS\Exec\ConvertArea\NE8302100123莊全勝100免稅額-追減-核定.doc.txt" 時發生錯誤, 原因: Variant does not reference an automation object
[20141107-085811 WordFileConvertSrv.exe] ERR> 轉檔作業失敗. 從 "D:\NTAKWeb\NTAK_DDQS\Exec\Manager\FileStore\NE8302400498潘&#21843;銘100罰鍰-委託他人代為申報-維持.doc" 轉換至 "D:\NTAKWeb\NTAK_DDQS\Exec\ConvertArea\NE8302400498潘&#21843;銘100罰鍰-委託他人代為申報-維持.doc.txt" 時發生錯誤, 原因: Variant does not reference an automation object
[20141107-085811 WordFileConvertSrv.exe] ERR> 轉檔作業失敗. 從 "D:\NTAKWeb\NTAK_DDQS\Exec\Manager\FileStore\何海鷗101虛列免稅額決定書(本+罰)正本.doc" 轉換至 "D:\NTAKWeb\NTAK_DDQS\Exec\ConvertArea\何海鷗101虛列免稅額決定書(本+罰)正本.doc.txt" 時發生錯誤, 原因: Variant does not reference an automation object
[20141107-085811 WordFileConvertSrv.exe] ERR> 轉檔作業失敗. 從 "D:\NTAKWeb\NTAK_DDQS\Exec\Manager\FileStore\佳勝營造(第09903392號)-94年度.doc" 轉換至 "D:\NTAKWeb\NTAK_DDQS\Exec\ConvertArea\佳勝營造(第09903392號)-94年度.doc.txt" 時發生錯誤, 原因: Variant does not reference an automation object
[20141107-085811 WordFileConvertSrv.exe] ERR> 轉檔作業失敗. 從 "D:\NTAKWeb\NTAK_DDQS\Exec\Manager\FileStore\北方之星(第09800030號)-89年度.doc" 轉換至 "D:\NTAKWeb\NTAK_DDQS\Exec\ConvertArea\北方之星(第09800030號)-89年度.doc.txt" 時發生錯誤, 原因: Variant does not reference an automation object
[20141107-085811 WordFileConvertSrv.exe] ERR> 轉檔作業失敗. 從 "D:\NTAKWeb\NTAK_DDQS\Exec\Manager\FileStore\呂冠霖(第09704361~09704365號)-91~95年度.doc" 轉換至 "D:\NTAKWeb\NTAK_DDQS\Exec\ConvertArea\呂冠霖(第09704361~09704365號)-91~95年度.doc.txt" 時發生錯誤, 原因: Variant does not reference an automation object
[20141107-085811 WordFileConvertSrv.exe] ERR> 轉檔作業失敗. 從 "D:\NTAKWeb\NTAK_DDQS\Exec\Manager\FileStore\周王金珍(第09800157號)-94年度.doc" 轉換至 "D:\NTAKWeb\NTAK_DDQS\Exec\ConvertArea\周王金珍(第09800157號)-94年度.doc.txt" 時發生錯誤, 原因: Variant does not reference an automation object
[20141107-085811 WordFileConvertSrv.exe] ERR> 轉檔作業失敗. 從 "D:\NTAKWeb\NTAK_DDQS\Exec\Manager\FileStore\廖東建(第10001282號)-98年度.doc" 轉換至 "D:\NTAKWeb\NTAK_DDQS\Exec\ConvertArea\廖東建(第10001282號)-98年度.doc.txt" 時發生錯誤, 原因: Variant does not reference an automation object
[20141107-085811 WordFileConvertSrv.exe] ERR> 轉檔作業失敗. 從 "D:\NTAKWeb\NTAK_DDQS\Exec\Manager\FileStore\廣建95營所稅決定書(虛銷8%).doc" 轉換至 "D:\NTAKWeb\NTAK_DDQS\Exec\ConvertArea\廣建95營所稅決定書(虛銷8%).doc.txt" 時發生錯誤, 原因: Variant does not reference an automation object
[20141107-085811 WordFileConvertSrv.exe] ERR> 轉檔作業失敗. 從 "D:\NTAKWeb\NTAK_DDQS\Exec\Manager\FileStore\彭宴祥(第09801703號)-96年度.doc" 轉換至 "D:\NTAKWeb\NTAK_DDQS\Exec\ConvertArea\彭宴祥(第09801703號)-96年度.doc.txt" 時發生錯誤, 原因: Variant does not reference an automation object
[20141107-085811 WordFileConvertSrv.exe] ERR> 轉檔作業失敗. 從 "D:\NTAKWeb\NTAK_DDQS\Exec\Manager\FileStore\復查決定-函洪俊良93信託營利所得-實質課稅-核課期間.doc" 轉換至 "D:\NTAKWeb\NTAK_DDQS\Exec\ConvertArea\復查決定-函洪俊良93信託營利所得-實質課稅-核課期間.doc.txt" 時發生錯誤, 原因: Variant does not reference an automation object
[20141107-085811 WordFileConvertSrv.exe] ERR> 轉檔作業失敗. 從 "D:\NTAKWeb\NTAK_DDQS\Exec\Manager\FileStore\日月光電子100年度營所稅復查決定書.doc" 轉換至 "D:\NTAKWeb\NTAK_DDQS\Exec\ConvertArea\日月光電子100年度營所稅復查決定書.doc.txt" 時發生錯誤, 原因: Variant does not reference an automation object
[20141107-085811 WordFileConvertSrv.exe] ERR> 轉檔作業失敗. 從 "D:\NTAKWeb\NTAK_DDQS\Exec\Manager\FileStore\李淑&#32137;決定書.doc" 轉換至 "D:\NTAKWeb\NTAK_DDQS\Exec\ConvertArea\李淑&#32137;決定書.doc.txt" 時發生錯誤, 原因: Variant does not reference an automation object
[20141107-085811 WordFileConvertSrv.exe] ERR> 轉檔作業失敗. 從 "D:\NTAKWeb\NTAK_DDQS\Exec\Manager\FileStore\李清 復查決定書.doc.doc" 轉換至 "D:\NTAKWeb\NTAK_DDQS\Exec\ConvertArea\李清 復查決定書.doc.doc.txt" 時發生錯誤, 原因: Variant does not reference an automation object
[20141107-085811 WordFileConvertSrv.exe] ERR> 轉檔作業失敗. 從 "D:\NTAKWeb\NTAK_DDQS\Exec\Manager\FileStore\李清&#23791;復查決定書.doc" 轉換至 "D:\NTAKWeb\NTAK_DDQS\Exec\ConvertArea\李清&#23791;復查決定書.doc.txt" 時發生錯誤, 原因: Variant does not reference an automation object
[20141107-085811 WordFileConvertSrv.exe] ERR> 轉檔作業失敗. 從 "D:\NTAKWeb\NTAK_DDQS\Exec\Manager\FileStore\林&#37979;宏決定書.doc" 轉換至 "D:\NTAKWeb\NTAK_DDQS\Exec\ConvertArea\林&#37979;宏決定書.doc.txt" 時發生錯誤, 原因: Variant does not reference an automation object
[20141107-085811 WordFileConvertSrv.exe] ERR> 轉檔作業失敗. 從 "D:\NTAKWeb\NTAK_DDQS\Exec\Manager\FileStore\林奇峰95年度復查報告確定版.doc" 轉換至 "D:\NTAKWeb\NTAK_DDQS\Exec\ConvertArea\林奇峰95年度復查報告確定版.doc.txt" 時發生錯誤, 原因: Variant does not reference an automation object
[20141107-085811 WordFileConvertSrv.exe] ERR> 轉檔作業失敗. 從 "D:\NTAKWeb\NTAK_DDQS\Exec\Manager\FileStore\林宜靜(第09903210號)-94~96年度.doc" 轉換至 "D:\NTAKWeb\NTAK_DDQS\Exec\ConvertArea\林宜靜(第09903210號)-94~96年度.doc.txt" 時發生錯誤, 原因: Variant does not reference an automation object
[20141107-085811 WordFileConvertSrv.exe] ERR> 轉檔作業失敗. 從 "D:\NTAKWeb\NTAK_DDQS\Exec\Manager\FileStore\林茂雄98年度綜合所得稅正本.doc" 轉換至 "D:\NTAKWeb\NTAK_DDQS\Exec\ConvertArea\林茂雄98年度綜合所得稅正本.doc.txt" 時發生錯誤, 原因: Variant does not reference an automation object
[20141107-085811 WordFileConvertSrv.exe] ERR> 轉檔作業失敗. 從 "D:\NTAKWeb\NTAK_DDQS\Exec\Manager\FileStore\林麗俐(第10002578號)-93年度.doc" 轉換至 "D:\NTAKWeb\NTAK_DDQS\Exec\ConvertArea\林麗俐(第10002578號)-93年度.doc.txt" 時發生錯誤, 原因: Variant does not reference an automation object
[20141107-085811 WordFileConvertSrv.exe] ERR> 轉檔作業失敗. 從 "D:\NTAKWeb\NTAK_DDQS\Exec\Manager\FileStore\楊肅泰(第09804135號)-96年度.doc" 轉換至 "D:\NTAKWeb\NTAK_DDQS\Exec\ConvertArea\楊肅泰(第09804135號)-96年度.doc.txt" 時發生錯誤, 原因: Variant does not reference an automation object
[20141107-085811 WordFileConvertSrv.exe] ERR> 轉檔作業失敗. 從 "D:\NTAKWeb\NTAK_DDQS\Exec\Manager\FileStore\歐陽建華(第09902018號)-88年度.doc" 轉換至 "D:\NTAKWeb\NTAK_DDQS\Exec\ConvertArea\歐陽建華(第09902018號)-88年度.doc.txt" 時發生錯誤, 原因: Variant does not reference an automation object
[20141107-085811 WordFileConvertSrv.exe] ERR> 轉檔作業失敗. 從 "D:\NTAKWeb\NTAK_DDQS\Exec\Manager\FileStore\武穎決~1.DOC" 轉換至 "D:\NTAKWeb\NTAK_DDQS\Exec\ConvertArea\武穎決~1.DOC.txt" 時發生錯誤, 原因: Variant does not reference an automation object
[20141107-085811 WordFileConvertSrv.exe] ERR> 轉檔作業失敗. 從 "D:\NTAKWeb\NTAK_DDQS\Exec\Manager\FileStore\潘&#21843;銘100罰鍰-委託他人代為申報-維持.doc" 轉換至 "D:\NTAKWeb\NTAK_DDQS\Exec\ConvertArea\潘&#21843;銘100罰鍰-委託他人代為申報-維持.doc.txt" 時發生錯誤, 原因: Variant does not reference an automation object
[20141107-085811 WordFileConvertSrv.exe] ERR> 轉檔作業失敗. 從 "D:\NTAKWeb\NTAK_DDQS\Exec\Manager\FileStore\王&#28702;苡101年特銷稅罰鍰決定書-函.docx" 轉換至 "D:\NTAKWeb\NTAK_DDQS\Exec\ConvertArea\王&#28702;苡101年特銷稅罰鍰決定書-函.docx.txt" 時發生錯誤, 原因: Variant does not reference an automation object
[20141107-085811 WordFileConvertSrv.exe] ERR> 轉檔作業失敗. 從 "D:\NTAKWeb\NTAK_DDQS\Exec\Manager\FileStore\白美香(第09803188號)-96年度.doc" 轉換至 "D:\NTAKWeb\NTAK_DDQS\Exec\ConvertArea\白美香(第09803188號)-96年度.doc.txt" 時發生錯誤, 原因: Variant does not reference an automation object
[20141107-085811 WordFileConvertSrv.exe] ERR> 轉檔作業失敗. 從 "D:\NTAKWeb\NTAK_DDQS\Exec\Manager\FileStore\蘇宏典(第10001702號)-95年度.doc" 轉換至 "D:\NTAKWeb\NTAK_DDQS\Exec\ConvertArea\蘇宏典(第10001702號)-95年度.doc.txt" 時發生錯誤, 原因: Variant does not reference an automation object
[20141107-085811 WordFileConvertSrv.exe] ERR> 轉檔作業失敗. 從 "D:\NTAKWeb\NTAK_DDQS\Exec\Manager\FileStore\達旺廣告(第09803394號)-95年度.doc" 轉換至 "D:\NTAKWeb\NTAK_DDQS\Exec\ConvertArea\達旺廣告(第09803394號)-95年度.doc.txt" 時發生錯誤, 原因: Variant does not reference an automation object
[20141107-085811 WordFileConvertSrv.exe] ERR> 轉檔作業失敗. 從 "D:\NTAKWeb\NTAK_DDQS\Exec\Manager\FileStore\鍇億國際95營所稅決定書(虛銷8%).doc" 轉換至 "D:\NTAKWeb\NTAK_DDQS\Exec\ConvertArea\鍇億國際95營所稅決定書(虛銷8%).doc.txt" 時發生錯誤, 原因: Variant does not reference an automation object
[20141107-085811 WordFileConvertSrv.exe] ERR> 轉檔作業失敗. 從 "D:\NTAKWeb\NTAK_DDQS\Exec\Manager\FileStore\鍇億國際95營所稅決定書虛銷8%.doc" 轉換至 "D:\NTAKWeb\NTAK_DDQS\Exec\ConvertArea\鍇億國際95營所稅決定書虛銷8%.doc.txt" 時發生錯誤, 原因: Variant does not reference an automation object
[20141107-085811 WordFileConvertSrv.exe] ERR> 轉檔作業失敗. 從 "D:\NTAKWeb\NTAK_DDQS\Exec\Manager\FileStore\陳麗文(第09801332號)-96年度.doc" 轉換至 "D:\NTAKWeb\NTAK_DDQS\Exec\ConvertArea\陳麗文(第09801332號)-96年度.doc.txt" 時發生錯誤, 原因: Variant does not reference an automation object
[20141107-085811 WordFileConvertSrv.exe] ERR> 轉檔作業失敗. 從 "D:\NTAKWeb\NTAK_DDQS\Exec\Manager\FileStore\黃&#28702;瑢復查決定書-海外所得.doc" 轉換至 "D:\NTAKWeb\NTAK_DDQS\Exec\ConvertArea\黃&#28702;瑢復查決定書-海外所得.doc.txt" 時發生錯誤, 原因: Variant does not reference an automation object
[20141107-085811 WordFileConvertSrv.exe] ERR> 轉檔作業失敗. 從 "D:\NTAKWeb\NTAK_DDQS\Exec\Manager\FileStore\黃鳳珠(第09703642號)-95年度.doc" 轉換至 "D:\NTAKWeb\NTAK_DDQS\Exec\ConvertArea\黃鳳珠(第09703642號)-95年度.doc.txt" 時發生錯誤, 原因: Variant does not reference an automation object
[20141107-085811 WordFileConvertSrv.exe] ERR> 轉檔作業失敗. 從 "D:\NTAKWeb\NTAK_DDQS\Exec\Manager\FileStore\&#40644;武穎決定書.doc" 轉換至 "D:\NTAKWeb\NTAK_DDQS\Exec\ConvertArea\&#40644;武穎決定書.doc.txt" 時發生錯誤, 原因: Variant does not reference an automation object
[20141107-085811 WordFileConvertSrv.exe] ERR> 轉檔作業失敗. 從 "D:\NTAKWeb\NTAK_DDQS\Exec\Manager\FileStore\09700128300.doc" 轉換至 "D:\NTAKWeb\NTAK_DDQS\Exec\ConvertArea\09700128300.doc.txt" 時發生錯誤, 原因: Variant does not reference an automation object
[20141107-085811 WordFileConvertSrv.exe] ERR> 轉檔作業失敗. 從 "D:\NTAKWeb\NTAK_DDQS\Exec\Manager\FileStore\09700398060.doc" 轉換至 "D:\NTAKWeb\NTAK_DDQS\Exec\ConvertArea\09700398060.doc.txt" 時發生錯誤, 原因: Variant does not reference an automation object
[20141107-085811 WordFileConvertSrv.exe] ERR> 轉檔作業失敗. 從 "D:\NTAKWeb\NTAK_DDQS\Exec\Manager\FileStore\1-1020924洪瑞&#23791;君96年度復查決定書-函.doc" 轉換至 "D:\NTAKWeb\NTAK_DDQS\Exec\ConvertArea\1-1020924洪瑞&#23791;君96年度復查決定書-函.doc.txt" 時發生錯誤, 原因: Variant does not reference an automation object
[20141107-085811 WordFileConvertSrv.exe] ERR> 轉檔作業失敗. 從 "D:\NTAKWeb\NTAK_DDQS\Exec\Manager\FileStore\100-2-21鍾泰營造有限公司營業稅罰鍰(復查決定書-重繕(發文).doc" 轉換至 "D:\NTAKWeb\NTAK_DDQS\Exec\ConvertArea\100-2-21鍾泰營造有限公司營業稅罰鍰(復查決定書-重繕(發文).doc.txt" 時發生錯誤, 原因: Variant does not reference an automation object
[20141107-085811 WordFileConvertSrv.exe] ERR> 轉檔作業失敗. 從 "D:\NTAKWeb\NTAK_DDQS\Exec\Manager\FileStore\100年度判字第1949號.doc" 轉換至 "D:\NTAKWeb\NTAK_DDQS\Exec\ConvertArea\100年度判字第1949號.doc.txt" 時發生錯誤, 原因: Variant does not reference an automation object
[20141107-085811 WordFileConvertSrv.exe] ERR> 轉檔作業失敗. 從 "D:\NTAKWeb\NTAK_DDQS\Exec\Manager\FileStore\100年度復查決定書稿發文.doc" 轉換至 "D:\NTAKWeb\NTAK_DDQS\Exec\ConvertArea\100年度復查決定書稿發文.doc.txt" 時發生錯誤, 原因: Variant does not reference an automation object
[20141107-085811 WordFileConvertSrv.exe] ERR> 轉檔作業失敗. 從 "D:\NTAKWeb\NTAK_DDQS\Exec\Manager\FileStore\100年度訴字第444號.doc" 轉換至 "D:\NTAKWeb\NTAK_DDQS\Exec\ConvertArea\100年度訴字第444號.doc.txt" 時發生錯誤, 原因: Variant does not reference an automation object
[20141107-085811 WordFileConvertSrv.exe] ERR> 轉檔作業失敗. 從 "D:\NTAKWeb\NTAK_DDQS\Exec\Manager\FileStore\102.4.29-陳&#28913;泰(陳吳芬釵)100年度綜所稅復查決定書.doc" 轉換至 "D:\NTAKWeb\NTAK_DDQS\Exec\ConvertArea\102.4.29-陳&#28913;泰(陳吳芬釵)100年度綜所稅復查決定書.doc.txt" 時發生錯誤, 原因: Variant does not reference an automation object
[20141107-085811 WordFileConvertSrv.exe] ERR> 轉檔作業失敗. 從 "D:\NTAKWeb\NTAK_DDQS\Exec\Manager\FileStore\10201614.doc" 轉換至 "D:\NTAKWeb\NTAK_DDQS\Exec\ConvertArea\10201614.doc.txt" 時發生錯誤, 原因: Variant does not reference an automation object
[20141107-085811 WordFileConvertSrv.exe] ERR> 轉檔作業失敗. 從 "D:\NTAKWeb\NTAK_DDQS\Exec\Manager\FileStore\1020716張孟信99年度綜所稅復查決定書(復查會決議修正).doc" 轉換至 "D:\NTAKWeb\NTAK_DDQS\Exec\ConvertArea\1020716張孟信99年度綜所稅復查決定書(復查會決議修正).doc.txt" 時發生錯誤, 原因: Variant does not reference an automation object
[20141107-085811 WordFileConvertSrv.exe] ERR> 轉檔作業失敗. 從 "D:\NTAKWeb\NTAK_DDQS\Exec\Manager\FileStore\1021030黃振銘君99年度綜所稅復查決定書.doc" 轉換至 "D:\NTAKWeb\NTAK_DDQS\Exec\ConvertArea\1021030黃振銘君99年度綜所稅復查決定書.doc.txt" 時發生錯誤, 原因: Variant does not reference an automation object
[20141107-085811 WordFileConvertSrv.exe] ERR> 轉檔作業失敗. 從 "D:\NTAKWeb\NTAK_DDQS\Exec\Manager\FileStore\103.06.23發文-黃小芳101年綜所稅決定書稿.doc" 轉換至 "D:\NTAKWeb\NTAK_DDQS\Exec\ConvertArea\103.06.23發文-黃小芳101年綜所稅決定書稿.doc.txt" 時發生錯誤, 原因: Variant does not reference an automation object
[20141107-085811 WordFileConvertSrv.exe] ERR> 轉檔作業失敗. 從 "D:\NTAKWeb\NTAK_DDQS\Exec\Manager\FileStore\103.4.25發文-陳振昌100年綜所稅決定書(罰鍰).doc" 轉換至 "D:\NTAKWeb\NTAK_DDQS\Exec\ConvertArea\103.4.25發文-陳振昌100年綜所稅決定書(罰鍰).doc.txt" 時發生錯誤, 原因: Variant does not reference an automation object
[20141107-085811 WordFileConvertSrv.exe] ERR> 轉檔作業失敗. 從 "D:\NTAKWeb\NTAK_DDQS\Exec\Manager\FileStore\10300120.doc" 轉換至 "D:\NTAKWeb\NTAK_DDQS\Exec\ConvertArea\10300120.doc.txt" 時發生錯誤, 原因: Variant does not reference an automation object
[20141107-085811 WordFileConvertSrv.exe] ERR> 轉檔作業失敗. 從 "D:\NTAKWeb\NTAK_DDQS\Exec\Manager\FileStore\1030912江昌101營所稅(漏報其他收入) 罰鍰復查決定書(發文).doc" 轉換至 "D:\NTAKWeb\NTAK_DDQS\Exec\ConvertArea\1030912江昌101營所稅(漏報其他收入) 罰鍰復查決定書(發文).doc.txt" 時發生錯誤, 原因: Variant does not reference an automation object
[20141107-085811 WordFileConvertSrv.exe] ERR> 轉檔作業失敗. 從 "D:\NTAKWeb\NTAK_DDQS\Exec\Manager\FileStore\95年度訴字第160號(2).doc" 轉換至 "D:\NTAKWeb\NTAK_DDQS\Exec\ConvertArea\95年度訴字第160號(2).doc.txt" 時發生錯誤, 原因: Variant does not reference an automation object
[20141107-085811 WordFileConvertSrv.exe] ERR> 轉檔作業失敗. 從 "D:\NTAKWeb\NTAK_DDQS\Exec\Manager\FileStore\98年度再字第37號.doc" 轉換至 "D:\NTAKWeb\NTAK_DDQS\Exec\ConvertArea\98年度再字第37號.doc.txt" 時發生錯誤, 原因: Variant does not reference an automation object
[20141107-085811 WordFileConvertSrv.exe] ERR> 轉檔作業失敗. 從 "D:\NTAKWeb\NTAK_DDQS\Exec\Manager\FileStore\98年度簡再字第13號(2).doc" 轉換至 "D:\NTAKWeb\NTAK_DDQS\Exec\ConvertArea\98年度簡再字第13號(2).doc.txt" 時發生錯誤, 原因: Variant does not reference an automation object
[20141107-085811 WordFileConvertSrv.exe] ERR> 轉檔作業失敗. 從 "D:\NTAKWeb\NTAK_DDQS\Exec\Manager\FileStore\99年度簡再字第9號.doc" 轉換至 "D:\NTAKWeb\NTAK_DDQS\Exec\ConvertArea\99年度簡再字第9號.doc.txt" 時發生錯誤, 原因: Variant does not reference an automation object
[20141107-085811 WordFileConvertSrv.exe] ERR> 轉檔作業失敗. 從 "D:\NTAKWeb\NTAK_DDQS\Exec\Manager\FileStore\IE8302100730陳景生101本稅-短報5%－更正後.doc" 轉換至 "D:\NTAKWeb\NTAK_DDQS\Exec\ConvertArea\IE8302100730陳景生101本稅-短報5%－更正後.doc.txt" 時發生錯誤, 原因: Variant does not reference an automation object
[20141107-085811 WordFileConvertSrv.exe] ERR> 轉檔作業失敗. 從 "D:\NTAKWeb\NTAK_DDQS\Exec\Manager\FileStore\JVP-LST.doc" 轉換至 "D:\NTAKWeb\NTAK_DDQS\Exec\ConvertArea\JVP-LST.doc.txt" 時發生錯誤, 原因: Variant does not reference an automation object
[20141107-085811 WordFileConvertSrv.exe] ERR> 轉檔作業失敗. 從 "D:\NTAKWeb\NTAK_DDQS\Exec\Manager\FileStore\NE0402400815邱翠蓮99罰鍰-未據實申報扣繳憑單20%-維持.doc" 轉換至 "D:\NTAKWeb\NTAK_DDQS\Exec\ConvertArea\NE0402400815邱翠蓮99罰鍰-未據實申報扣繳憑單20%-維持.doc.txt" 時發生錯誤, 原因: Variant does not reference an automation object
[20141107-085811 WordFileConvertSrv.exe] ERR> 轉檔作業失敗. 從 "D:\NTAKWeb\NTAK_DDQS\Exec\Manager\FileStore\NE0403100144章一民101年復查決定書-稿.doc" 轉換至 "D:\NTAKWeb\NTAK_DDQS\Exec\ConvertArea\NE0403100144章一民101年復查決定書-稿.doc.txt" 時發生錯誤, 原因: Variant does not reference an automation object
[20141107-085811 WordFileConvertSrv.exe] ERR> 轉檔作業失敗. 從 "D:\NTAKWeb\NTAK_DDQS\Exec\Manager\FileStore\NE8302100123莊全勝100免稅額-追減-核定.doc" 轉換至 "D:\NTAKWeb\NTAK_DDQS\Exec\ConvertArea\NE8302100123莊全勝100免稅額-追減-核定.doc.txt" 時發生錯誤, 原因: Variant does not reference an automation object
[20141107-085811 WordFileConvertSrv.exe] ERR> 轉檔作業失敗. 從 "D:\NTAKWeb\NTAK_DDQS\Exec\Manager\FileStore\NE8302400498潘&#21843;銘100罰鍰-委託他人代為申報-維持.doc" 轉換至 "D:\NTAKWeb\NTAK_DDQS\Exec\ConvertArea\NE8302400498潘&#21843;銘100罰鍰-委託他人代為申報-維持.doc.txt" 時發生錯誤, 原因: Variant does not reference an automation object
[20141107-085811 WordFileConvertSrv.exe] ERR> 轉檔作業失敗. 從 "D:\NTAKWeb\NTAK_DDQS\Exec\Manager\FileStore\何海鷗101虛列免稅額決定書(本+罰)正本.doc" 轉換至 "D:\NTAKWeb\NTAK_DDQS\Exec\ConvertArea\何海鷗101虛列免稅額決定書(本+罰)正本.doc.txt" 時發生錯誤, 原因: Variant does not reference an automation object
[20141107-085811 WordFileConvertSrv.exe] ERR> 轉檔作業失敗. 從 "D:\NTAKWeb\NTAK_DDQS\Exec\Manager\FileStore\佳勝營造(第09903392號)-94年度.doc" 轉換至 "D:\NTAKWeb\NTAK_DDQS\Exec\ConvertArea\佳勝營造(第09903392號)-94年度.doc.txt" 時發生錯誤, 原因: Variant does not reference an automation object
[20141107-085811 WordFileConvertSrv.exe] ERR> 轉檔作業失敗. 從 "D:\NTAKWeb\NTAK_DDQS\Exec\Manager\FileStore\北方之星(第09800030號)-89年度.doc" 轉換至 "D:\NTAKWeb\NTAK_DDQS\Exec\ConvertArea\北方之星(第09800030號)-89年度.doc.txt" 時發生錯誤, 原因: Variant does not reference an automation object
[20141107-085811 WordFileConvertSrv.exe] ERR> 轉檔作業失敗. 從 "D:\NTAKWeb\NTAK_DDQS\Exec\Manager\FileStore\呂冠霖(第09704361~09704365號)-91~95年度.doc" 轉換至 "D:\NTAKWeb\NTAK_DDQS\Exec\ConvertArea\呂冠霖(第09704361~09704365號)-91~95年度.doc.txt" 時發生錯誤, 原因: Variant does not reference an automation object
[20141107-085811 WordFileConvertSrv.exe] ERR> 轉檔作業失敗. 從 "D:\NTAKWeb\NTAK_DDQS\Exec\Manager\FileStore\周王金珍(第09800157號)-94年度.doc" 轉換至 "D:\NTAKWeb\NTAK_DDQS\Exec\ConvertArea\周王金珍(第09800157號)-94年度.doc.txt" 時發生錯誤, 原因: Variant does not reference an automation object
[20141107-085811 WordFileConvertSrv.exe] ERR> 轉檔作業失敗. 從 "D:\NTAKWeb\NTAK_DDQS\Exec\Manager\FileStore\廖東建(第10001282號)-98年度.doc" 轉換至 "D:\NTAKWeb\NTAK_DDQS\Exec\ConvertArea\廖東建(第10001282號)-98年度.doc.txt" 時發生錯誤, 原因: Variant does not reference an automation object
[20141107-085811 WordFileConvertSrv.exe] ERR> 轉檔作業失敗. 從 "D:\NTAKWeb\NTAK_DDQS\Exec\Manager\FileStore\廣建95營所稅決定書(虛銷8%).doc" 轉換至 "D:\NTAKWeb\NTAK_DDQS\Exec\ConvertArea\廣建95營所稅決定書(虛銷8%).doc.txt" 時發生錯誤, 原因: Variant does not reference an automation object
[20141107-085811 WordFileConvertSrv.exe] ERR> 轉檔作業失敗. 從 "D:\NTAKWeb\NTAK_DDQS\Exec\Manager\FileStore\彭宴祥(第09801703號)-96年度.doc" 轉換至 "D:\NTAKWeb\NTAK_DDQS\Exec\ConvertArea\彭宴祥(第09801703號)-96年度.doc.txt" 時發生錯誤, 原因: Variant does not reference an automation object
[20141107-085811 WordFileConvertSrv.exe] ERR> 轉檔作業失敗. 從 "D:\NTAKWeb\NTAK_DDQS\Exec\Manager\FileStore\復查決定-函洪俊良93信託營利所得-實質課稅-核課期間.doc" 轉換至 "D:\NTAKWeb\NTAK_DDQS\Exec\ConvertArea\復查決定-函洪俊良93信託營利所得-實質課稅-核課期間.doc.txt" 時發生錯誤, 原因: Variant does not reference an automation object
[20141107-085811 WordFileConvertSrv.exe] ERR> 轉檔作業失敗. 從 "D:\NTAKWeb\NTAK_DDQS\Exec\Manager\FileStore\日月光電子100年度營所稅復查決定書.doc" 轉換至 "D:\NTAKWeb\NTAK_DDQS\Exec\ConvertArea\日月光電子100年度營所稅復查決定書.doc.txt" 時發生錯誤, 原因: Variant does not reference an automation object
[20141107-085811 WordFileConvertSrv.exe] ERR> 轉檔作業失敗. 從 "D:\NTAKWeb\NTAK_DDQS\Exec\Manager\FileStore\李淑&#32137;決定書.doc" 轉換至 "D:\NTAKWeb\NTAK_DDQS\Exec\ConvertArea\李淑&#32137;決定書.doc.txt" 時發生錯誤, 原因: Variant does not reference an automation object
[20141107-085811 WordFileConvertSrv.exe] ERR> 轉檔作業失敗. 從 "D:\NTAKWeb\NTAK_DDQS\Exec\Manager\FileStore\李清 復查決定書.doc.doc" 轉換至 "D:\NTAKWeb\NTAK_DDQS\Exec\ConvertArea\李清 復查決定書.doc.doc.txt" 時發生錯誤, 原因: Variant does not reference an automation object
[20141107-085811 WordFileConvertSrv.exe] ERR> 轉檔作業失敗. 從 "D:\NTAKWeb\NTAK_DDQS\Exec\Manager\FileStore\李清&#23791;復查決定書.doc" 轉換至 "D:\NTAKWeb\NTAK_DDQS\Exec\ConvertArea\李清&#23791;復查決定書.doc.txt" 時發生錯誤, 原因: Variant does not reference an automation object
[20141107-085811 WordFileConvertSrv.exe] ERR> 轉檔作業失敗. 從 "D:\NTAKWeb\NTAK_DDQS\Exec\Manager\FileStore\林&#37979;宏決定書.doc" 轉換至 "D:\NTAKWeb\NTAK_DDQS\Exec\ConvertArea\林&#37979;宏決定書.doc.txt" 時發生錯誤, 原因: Variant does not reference an automation object
[20141107-085811 WordFileConvertSrv.exe] ERR> 轉檔作業失敗. 從 "D:\NTAKWeb\NTAK_DDQS\Exec\Manager\FileStore\林奇峰95年度復查報告確定版.doc" 轉換至 "D:\NTAKWeb\NTAK_DDQS\Exec\ConvertArea\林奇峰95年度復查報告確定版.doc.txt" 時發生錯誤, 原因: Variant does not reference an automation object
[20141107-085811 WordFileConvertSrv.exe] ERR> 轉檔作業失敗. 從 "D:\NTAKWeb\NTAK_DDQS\Exec\Manager\FileStore\林宜靜(第09903210號)-94~96年度.doc" 轉換至 "D:\NTAKWeb\NTAK_DDQS\Exec\ConvertArea\林宜靜(第09903210號)-94~96年度.doc.txt" 時發生錯誤, 原因: Variant does not reference an automation object
[20141107-085811 WordFileConvertSrv.exe] ERR> 轉檔作業失敗. 從 "D:\NTAKWeb\NTAK_DDQS\Exec\Manager\FileStore\林茂雄98年度綜合所得稅正本.doc" 轉換至 "D:\NTAKWeb\NTAK_DDQS\Exec\ConvertArea\林茂雄98年度綜合所得稅正本.doc.txt" 時發生錯誤, 原因: Variant does not reference an automation object
[20141107-085811 WordFileConvertSrv.exe] ERR> 轉檔作業失敗. 從 "D:\NTAKWeb\NTAK_DDQS\Exec\Manager\FileStore\林麗俐(第10002578號)-93年度.doc" 轉換至 "D:\NTAKWeb\NTAK_DDQS\Exec\ConvertArea\林麗俐(第10002578號)-93年度.doc.txt" 時發生錯誤, 原因: Variant does not reference an automation object
[20141107-085811 WordFileConvertSrv.exe] ERR> 轉檔作業失敗. 從 "D:\NTAKWeb\NTAK_DDQS\Exec\Manager\FileStore\楊肅泰(第09804135號)-96年度.doc" 轉換至 "D:\NTAKWeb\NTAK_DDQS\Exec\ConvertArea\楊肅泰(第09804135號)-96年度.doc.txt" 時發生錯誤, 原因: Variant does not reference an automation object
[20141107-085811 WordFileConvertSrv.exe] ERR> 轉檔作業失敗. 從 "D:\NTAKWeb\NTAK_DDQS\Exec\Manager\FileStore\歐陽建華(第09902018號)-88年度.doc" 轉換至 "D:\NTAKWeb\NTAK_DDQS\Exec\ConvertArea\歐陽建華(第09902018號)-88年度.doc.txt" 時發生錯誤, 原因: Variant does not reference an automation object
[20141107-085811 WordFileConvertSrv.exe] ERR> 轉檔作業失敗. 從 "D:\NTAKWeb\NTAK_DDQS\Exec\Manager\FileStore\武穎決~1.DOC" 轉換至 "D:\NTAKWeb\NTAK_DDQS\Exec\ConvertArea\武穎決~1.DOC.txt" 時發生錯誤, 原因: Variant does not reference an automation object
[20141107-085811 WordFileConvertSrv.exe] ERR> 轉檔作業失敗. 從 "D:\NTAKWeb\NTAK_DDQS\Exec\Manager\FileStore\潘&#21843;銘100罰鍰-委託他人代為申報-維持.doc" 轉換至 "D:\NTAKWeb\NTAK_DDQS\Exec\ConvertArea\潘&#21843;銘100罰鍰-委託他人代為申報-維持.doc.txt" 時發生錯誤, 原因: Variant does not reference an automation object
[20141107-085811 WordFileConvertSrv.exe] ERR> 轉檔作業失敗. 從 "D:\NTAKWeb\NTAK_DDQS\Exec\Manager\FileStore\王&#28702;苡101年特銷稅罰鍰決定書-函.docx" 轉換至 "D:\NTAKWeb\NTAK_DDQS\Exec\ConvertArea\王&#28702;苡101年特銷稅罰鍰決定書-函.docx.txt" 時發生錯誤, 原因: Variant does not reference an automation object
[20141107-085811 WordFileConvertSrv.exe] ERR> 轉檔作業失敗. 從 "D:\NTAKWeb\NTAK_DDQS\Exec\Manager\FileStore\白美香(第09803188號)-96年度.doc" 轉換至 "D:\NTAKWeb\NTAK_DDQS\Exec\ConvertArea\白美香(第09803188號)-96年度.doc.txt" 時發生錯誤, 原因: Variant does not reference an automation object
[20141107-085811 WordFileConvertSrv.exe] ERR> 轉檔作業失敗. 從 "D:\NTAKWeb\NTAK_DDQS\Exec\Manager\FileStore\蘇宏典(第10001702號)-95年度.doc" 轉換至 "D:\NTAKWeb\NTAK_DDQS\Exec\ConvertArea\蘇宏典(第10001702號)-95年度.doc.txt" 時發生錯誤, 原因: Variant does not reference an automation object
[20141107-085811 WordFileConvertSrv.exe] ERR> 轉檔作業失敗. 從 "D:\NTAKWeb\NTAK_DDQS\Exec\Manager\FileStore\達旺廣告(第09803394號)-95年度.doc" 轉換至 "D:\NTAKWeb\NTAK_DDQS\Exec\ConvertArea\達旺廣告(第09803394號)-95年度.doc.txt" 時發生錯誤, 原因: Variant does not reference an automation object
[20141107-085811 WordFileConvertSrv.exe] ERR> 轉檔作業失敗. 從 "D:\NTAKWeb\NTAK_DDQS\Exec\Manager\FileStore\鍇億國際95營所稅決定書(虛銷8%).doc" 轉換至 "D:\NTAKWeb\NTAK_DDQS\Exec\ConvertArea\鍇億國際95營所稅決定書(虛銷8%).doc.txt" 時發生錯誤, 原因: Variant does not reference an automation object
[20141107-085811 WordFileConvertSrv.exe] ERR> 轉檔作業失敗. 從 "D:\NTAKWeb\NTAK_DDQS\Exec\Manager\FileStore\鍇億國際95營所稅決定書虛銷8%.doc" 轉換至 "D:\NTAKWeb\NTAK_DDQS\Exec\ConvertArea\鍇億國際95營所稅決定書虛銷8%.doc.txt" 時發生錯誤, 原因: Variant does not reference an automation object
[20141107-085811 WordFileConvertSrv.exe] ERR> 轉檔作業失敗. 從 "D:\NTAKWeb\NTAK_DDQS\Exec\Manager\FileStore\陳麗文(第09801332號)-96年度.doc" 轉換至 "D:\NTAKWeb\NTAK_DDQS\Exec\ConvertArea\陳麗文(第09801332號)-96年度.doc.txt" 時發生錯誤, 原因: Variant does not reference an automation object
[20141107-085811 WordFileConvertSrv.exe] ERR> 轉檔作業失敗. 從 "D:\NTAKWeb\NTAK_DDQS\Exec\Manager\FileStore\黃&#28702;瑢復查決定書-海外所得.doc" 轉換至 "D:\NTAKWeb\NTAK_DDQS\Exec\ConvertArea\黃&#28702;瑢復查決定書-海外所得.doc.txt" 時發生錯誤, 原因: Variant does not reference an automation object
[20141107-085811 WordFileConvertSrv.exe] ERR> 轉檔作業失敗. 從 "D:\NTAKWeb\NTAK_DDQS\Exec\Manager\FileStore\黃鳳珠(第09703642號)-95年度.doc" 轉換至 "D:\NTAKWeb\NTAK_DDQS\Exec\ConvertArea\黃鳳珠(第09703642號)-95年度.doc.txt" 時發生錯誤, 原因: Variant does not reference an automation object
[20141107-102237 WordFileConvertSrv.exe] ERR> 轉檔作業失敗. 從 "D:\NTAKWeb\NTAK_DDQS\Exec\Manager\FileStore\&#40644;武穎決定書.doc" 轉換至 "D:\NTAKWeb\NTAK_DDQS\Exec\ConvertArea\&#40644;武穎決定書.doc.txt" 時發生錯誤, 原因: Variant does not reference an automation object
[20141107-102237 WordFileConvertSrv.exe] ERR> 轉檔作業失敗. 從 "D:\NTAKWeb\NTAK_DDQS\Exec\Manager\FileStore\09700128300.doc" 轉換至 "D:\NTAKWeb\NTAK_DDQS\Exec\ConvertArea\09700128300.doc.txt" 時發生錯誤, 原因: Variant does not reference an automation object
[20141107-102237 WordFileConvertSrv.exe] ERR> 轉檔作業失敗. 從 "D:\NTAKWeb\NTAK_DDQS\Exec\Manager\FileStore\09700398060.doc" 轉換至 "D:\NTAKWeb\NTAK_DDQS\Exec\ConvertArea\09700398060.doc.txt" 時發生錯誤, 原因: Variant does not reference an automation object
[20141107-102237 WordFileConvertSrv.exe] ERR> 轉檔作業失敗. 從 "D:\NTAKWeb\NTAK_DDQS\Exec\Manager\FileStore\1-1020924洪瑞&#23791;君96年度復查決定書-函.doc" 轉換至 "D:\NTAKWeb\NTAK_DDQS\Exec\ConvertArea\1-1020924洪瑞&#23791;君96年度復查決定書-函.doc.txt" 時發生錯誤, 原因: Variant does not reference an automation object
[20141107-102237 WordFileConvertSrv.exe] ERR> 轉檔作業失敗. 從 "D:\NTAKWeb\NTAK_DDQS\Exec\Manager\FileStore\100-2-21鍾泰營造有限公司營業稅罰鍰(復查決定書-重繕(發文).doc" 轉換至 "D:\NTAKWeb\NTAK_DDQS\Exec\ConvertArea\100-2-21鍾泰營造有限公司營業稅罰鍰(復查決定書-重繕(發文).doc.txt" 時發生錯誤, 原因: Variant does not reference an automation object
[20141107-102237 WordFileConvertSrv.exe] ERR> 轉檔作業失敗. 從 "D:\NTAKWeb\NTAK_DDQS\Exec\Manager\FileStore\100年度判字第1949號.doc" 轉換至 "D:\NTAKWeb\NTAK_DDQS\Exec\ConvertArea\100年度判字第1949號.doc.txt" 時發生錯誤, 原因: Variant does not reference an automation object
[20141107-102237 WordFileConvertSrv.exe] ERR> 轉檔作業失敗. 從 "D:\NTAKWeb\NTAK_DDQS\Exec\Manager\FileStore\100年度復查決定書稿發文.doc" 轉換至 "D:\NTAKWeb\NTAK_DDQS\Exec\ConvertArea\100年度復查決定書稿發文.doc.txt" 時發生錯誤, 原因: Variant does not reference an automation object
[20141107-102237 WordFileConvertSrv.exe] ERR> 轉檔作業失敗. 從 "D:\NTAKWeb\NTAK_DDQS\Exec\Manager\FileStore\100年度訴字第444號.doc" 轉換至 "D:\NTAKWeb\NTAK_DDQS\Exec\ConvertArea\100年度訴字第444號.doc.txt" 時發生錯誤, 原因: Variant does not reference an automation object
[20141107-102237 WordFileConvertSrv.exe] ERR> 轉檔作業失敗. 從 "D:\NTAKWeb\NTAK_DDQS\Exec\Manager\FileStore\102.4.29-陳&#28913;泰(陳吳芬釵)100年度綜所稅復查決定書.doc" 轉換至 "D:\NTAKWeb\NTAK_DDQS\Exec\ConvertArea\102.4.29-陳&#28913;泰(陳吳芬釵)100年度綜所稅復查決定書.doc.txt" 時發生錯誤, 原因: Variant does not reference an automation object
[20141107-102237 WordFileConvertSrv.exe] ERR> 轉檔作業失敗. 從 "D:\NTAKWeb\NTAK_DDQS\Exec\Manager\FileStore\10201614.doc" 轉換至 "D:\NTAKWeb\NTAK_DDQS\Exec\ConvertArea\10201614.doc.txt" 時發生錯誤, 原因: Variant does not reference an automation object
[20141107-102237 WordFileConvertSrv.exe] ERR> 轉檔作業失敗. 從 "D:\NTAKWeb\NTAK_DDQS\Exec\Manager\FileStore\1020716張孟信99年度綜所稅復查決定書(復查會決議修正).doc" 轉換至 "D:\NTAKWeb\NTAK_DDQS\Exec\ConvertArea\1020716張孟信99年度綜所稅復查決定書(復查會決議修正).doc.txt" 時發生錯誤, 原因: Variant does not reference an automation object
[20141107-102237 WordFileConvertSrv.exe] ERR> 轉檔作業失敗. 從 "D:\NTAKWeb\NTAK_DDQS\Exec\Manager\FileStore\1021030黃振銘君99年度綜所稅復查決定書.doc" 轉換至 "D:\NTAKWeb\NTAK_DDQS\Exec\ConvertArea\1021030黃振銘君99年度綜所稅復查決定書.doc.txt" 時發生錯誤, 原因: Variant does not reference an automation object
[20141107-102237 WordFileConvertSrv.exe] ERR> 轉檔作業失敗. 從 "D:\NTAKWeb\NTAK_DDQS\Exec\Manager\FileStore\103.06.23發文-黃小芳101年綜所稅決定書稿.doc" 轉換至 "D:\NTAKWeb\NTAK_DDQS\Exec\ConvertArea\103.06.23發文-黃小芳101年綜所稅決定書稿.doc.txt" 時發生錯誤, 原因: Variant does not reference an automation object
[20141107-102237 WordFileConvertSrv.exe] ERR> 轉檔作業失敗. 從 "D:\NTAKWeb\NTAK_DDQS\Exec\Manager\FileStore\103.4.25發文-陳振昌100年綜所稅決定書(罰鍰).doc" 轉換至 "D:\NTAKWeb\NTAK_DDQS\Exec\ConvertArea\103.4.25發文-陳振昌100年綜所稅決定書(罰鍰).doc.txt" 時發生錯誤, 原因: Variant does not reference an automation object
[20141107-102237 WordFileConvertSrv.exe] ERR> 轉檔作業失敗. 從 "D:\NTAKWeb\NTAK_DDQS\Exec\Manager\FileStore\10300120.doc" 轉換至 "D:\NTAKWeb\NTAK_DDQS\Exec\ConvertArea\10300120.doc.txt" 時發生錯誤, 原因: Variant does not reference an automation object
[20141107-102237 WordFileConvertSrv.exe] ERR> 轉檔作業失敗. 從 "D:\NTAKWeb\NTAK_DDQS\Exec\Manager\FileStore\1030912江昌101營所稅(漏報其他收入) 罰鍰復查決定書(發文).doc" 轉換至 "D:\NTAKWeb\NTAK_DDQS\Exec\ConvertArea\1030912江昌101營所稅(漏報其他收入) 罰鍰復查決定書(發文).doc.txt" 時發生錯誤, 原因: Variant does not reference an automation object
[20141107-102237 WordFileConvertSrv.exe] ERR> 轉檔作業失敗. 從 "D:\NTAKWeb\NTAK_DDQS\Exec\Manager\FileStore\95年度訴字第160號(2).doc" 轉換至 "D:\NTAKWeb\NTAK_DDQS\Exec\ConvertArea\95年度訴字第160號(2).doc.txt" 時發生錯誤, 原因: Variant does not reference an automation object
[20141107-102237 WordFileConvertSrv.exe] ERR> 轉檔作業失敗. 從 "D:\NTAKWeb\NTAK_DDQS\Exec\Manager\FileStore\98年度再字第37號.doc" 轉換至 "D:\NTAKWeb\NTAK_DDQS\Exec\ConvertArea\98年度再字第37號.doc.txt" 時發生錯誤, 原因: Variant does not reference an automation object
[20141107-102237 WordFileConvertSrv.exe] ERR> 轉檔作業失敗. 從 "D:\NTAKWeb\NTAK_DDQS\Exec\Manager\FileStore\98年度簡再字第13號(2).doc" 轉換至 "D:\NTAKWeb\NTAK_DDQS\Exec\ConvertArea\98年度簡再字第13號(2).doc.txt" 時發生錯誤, 原因: Variant does not reference an automation object
[20141107-102237 WordFileConvertSrv.exe] ERR> 轉檔作業失敗. 從 "D:\NTAKWeb\NTAK_DDQS\Exec\Manager\FileStore\99年度簡再字第9號.doc" 轉換至 "D:\NTAKWeb\NTAK_DDQS\Exec\ConvertArea\99年度簡再字第9號.doc.txt" 時發生錯誤, 原因: Variant does not reference an automation object
[20141107-102237 WordFileConvertSrv.exe] ERR> 轉檔作業失敗. 從 "D:\NTAKWeb\NTAK_DDQS\Exec\Manager\FileStore\IE8302100730陳景生101本稅-短報5%－更正後.doc" 轉換至 "D:\NTAKWeb\NTAK_DDQS\Exec\ConvertArea\IE8302100730陳景生101本稅-短報5%－更正後.doc.txt" 時發生錯誤, 原因: Variant does not reference an automation object
[20141107-102237 WordFileConvertSrv.exe] ERR> 轉檔作業失敗. 從 "D:\NTAKWeb\NTAK_DDQS\Exec\Manager\FileStore\JVP-LST.doc" 轉換至 "D:\NTAKWeb\NTAK_DDQS\Exec\ConvertArea\JVP-LST.doc.txt" 時發生錯誤, 原因: Variant does not reference an automation object
[20141107-102237 WordFileConvertSrv.exe] ERR> 轉檔作業失敗. 從 "D:\NTAKWeb\NTAK_DDQS\Exec\Manager\FileStore\NE0402400815邱翠蓮99罰鍰-未據實申報扣繳憑單20%-維持.doc" 轉換至 "D:\NTAKWeb\NTAK_DDQS\Exec\ConvertArea\NE0402400815邱翠蓮99罰鍰-未據實申報扣繳憑單20%-維持.doc.txt" 時發生錯誤, 原因: Variant does not reference an automation object
[20141107-102237 WordFileConvertSrv.exe] ERR> 轉檔作業失敗. 從 "D:\NTAKWeb\NTAK_DDQS\Exec\Manager\FileStore\NE0403100144章一民101年復查決定書-稿.doc" 轉換至 "D:\NTAKWeb\NTAK_DDQS\Exec\ConvertArea\NE0403100144章一民101年復查決定書-稿.doc.txt" 時發生錯誤, 原因: Variant does not reference an automation object
[20141107-102237 WordFileConvertSrv.exe] ERR> 轉檔作業失敗. 從 "D:\NTAKWeb\NTAK_DDQS\Exec\Manager\FileStore\NE8302100123莊全勝100免稅額-追減-核定.doc" 轉換至 "D:\NTAKWeb\NTAK_DDQS\Exec\ConvertArea\NE8302100123莊全勝100免稅額-追減-核定.doc.txt" 時發生錯誤, 原因: Variant does not reference an automation object
[20141107-102237 WordFileConvertSrv.exe] ERR> 轉檔作業失敗. 從 "D:\NTAKWeb\NTAK_DDQS\Exec\Manager\FileStore\NE8302400498潘&#21843;銘100罰鍰-委託他人代為申報-維持.doc" 轉換至 "D:\NTAKWeb\NTAK_DDQS\Exec\ConvertArea\NE8302400498潘&#21843;銘100罰鍰-委託他人代為申報-維持.doc.txt" 時發生錯誤, 原因: Variant does not reference an automation object
[20141107-102237 WordFileConvertSrv.exe] ERR> 轉檔作業失敗. 從 "D:\NTAKWeb\NTAK_DDQS\Exec\Manager\FileStore\何海鷗101虛列免稅額決定書(本+罰)正本.doc" 轉換至 "D:\NTAKWeb\NTAK_DDQS\Exec\ConvertArea\何海鷗101虛列免稅額決定書(本+罰)正本.doc.txt" 時發生錯誤, 原因: Variant does not reference an automation object
[20141107-102237 WordFileConvertSrv.exe] ERR> 轉檔作業失敗. 從 "D:\NTAKWeb\NTAK_DDQS\Exec\Manager\FileStore\佳勝營造(第09903392號)-94年度.doc" 轉換至 "D:\NTAKWeb\NTAK_DDQS\Exec\ConvertArea\佳勝營造(第09903392號)-94年度.doc.txt" 時發生錯誤, 原因: Variant does not reference an automation object
[20141107-102237 WordFileConvertSrv.exe] ERR> 轉檔作業失敗. 從 "D:\NTAKWeb\NTAK_DDQS\Exec\Manager\FileStore\劉珠燕決定書.doc" 轉換至 "D:\NTAKWeb\NTAK_DDQS\Exec\ConvertArea\劉珠燕決定書.doc.txt" 時發生錯誤, 原因: Variant does not reference an automation object
[20141107-102237 WordFileConvertSrv.exe] ERR> 轉檔作業失敗. 從 "D:\NTAKWeb\NTAK_DDQS\Exec\Manager\FileStore\北方之星(第09800030號)-89年度.doc" 轉換至 "D:\NTAKWeb\NTAK_DDQS\Exec\ConvertArea\北方之星(第09800030號)-89年度.doc.txt" 時發生錯誤, 原因: Variant does not reference an automation object
[20141107-102237 WordFileConvertSrv.exe] ERR> 轉檔作業失敗. 從 "D:\NTAKWeb\NTAK_DDQS\Exec\Manager\FileStore\呂冠霖(第09704361~09704365號)-91~95年度.doc" 轉換至 "D:\NTAKWeb\NTAK_DDQS\Exec\ConvertArea\呂冠霖(第09704361~09704365號)-91~95年度.doc.txt" 時發生錯誤, 原因: Variant does not reference an automation object
[20141107-102237 WordFileConvertSrv.exe] ERR> 轉檔作業失敗. 從 "D:\NTAKWeb\NTAK_DDQS\Exec\Manager\FileStore\周王金珍(第09800157號)-94年度.doc" 轉換至 "D:\NTAKWeb\NTAK_DDQS\Exec\ConvertArea\周王金珍(第09800157號)-94年度.doc.txt" 時發生錯誤, 原因: Variant does not reference an automation object
[20141107-102237 WordFileConvertSrv.exe] ERR> 轉檔作業失敗. 從 "D:\NTAKWeb\NTAK_DDQS\Exec\Manager\FileStore\廖東建(第10001282號)-98年度.doc" 轉換至 "D:\NTAKWeb\NTAK_DDQS\Exec\ConvertArea\廖東建(第10001282號)-98年度.doc.txt" 時發生錯誤, 原因: Variant does not reference an automation object
[20141107-102237 WordFileConvertSrv.exe] ERR> 轉檔作業失敗. 從 "D:\NTAKWeb\NTAK_DDQS\Exec\Manager\FileStore\廣建95營所稅決定書(虛銷8%).doc" 轉換至 "D:\NTAKWeb\NTAK_DDQS\Exec\ConvertArea\廣建95營所稅決定書(虛銷8%).doc.txt" 時發生錯誤, 原因: Variant does not reference an automation object
[20141107-102237 WordFileConvertSrv.exe] ERR> 轉檔作業失敗. 從 "D:\NTAKWeb\NTAK_DDQS\Exec\Manager\FileStore\彭宴祥(第09801703號)-96年度.doc" 轉換至 "D:\NTAKWeb\NTAK_DDQS\Exec\ConvertArea\彭宴祥(第09801703號)-96年度.doc.txt" 時發生錯誤, 原因: Variant does not reference an automation object
[20141107-102237 WordFileConvertSrv.exe] ERR> 轉檔作業失敗. 從 "D:\NTAKWeb\NTAK_DDQS\Exec\Manager\FileStore\復查決定-函洪俊良93信託營利所得-實質課稅-核課期間.doc" 轉換至 "D:\NTAKWeb\NTAK_DDQS\Exec\ConvertArea\復查決定-函洪俊良93信託營利所得-實質課稅-核課期間.doc.txt" 時發生錯誤, 原因: Variant does not reference an automation object
[20141107-102237 WordFileConvertSrv.exe] ERR> 轉檔作業失敗. 從 "D:\NTAKWeb\NTAK_DDQS\Exec\Manager\FileStore\日月光電子100年度營所稅復查決定書.doc" 轉換至 "D:\NTAKWeb\NTAK_DDQS\Exec\ConvertArea\日月光電子100年度營所稅復查決定書.doc.txt" 時發生錯誤, 原因: Variant does not reference an automation object
[20141107-102237 WordFileConvertSrv.exe] ERR> 轉檔作業失敗. 從 "D:\NTAKWeb\NTAK_DDQS\Exec\Manager\FileStore\李淑&#32137;決定書.doc" 轉換至 "D:\NTAKWeb\NTAK_DDQS\Exec\ConvertArea\李淑&#32137;決定書.doc.txt" 時發生錯誤, 原因: Variant does not reference an automation object
[20141107-102237 WordFileConvertSrv.exe] ERR> 轉檔作業失敗. 從 "D:\NTAKWeb\NTAK_DDQS\Exec\Manager\FileStore\李清 復查決定書.doc.doc" 轉換至 "D:\NTAKWeb\NTAK_DDQS\Exec\ConvertArea\李清 復查決定書.doc.doc.txt" 時發生錯誤, 原因: Variant does not reference an automation object
[20141107-102237 WordFileConvertSrv.exe] ERR> 轉檔作業失敗. 從 "D:\NTAKWeb\NTAK_DDQS\Exec\Manager\FileStore\李清&#23791;復查決定書.doc" 轉換至 "D:\NTAKWeb\NTAK_DDQS\Exec\ConvertArea\李清&#23791;復查決定書.doc.txt" 時發生錯誤, 原因: Variant does not reference an automation object
[20141107-102237 WordFileConvertSrv.exe] ERR> 轉檔作業失敗. 從 "D:\NTAKWeb\NTAK_DDQS\Exec\Manager\FileStore\林&#37979;宏決定書.doc" 轉換至 "D:\NTAKWeb\NTAK_DDQS\Exec\ConvertArea\林&#37979;宏決定書.doc.txt" 時發生錯誤, 原因: Variant does not reference an automation object
[20141107-102237 WordFileConvertSrv.exe] ERR> 轉檔作業失敗. 從 "D:\NTAKWeb\NTAK_DDQS\Exec\Manager\FileStore\林奇峰95年度復查報告確定版.doc" 轉換至 "D:\NTAKWeb\NTAK_DDQS\Exec\ConvertArea\林奇峰95年度復查報告確定版.doc.txt" 時發生錯誤, 原因: Variant does not reference an automation object
[20141107-102237 WordFileConvertSrv.exe] ERR> 轉檔作業失敗. 從 "D:\NTAKWeb\NTAK_DDQS\Exec\Manager\FileStore\林宜靜(第09903210號)-94~96年度.doc" 轉換至 "D:\NTAKWeb\NTAK_DDQS\Exec\ConvertArea\林宜靜(第09903210號)-94~96年度.doc.txt" 時發生錯誤, 原因: Variant does not reference an automation object
[20141107-102237 WordFileConvertSrv.exe] ERR> 轉檔作業失敗. 從 "D:\NTAKWeb\NTAK_DDQS\Exec\Manager\FileStore\林茂雄98年度綜合所得稅正本.doc" 轉換至 "D:\NTAKWeb\NTAK_DDQS\Exec\ConvertArea\林茂雄98年度綜合所得稅正本.doc.txt" 時發生錯誤, 原因: Variant does not reference an automation object
[20141107-102237 WordFileConvertSrv.exe] ERR> 轉檔作業失敗. 從 "D:\NTAKWeb\NTAK_DDQS\Exec\Manager\FileStore\林麗俐(第10002578號)-93年度.doc" 轉換至 "D:\NTAKWeb\NTAK_DDQS\Exec\ConvertArea\林麗俐(第10002578號)-93年度.doc.txt" 時發生錯誤, 原因: Variant does not reference an automation object
[20141107-102237 WordFileConvertSrv.exe] ERR> 轉檔作業失敗. 從 "D:\NTAKWeb\NTAK_DDQS\Exec\Manager\FileStore\楊肅泰(第09804135號)-96年度.doc" 轉換至 "D:\NTAKWeb\NTAK_DDQS\Exec\ConvertArea\楊肅泰(第09804135號)-96年度.doc.txt" 時發生錯誤, 原因: Variant does not reference an automation object
[20141107-102237 WordFileConvertSrv.exe] ERR> 轉檔作業失敗. 從 "D:\NTAKWeb\NTAK_DDQS\Exec\Manager\FileStore\歐陽建華(第09902018號)-88年度.doc" 轉換至 "D:\NTAKWeb\NTAK_DDQS\Exec\ConvertArea\歐陽建華(第09902018號)-88年度.doc.txt" 時發生錯誤, 原因: Variant does not reference an automation object
[20141107-102237 WordFileConvertSrv.exe] ERR> 轉檔作業失敗. 從 "D:\NTAKWeb\NTAK_DDQS\Exec\Manager\FileStore\武穎決~1.DOC" 轉換至 "D:\NTAKWeb\NTAK_DDQS\Exec\ConvertArea\武穎決~1.DOC.txt" 時發生錯誤, 原因: Variant does not reference an automation object
[20141107-102237 WordFileConvertSrv.exe] ERR> 轉檔作業失敗. 從 "D:\NTAKWeb\NTAK_DDQS\Exec\Manager\FileStore\潘&#21843;銘100罰鍰-委託他人代為申報-維持.doc" 轉換至 "D:\NTAKWeb\NTAK_DDQS\Exec\ConvertArea\潘&#21843;銘100罰鍰-委託他人代為申報-維持.doc.txt" 時發生錯誤, 原因: Variant does not reference an automation object
[20141107-102237 WordFileConvertSrv.exe] ERR> 轉檔作業失敗. 從 "D:\NTAKWeb\NTAK_DDQS\Exec\Manager\FileStore\王&#28702;苡101年特銷稅罰鍰決定書-函.docx" 轉換至 "D:\NTAKWeb\NTAK_DDQS\Exec\ConvertArea\王&#28702;苡101年特銷稅罰鍰決定書-函.docx.txt" 時發生錯誤, 原因: Variant does not reference an automation object
[20141107-102237 WordFileConvertSrv.exe] ERR> 轉檔作業失敗. 從 "D:\NTAKWeb\NTAK_DDQS\Exec\Manager\FileStore\白美香(第09803188號)-96年度.doc" 轉換至 "D:\NTAKWeb\NTAK_DDQS\Exec\ConvertArea\白美香(第09803188號)-96年度.doc.txt" 時發生錯誤, 原因: Variant does not reference an automation object
[20141107-102237 WordFileConvertSrv.exe] ERR> 轉檔作業失敗. 從 "D:\NTAKWeb\NTAK_DDQS\Exec\Manager\FileStore\蘇宏典(第10001702號)-95年度.doc" 轉換至 "D:\NTAKWeb\NTAK_DDQS\Exec\ConvertArea\蘇宏典(第10001702號)-95年度.doc.txt" 時發生錯誤, 原因: Variant does not reference an automation object
[20141107-102237 WordFileConvertSrv.exe] ERR> 轉檔作業失敗. 從 "D:\NTAKWeb\NTAK_DDQS\Exec\Manager\FileStore\達旺廣告(第09803394號)-95年度.doc" 轉換至 "D:\NTAKWeb\NTAK_DDQS\Exec\ConvertArea\達旺廣告(第09803394號)-95年度.doc.txt" 時發生錯誤, 原因: Variant does not reference an automation object
[20141107-102237 WordFileConvertSrv.exe] ERR> 轉檔作業失敗. 從 "D:\NTAKWeb\NTAK_DDQS\Exec\Manager\FileStore\鍇億國際95營所稅決定書(虛銷8%).doc" 轉換至 "D:\NTAKWeb\NTAK_DDQS\Exec\ConvertArea\鍇億國際95營所稅決定書(虛銷8%).doc.txt" 時發生錯誤, 原因: Variant does not reference an automation object
[20141107-102237 WordFileConvertSrv.exe] ERR> 轉檔作業失敗. 從 "D:\NTAKWeb\NTAK_DDQS\Exec\Manager\FileStore\鍇億國際95營所稅決定書虛銷8%.doc" 轉換至 "D:\NTAKWeb\NTAK_DDQS\Exec\ConvertArea\鍇億國際95營所稅決定書虛銷8%.doc.txt" 時發生錯誤, 原因: Variant does not reference an automation object
[20141107-102237 WordFileConvertSrv.exe] ERR> 轉檔作業失敗. 從 "D:\NTAKWeb\NTAK_DDQS\Exec\Manager\FileStore\陳麗文(第09801332號)-96年度.doc" 轉換至 "D:\NTAKWeb\NTAK_DDQS\Exec\ConvertArea\陳麗文(第09801332號)-96年度.doc.txt" 時發生錯誤, 原因: Variant does not reference an automation object
[20141107-102237 WordFileConvertSrv.exe] ERR> 轉檔作業失敗. 從 "D:\NTAKWeb\NTAK_DDQS\Exec\Manager\FileStore\黃&#28702;瑢復查決定書-海外所得.doc" 轉換至 "D:\NTAKWeb\NTAK_DDQS\Exec\ConvertArea\黃&#28702;瑢復查決定書-海外所得.doc.txt" 時發生錯誤, 原因: Variant does not reference an automation object
[20141107-102237 WordFileConvertSrv.exe] ERR> 轉檔作業失敗. 從 "D:\NTAKWeb\NTAK_DDQS\Exec\Manager\FileStore\黃鳳珠(第09703642號)-95年度.doc" 轉換至 "D:\NTAKWeb\NTAK_DDQS\Exec\ConvertArea\黃鳳珠(第09703642號)-95年度.doc.txt" 時發生錯誤, 原因: Variant does not reference an automation object
[20141107-102408 WordFileConvertSrv.exe] ERR> 轉檔作業失敗. 從 "D:\NTAKWeb\NTAK_DDQS\Exec\Manager\FileStore\&#40644;武穎決定書.doc" 轉換至 "D:\NTAKWeb\NTAK_DDQS\Exec\ConvertArea\&#40644;武穎決定書.doc.txt" 時發生錯誤, 原因: Variant does not reference an automation object
[20141107-102408 WordFileConvertSrv.exe] ERR> 轉檔作業失敗. 從 "D:\NTAKWeb\NTAK_DDQS\Exec\Manager\FileStore\09700128300.doc" 轉換至 "D:\NTAKWeb\NTAK_DDQS\Exec\ConvertArea\09700128300.doc.txt" 時發生錯誤, 原因: Variant does not reference an automation object
[20141107-102408 WordFileConvertSrv.exe] ERR> 轉檔作業失敗. 從 "D:\NTAKWeb\NTAK_DDQS\Exec\Manager\FileStore\09700398060.doc" 轉換至 "D:\NTAKWeb\NTAK_DDQS\Exec\ConvertArea\09700398060.doc.txt" 時發生錯誤, 原因: Variant does not reference an automation object
[20141107-102408 WordFileConvertSrv.exe] ERR> 轉檔作業失敗. 從 "D:\NTAKWeb\NTAK_DDQS\Exec\Manager\FileStore\1-1020924洪瑞&#23791;君96年度復查決定書-函.doc" 轉換至 "D:\NTAKWeb\NTAK_DDQS\Exec\ConvertArea\1-1020924洪瑞&#23791;君96年度復查決定書-函.doc.txt" 時發生錯誤, 原因: Variant does not reference an automation object
[20141107-102408 WordFileConvertSrv.exe] ERR> 轉檔作業失敗. 從 "D:\NTAKWeb\NTAK_DDQS\Exec\Manager\FileStore\100-2-21鍾泰營造有限公司營業稅罰鍰(復查決定書-重繕(發文).doc" 轉換至 "D:\NTAKWeb\NTAK_DDQS\Exec\ConvertArea\100-2-21鍾泰營造有限公司營業稅罰鍰(復查決定書-重繕(發文).doc.txt" 時發生錯誤, 原因: Variant does not reference an automation object
[20141107-102408 WordFileConvertSrv.exe] ERR> 轉檔作業失敗. 從 "D:\NTAKWeb\NTAK_DDQS\Exec\Manager\FileStore\100年度判字第1949號.doc" 轉換至 "D:\NTAKWeb\NTAK_DDQS\Exec\ConvertArea\100年度判字第1949號.doc.txt" 時發生錯誤, 原因: Variant does not reference an automation object
[20141107-102408 WordFileConvertSrv.exe] ERR> 轉檔作業失敗. 從 "D:\NTAKWeb\NTAK_DDQS\Exec\Manager\FileStore\100年度復查決定書稿發文.doc" 轉換至 "D:\NTAKWeb\NTAK_DDQS\Exec\ConvertArea\100年度復查決定書稿發文.doc.txt" 時發生錯誤, 原因: Variant does not reference an automation object
[20141107-102408 WordFileConvertSrv.exe] ERR> 轉檔作業失敗. 從 "D:\NTAKWeb\NTAK_DDQS\Exec\Manager\FileStore\100年度訴字第444號.doc" 轉換至 "D:\NTAKWeb\NTAK_DDQS\Exec\ConvertArea\100年度訴字第444號.doc.txt" 時發生錯誤, 原因: Variant does not reference an automation object
[20141107-102408 WordFileConvertSrv.exe] ERR> 轉檔作業失敗. 從 "D:\NTAKWeb\NTAK_DDQS\Exec\Manager\FileStore\102.4.29-陳&#28913;泰(陳吳芬釵)100年度綜所稅復查決定書.doc" 轉換至 "D:\NTAKWeb\NTAK_DDQS\Exec\ConvertArea\102.4.29-陳&#28913;泰(陳吳芬釵)100年度綜所稅復查決定書.doc.txt" 時發生錯誤, 原因: Variant does not reference an automation object
[20141107-102408 WordFileConvertSrv.exe] ERR> 轉檔作業失敗. 從 "D:\NTAKWeb\NTAK_DDQS\Exec\Manager\FileStore\10201614.doc" 轉換至 "D:\NTAKWeb\NTAK_DDQS\Exec\ConvertArea\10201614.doc.txt" 時發生錯誤, 原因: Variant does not reference an automation object
[20141107-102408 WordFileConvertSrv.exe] ERR> 轉檔作業失敗. 從 "D:\NTAKWeb\NTAK_DDQS\Exec\Manager\FileStore\1020716張孟信99年度綜所稅復查決定書(復查會決議修正).doc" 轉換至 "D:\NTAKWeb\NTAK_DDQS\Exec\ConvertArea\1020716張孟信99年度綜所稅復查決定書(復查會決議修正).doc.txt" 時發生錯誤, 原因: Variant does not reference an automation object
[20141107-102408 WordFileConvertSrv.exe] ERR> 轉檔作業失敗. 從 "D:\NTAKWeb\NTAK_DDQS\Exec\Manager\FileStore\1021030黃振銘君99年度綜所稅復查決定書.doc" 轉換至 "D:\NTAKWeb\NTAK_DDQS\Exec\ConvertArea\1021030黃振銘君99年度綜所稅復查決定書.doc.txt" 時發生錯誤, 原因: Variant does not reference an automation object
[20141107-102408 WordFileConvertSrv.exe] ERR> 轉檔作業失敗. 從 "D:\NTAKWeb\NTAK_DDQS\Exec\Manager\FileStore\103.06.23發文-黃小芳101年綜所稅決定書稿.doc" 轉換至 "D:\NTAKWeb\NTAK_DDQS\Exec\ConvertArea\103.06.23發文-黃小芳101年綜所稅決定書稿.doc.txt" 時發生錯誤, 原因: Variant does not reference an automation object
[20141107-102408 WordFileConvertSrv.exe] ERR> 轉檔作業失敗. 從 "D:\NTAKWeb\NTAK_DDQS\Exec\Manager\FileStore\103.4.25發文-陳振昌100年綜所稅決定書(罰鍰).doc" 轉換至 "D:\NTAKWeb\NTAK_DDQS\Exec\ConvertArea\103.4.25發文-陳振昌100年綜所稅決定書(罰鍰).doc.txt" 時發生錯誤, 原因: Variant does not reference an automation object
[20141107-102408 WordFileConvertSrv.exe] ERR> 轉檔作業失敗. 從 "D:\NTAKWeb\NTAK_DDQS\Exec\Manager\FileStore\10300120.doc" 轉換至 "D:\NTAKWeb\NTAK_DDQS\Exec\ConvertArea\10300120.doc.txt" 時發生錯誤, 原因: Variant does not reference an automation object
[20141107-102408 WordFileConvertSrv.exe] ERR> 轉檔作業失敗. 從 "D:\NTAKWeb\NTAK_DDQS\Exec\Manager\FileStore\1030912江昌101營所稅(漏報其他收入) 罰鍰復查決定書(發文).doc" 轉換至 "D:\NTAKWeb\NTAK_DDQS\Exec\ConvertArea\1030912江昌101營所稅(漏報其他收入) 罰鍰復查決定書(發文).doc.txt" 時發生錯誤, 原因: Variant does not reference an automation object
[20141107-102408 WordFileConvertSrv.exe] ERR> 轉檔作業失敗. 從 "D:\NTAKWeb\NTAK_DDQS\Exec\Manager\FileStore\95年度訴字第160號(2).doc" 轉換至 "D:\NTAKWeb\NTAK_DDQS\Exec\ConvertArea\95年度訴字第160號(2).doc.txt" 時發生錯誤, 原因: Variant does not reference an automation object
[20141107-102408 WordFileConvertSrv.exe] ERR> 轉檔作業失敗. 從 "D:\NTAKWeb\NTAK_DDQS\Exec\Manager\FileStore\98年度再字第37號.doc" 轉換至 "D:\NTAKWeb\NTAK_DDQS\Exec\ConvertArea\98年度再字第37號.doc.txt" 時發生錯誤, 原因: Variant does not reference an automation object
[20141107-102408 WordFileConvertSrv.exe] ERR> 轉檔作業失敗. 從 "D:\NTAKWeb\NTAK_DDQS\Exec\Manager\FileStore\98年度簡再字第13號(2).doc" 轉換至 "D:\NTAKWeb\NTAK_DDQS\Exec\ConvertArea\98年度簡再字第13號(2).doc.txt" 時發生錯誤, 原因: Variant does not reference an automation object
[20141107-102408 WordFileConvertSrv.exe] ERR> 轉檔作業失敗. 從 "D:\NTAKWeb\NTAK_DDQS\Exec\Manager\FileStore\99年度簡再字第9號.doc" 轉換至 "D:\NTAKWeb\NTAK_DDQS\Exec\ConvertArea\99年度簡再字第9號.doc.txt" 時發生錯誤, 原因: Variant does not reference an automation object
[20141107-102408 WordFileConvertSrv.exe] ERR> 轉檔作業失敗. 從 "D:\NTAKWeb\NTAK_DDQS\Exec\Manager\FileStore\IE8302100730陳景生101本稅-短報5%－更正後.doc" 轉換至 "D:\NTAKWeb\NTAK_DDQS\Exec\ConvertArea\IE8302100730陳景生101本稅-短報5%－更正後.doc.txt" 時發生錯誤, 原因: Variant does not reference an automation object
[20141107-102408 WordFileConvertSrv.exe] ERR> 轉檔作業失敗. 從 "D:\NTAKWeb\NTAK_DDQS\Exec\Manager\FileStore\JVP-LST.doc" 轉換至 "D:\NTAKWeb\NTAK_DDQS\Exec\ConvertArea\JVP-LST.doc.txt" 時發生錯誤, 原因: Variant does not reference an automation object
[20141107-102408 WordFileConvertSrv.exe] ERR> 轉檔作業失敗. 從 "D:\NTAKWeb\NTAK_DDQS\Exec\Manager\FileStore\NE0402400815邱翠蓮99罰鍰-未據實申報扣繳憑單20%-維持.doc" 轉換至 "D:\NTAKWeb\NTAK_DDQS\Exec\ConvertArea\NE0402400815邱翠蓮99罰鍰-未據實申報扣繳憑單20%-維持.doc.txt" 時發生錯誤, 原因: Variant does not reference an automation object
[20141107-102408 WordFileConvertSrv.exe] ERR> 轉檔作業失敗. 從 "D:\NTAKWeb\NTAK_DDQS\Exec\Manager\FileStore\NE0403100144章一民101年復查決定書-稿.doc" 轉換至 "D:\NTAKWeb\NTAK_DDQS\Exec\ConvertArea\NE0403100144章一民101年復查決定書-稿.doc.txt" 時發生錯誤, 原因: Variant does not reference an automation object
[20141107-102408 WordFileConvertSrv.exe] ERR> 轉檔作業失敗. 從 "D:\NTAKWeb\NTAK_DDQS\Exec\Manager\FileStore\NE8302100123莊全勝100免稅額-追減-核定.doc" 轉換至 "D:\NTAKWeb\NTAK_DDQS\Exec\ConvertArea\NE8302100123莊全勝100免稅額-追減-核定.doc.txt" 時發生錯誤, 原因: Variant does not reference an automation object
[20141107-102408 WordFileConvertSrv.exe] ERR> 轉檔作業失敗. 從 "D:\NTAKWeb\NTAK_DDQS\Exec\Manager\FileStore\NE8302400498潘&#21843;銘100罰鍰-委託他人代為申報-維持.doc" 轉換至 "D:\NTAKWeb\NTAK_DDQS\Exec\ConvertArea\NE8302400498潘&#21843;銘100罰鍰-委託他人代為申報-維持.doc.txt" 時發生錯誤, 原因: Variant does not reference an automation object
[20141107-102408 WordFileConvertSrv.exe] ERR> 轉檔作業失敗. 從 "D:\NTAKWeb\NTAK_DDQS\Exec\Manager\FileStore\何海鷗101虛列免稅額決定書(本+罰)正本.doc" 轉換至 "D:\NTAKWeb\NTAK_DDQS\Exec\ConvertArea\何海鷗101虛列免稅額決定書(本+罰)正本.doc.txt" 時發生錯誤, 原因: Variant does not reference an automation object
[20141107-102408 WordFileConvertSrv.exe] ERR> 轉檔作業失敗. 從 "D:\NTAKWeb\NTAK_DDQS\Exec\Manager\FileStore\佳勝營造(第09903392號)-94年度.doc" 轉換至 "D:\NTAKWeb\NTAK_DDQS\Exec\ConvertArea\佳勝營造(第09903392號)-94年度.doc.txt" 時發生錯誤, 原因: Variant does not reference an automation object
[20141107-102408 WordFileConvertSrv.exe] ERR> 轉檔作業失敗. 從 "D:\NTAKWeb\NTAK_DDQS\Exec\Manager\FileStore\北方之星(第09800030號)-89年度.doc" 轉換至 "D:\NTAKWeb\NTAK_DDQS\Exec\ConvertArea\北方之星(第09800030號)-89年度.doc.txt" 時發生錯誤, 原因: Variant does not reference an automation object
[20141107-102408 WordFileConvertSrv.exe] ERR> 轉檔作業失敗. 從 "D:\NTAKWeb\NTAK_DDQS\Exec\Manager\FileStore\呂冠霖(第09704361~09704365號)-91~95年度.doc" 轉換至 "D:\NTAKWeb\NTAK_DDQS\Exec\ConvertArea\呂冠霖(第09704361~09704365號)-91~95年度.doc.txt" 時發生錯誤, 原因: Variant does not reference an automation object
[20141107-102408 WordFileConvertSrv.exe] ERR> 轉檔作業失敗. 從 "D:\NTAKWeb\NTAK_DDQS\Exec\Manager\FileStore\周王金珍(第09800157號)-94年度.doc" 轉換至 "D:\NTAKWeb\NTAK_DDQS\Exec\ConvertArea\周王金珍(第09800157號)-94年度.doc.txt" 時發生錯誤, 原因: Variant does not reference an automation object
[20141107-102408 WordFileConvertSrv.exe] ERR> 轉檔作業失敗. 從 "D:\NTAKWeb\NTAK_DDQS\Exec\Manager\FileStore\廖東建(第10001282號)-98年度.doc" 轉換至 "D:\NTAKWeb\NTAK_DDQS\Exec\ConvertArea\廖東建(第10001282號)-98年度.doc.txt" 時發生錯誤, 原因: Variant does not reference an automation object
[20141107-102408 WordFileConvertSrv.exe] ERR> 轉檔作業失敗. 從 "D:\NTAKWeb\NTAK_DDQS\Exec\Manager\FileStore\廣建95營所稅決定書(虛銷8%).doc" 轉換至 "D:\NTAKWeb\NTAK_DDQS\Exec\ConvertArea\廣建95營所稅決定書(虛銷8%).doc.txt" 時發生錯誤, 原因: Variant does not reference an automation object
[20141107-102408 WordFileConvertSrv.exe] ERR> 轉檔作業失敗. 從 "D:\NTAKWeb\NTAK_DDQS\Exec\Manager\FileStore\彭宴祥(第09801703號)-96年度.doc" 轉換至 "D:\NTAKWeb\NTAK_DDQS\Exec\ConvertArea\彭宴祥(第09801703號)-96年度.doc.txt" 時發生錯誤, 原因: Variant does not reference an automation object
[20141107-102408 WordFileConvertSrv.exe] ERR> 轉檔作業失敗. 從 "D:\NTAKWeb\NTAK_DDQS\Exec\Manager\FileStore\復查決定-函洪俊良93信託營利所得-實質課稅-核課期間.doc" 轉換至 "D:\NTAKWeb\NTAK_DDQS\Exec\ConvertArea\復查決定-函洪俊良93信託營利所得-實質課稅-核課期間.doc.txt" 時發生錯誤, 原因: Variant does not reference an automation object
[20141107-102408 WordFileConvertSrv.exe] ERR> 轉檔作業失敗. 從 "D:\NTAKWeb\NTAK_DDQS\Exec\Manager\FileStore\日月光電子100年度營所稅復查決定書.doc" 轉換至 "D:\NTAKWeb\NTAK_DDQS\Exec\ConvertArea\日月光電子100年度營所稅復查決定書.doc.txt" 時發生錯誤, 原因: Variant does not reference an automation object
[20141107-102408 WordFileConvertSrv.exe] ERR> 轉檔作業失敗. 從 "D:\NTAKWeb\NTAK_DDQS\Exec\Manager\FileStore\李淑&#32137;決定書.doc" 轉換至 "D:\NTAKWeb\NTAK_DDQS\Exec\ConvertArea\李淑&#32137;決定書.doc.txt" 時發生錯誤, 原因: Variant does not reference an automation object
[20141107-102408 WordFileConvertSrv.exe] ERR> 轉檔作業失敗. 從 "D:\NTAKWeb\NTAK_DDQS\Exec\Manager\FileStore\李清 復查決定書.doc.doc" 轉換至 "D:\NTAKWeb\NTAK_DDQS\Exec\ConvertArea\李清 復查決定書.doc.doc.txt" 時發生錯誤, 原因: Variant does not reference an automation object
[20141107-102408 WordFileConvertSrv.exe] ERR> 轉檔作業失敗. 從 "D:\NTAKWeb\NTAK_DDQS\Exec\Manager\FileStore\李清&#23791;復查決定書.doc" 轉換至 "D:\NTAKWeb\NTAK_DDQS\Exec\ConvertArea\李清&#23791;復查決定書.doc.txt" 時發生錯誤, 原因: Variant does not reference an automation object
[20141107-102408 WordFileConvertSrv.exe] ERR> 轉檔作業失敗. 從 "D:\NTAKWeb\NTAK_DDQS\Exec\Manager\FileStore\林&#37979;宏決定書.doc" 轉換至 "D:\NTAKWeb\NTAK_DDQS\Exec\ConvertArea\林&#37979;宏決定書.doc.txt" 時發生錯誤, 原因: Variant does not reference an automation object
[20141107-102408 WordFileConvertSrv.exe] ERR> 轉檔作業失敗. 從 "D:\NTAKWeb\NTAK_DDQS\Exec\Manager\FileStore\林奇峰95年度復查報告確定版.doc" 轉換至 "D:\NTAKWeb\NTAK_DDQS\Exec\ConvertArea\林奇峰95年度復查報告確定版.doc.txt" 時發生錯誤, 原因: Variant does not reference an automation object
[20141107-102408 WordFileConvertSrv.exe] ERR> 轉檔作業失敗. 從 "D:\NTAKWeb\NTAK_DDQS\Exec\Manager\FileStore\林宜靜(第09903210號)-94~96年度.doc" 轉換至 "D:\NTAKWeb\NTAK_DDQS\Exec\ConvertArea\林宜靜(第09903210號)-94~96年度.doc.txt" 時發生錯誤, 原因: Variant does not reference an automation object
[20141107-102408 WordFileConvertSrv.exe] ERR> 轉檔作業失敗. 從 "D:\NTAKWeb\NTAK_DDQS\Exec\Manager\FileStore\林茂雄98年度綜合所得稅正本.doc" 轉換至 "D:\NTAKWeb\NTAK_DDQS\Exec\ConvertArea\林茂雄98年度綜合所得稅正本.doc.txt" 時發生錯誤, 原因: Variant does not reference an automation object
[20141107-102408 WordFileConvertSrv.exe] ERR> 轉檔作業失敗. 從 "D:\NTAKWeb\NTAK_DDQS\Exec\Manager\FileStore\林麗俐(第10002578號)-93年度.doc" 轉換至 "D:\NTAKWeb\NTAK_DDQS\Exec\ConvertArea\林麗俐(第10002578號)-93年度.doc.txt" 時發生錯誤, 原因: Variant does not reference an automation object
[20141107-102408 WordFileConvertSrv.exe] ERR> 轉檔作業失敗. 從 "D:\NTAKWeb\NTAK_DDQS\Exec\Manager\FileStore\楊肅泰(第09804135號)-96年度.doc" 轉換至 "D:\NTAKWeb\NTAK_DDQS\Exec\ConvertArea\楊肅泰(第09804135號)-96年度.doc.txt" 時發生錯誤, 原因: Variant does not reference an automation object
[20141107-102408 WordFileConvertSrv.exe] ERR> 轉檔作業失敗. 從 "D:\NTAKWeb\NTAK_DDQS\Exec\Manager\FileStore\歐陽建華(第09902018號)-88年度.doc" 轉換至 "D:\NTAKWeb\NTAK_DDQS\Exec\ConvertArea\歐陽建華(第09902018號)-88年度.doc.txt" 時發生錯誤, 原因: Variant does not reference an automation object
[20141107-102408 WordFileConvertSrv.exe] ERR> 轉檔作業失敗. 從 "D:\NTAKWeb\NTAK_DDQS\Exec\Manager\FileStore\武穎決~1.DOC" 轉換至 "D:\NTAKWeb\NTAK_DDQS\Exec\ConvertArea\武穎決~1.DOC.txt" 時發生錯誤, 原因: Variant does not reference an automation object
[20141107-102408 WordFileConvertSrv.exe] ERR> 轉檔作業失敗. 從 "D:\NTAKWeb\NTAK_DDQS\Exec\Manager\FileStore\潘&#21843;銘100罰鍰-委託他人代為申報-維持.doc" 轉換至 "D:\NTAKWeb\NTAK_DDQS\Exec\ConvertArea\潘&#21843;銘100罰鍰-委託他人代為申報-維持.doc.txt" 時發生錯誤, 原因: Variant does not reference an automation object
[20141107-102408 WordFileConvertSrv.exe] ERR> 轉檔作業失敗. 從 "D:\NTAKWeb\NTAK_DDQS\Exec\Manager\FileStore\王&#28702;苡101年特銷稅罰鍰決定書-函.docx" 轉換至 "D:\NTAKWeb\NTAK_DDQS\Exec\ConvertArea\王&#28702;苡101年特銷稅罰鍰決定書-函.docx.txt" 時發生錯誤, 原因: Variant does not reference an automation object
[20141107-102408 WordFileConvertSrv.exe] ERR> 轉檔作業失敗. 從 "D:\NTAKWeb\NTAK_DDQS\Exec\Manager\FileStore\白美香(第09803188號)-96年度.doc" 轉換至 "D:\NTAKWeb\NTAK_DDQS\Exec\ConvertArea\白美香(第09803188號)-96年度.doc.txt" 時發生錯誤, 原因: Variant does not reference an automation object
[20141107-102408 WordFileConvertSrv.exe] ERR> 轉檔作業失敗. 從 "D:\NTAKWeb\NTAK_DDQS\Exec\Manager\FileStore\蘇宏典(第10001702號)-95年度.doc" 轉換至 "D:\NTAKWeb\NTAK_DDQS\Exec\ConvertArea\蘇宏典(第10001702號)-95年度.doc.txt" 時發生錯誤, 原因: Variant does not reference an automation object
[20141107-102408 WordFileConvertSrv.exe] ERR> 轉檔作業失敗. 從 "D:\NTAKWeb\NTAK_DDQS\Exec\Manager\FileStore\達旺廣告(第09803394號)-95年度.doc" 轉換至 "D:\NTAKWeb\NTAK_DDQS\Exec\ConvertArea\達旺廣告(第09803394號)-95年度.doc.txt" 時發生錯誤, 原因: Variant does not reference an automation object
[20141107-102408 WordFileConvertSrv.exe] ERR> 轉檔作業失敗. 從 "D:\NTAKWeb\NTAK_DDQS\Exec\Manager\FileStore\鍇億國際95營所稅決定書(虛銷8%).doc" 轉換至 "D:\NTAKWeb\NTAK_DDQS\Exec\ConvertArea\鍇億國際95營所稅決定書(虛銷8%).doc.txt" 時發生錯誤, 原因: Variant does not reference an automation object
[20141107-102408 WordFileConvertSrv.exe] ERR> 轉檔作業失敗. 從 "D:\NTAKWeb\NTAK_DDQS\Exec\Manager\FileStore\鍇億國際95營所稅決定書虛銷8%.doc" 轉換至 "D:\NTAKWeb\NTAK_DDQS\Exec\ConvertArea\鍇億國際95營所稅決定書虛銷8%.doc.txt" 時發生錯誤, 原因: Variant does not reference an automation object
[20141107-102408 WordFileConvertSrv.exe] ERR> 轉檔作業失敗. 從 "D:\NTAKWeb\NTAK_DDQS\Exec\Manager\FileStore\陳麗文(第09801332號)-96年度.doc" 轉換至 "D:\NTAKWeb\NTAK_DDQS\Exec\ConvertArea\陳麗文(第09801332號)-96年度.doc.txt" 時發生錯誤, 原因: Variant does not reference an automation object
[20141107-102408 WordFileConvertSrv.exe] ERR> 轉檔作業失敗. 從 "D:\NTAKWeb\NTAK_DDQS\Exec\Manager\FileStore\黃&#28702;瑢復查決定書-海外所得.doc" 轉換至 "D:\NTAKWeb\NTAK_DDQS\Exec\ConvertArea\黃&#28702;瑢復查決定書-海外所得.doc.txt" 時發生錯誤, 原因: Variant does not reference an automation object
[20141107-102408 WordFileConvertSrv.exe] ERR> 轉檔作業失敗. 從 "D:\NTAKWeb\NTAK_DDQS\Exec\Manager\FileStore\黃鳳珠(第09703642號)-95年度.doc" 轉換至 "D:\NTAKWeb\NTAK_DDQS\Exec\ConvertArea\黃鳳珠(第09703642號)-95年度.doc.txt" 時發生錯誤, 原因: Variant does not reference an automation object
[20141107-102408 WordFileConvertSrv.exe] ERR> 轉檔作業失敗. 從 "D:\NTAKWeb\NTAK_DDQS\Exec\Manager\FileStore\&#40644;武穎決定書.doc" 轉換至 "D:\NTAKWeb\NTAK_DDQS\Exec\ConvertArea\&#40644;武穎決定書.doc.txt" 時發生錯誤, 原因: Variant does not reference an automation object
[20141107-102408 WordFileConvertSrv.exe] ERR> 轉檔作業失敗. 從 "D:\NTAKWeb\NTAK_DDQS\Exec\Manager\FileStore\09700128300.doc" 轉換至 "D:\NTAKWeb\NTAK_DDQS\Exec\ConvertArea\09700128300.doc.txt" 時發生錯誤, 原因: Variant does not reference an automation object
[20141107-102408 WordFileConvertSrv.exe] ERR> 轉檔作業失敗. 從 "D:\NTAKWeb\NTAK_DDQS\Exec\Manager\FileStore\09700398060.doc" 轉換至 "D:\NTAKWeb\NTAK_DDQS\Exec\ConvertArea\09700398060.doc.txt" 時發生錯誤, 原因: Variant does not reference an automation object
[20141107-102408 WordFileConvertSrv.exe] ERR> 轉檔作業失敗. 從 "D:\NTAKWeb\NTAK_DDQS\Exec\Manager\FileStore\1-1020924洪瑞&#23791;君96年度復查決定書-函.doc" 轉換至 "D:\NTAKWeb\NTAK_DDQS\Exec\ConvertArea\1-1020924洪瑞&#23791;君96年度復查決定書-函.doc.txt" 時發生錯誤, 原因: Variant does not reference an automation object
[20141107-102408 WordFileConvertSrv.exe] ERR> 轉檔作業失敗. 從 "D:\NTAKWeb\NTAK_DDQS\Exec\Manager\FileStore\100-2-21鍾泰營造有限公司營業稅罰鍰(復查決定書-重繕(發文).doc" 轉換至 "D:\NTAKWeb\NTAK_DDQS\Exec\ConvertArea\100-2-21鍾泰營造有限公司營業稅罰鍰(復查決定書-重繕(發文).doc.txt" 時發生錯誤, 原因: Variant does not reference an automation object
[20141107-102408 WordFileConvertSrv.exe] ERR> 轉檔作業失敗. 從 "D:\NTAKWeb\NTAK_DDQS\Exec\Manager\FileStore\100年度判字第1949號.doc" 轉換至 "D:\NTAKWeb\NTAK_DDQS\Exec\ConvertArea\100年度判字第1949號.doc.txt" 時發生錯誤, 原因: Variant does not reference an automation object
[20141107-102408 WordFileConvertSrv.exe] ERR> 轉檔作業失敗. 從 "D:\NTAKWeb\NTAK_DDQS\Exec\Manager\FileStore\100年度復查決定書稿發文.doc" 轉換至 "D:\NTAKWeb\NTAK_DDQS\Exec\ConvertArea\100年度復查決定書稿發文.doc.txt" 時發生錯誤, 原因: Variant does not reference an automation object
[20141107-102408 WordFileConvertSrv.exe] ERR> 轉檔作業失敗. 從 "D:\NTAKWeb\NTAK_DDQS\Exec\Manager\FileStore\100年度訴字第444號.doc" 轉換至 "D:\NTAKWeb\NTAK_DDQS\Exec\ConvertArea\100年度訴字第444號.doc.txt" 時發生錯誤, 原因: Variant does not reference an automation object
[20141107-102408 WordFileConvertSrv.exe] ERR> 轉檔作業失敗. 從 "D:\NTAKWeb\NTAK_DDQS\Exec\Manager\FileStore\102.4.29-陳&#28913;泰(陳吳芬釵)100年度綜所稅復查決定書.doc" 轉換至 "D:\NTAKWeb\NTAK_DDQS\Exec\ConvertArea\102.4.29-陳&#28913;泰(陳吳芬釵)100年度綜所稅復查決定書.doc.txt" 時發生錯誤, 原因: Variant does not reference an automation object
[20141107-102408 WordFileConvertSrv.exe] ERR> 轉檔作業失敗. 從 "D:\NTAKWeb\NTAK_DDQS\Exec\Manager\FileStore\10201614.doc" 轉換至 "D:\NTAKWeb\NTAK_DDQS\Exec\ConvertArea\10201614.doc.txt" 時發生錯誤, 原因: Variant does not reference an automation object
[20141107-102408 WordFileConvertSrv.exe] ERR> 轉檔作業失敗. 從 "D:\NTAKWeb\NTAK_DDQS\Exec\Manager\FileStore\1020716張孟信99年度綜所稅復查決定書(復查會決議修正).doc" 轉換至 "D:\NTAKWeb\NTAK_DDQS\Exec\ConvertArea\1020716張孟信99年度綜所稅復查決定書(復查會決議修正).doc.txt" 時發生錯誤, 原因: Variant does not reference an automation object
[20141107-102408 WordFileConvertSrv.exe] ERR> 轉檔作業失敗. 從 "D:\NTAKWeb\NTAK_DDQS\Exec\Manager\FileStore\1021030黃振銘君99年度綜所稅復查決定書.doc" 轉換至 "D:\NTAKWeb\NTAK_DDQS\Exec\ConvertArea\1021030黃振銘君99年度綜所稅復查決定書.doc.txt" 時發生錯誤, 原因: Variant does not reference an automation object
[20141107-102408 WordFileConvertSrv.exe] ERR> 轉檔作業失敗. 從 "D:\NTAKWeb\NTAK_DDQS\Exec\Manager\FileStore\103.06.23發文-黃小芳101年綜所稅決定書稿.doc" 轉換至 "D:\NTAKWeb\NTAK_DDQS\Exec\ConvertArea\103.06.23發文-黃小芳101年綜所稅決定書稿.doc.txt" 時發生錯誤, 原因: Variant does not reference an automation object
[20141107-102408 WordFileConvertSrv.exe] ERR> 轉檔作業失敗. 從 "D:\NTAKWeb\NTAK_DDQS\Exec\Manager\FileStore\103.4.25發文-陳振昌100年綜所稅決定書(罰鍰).doc" 轉換至 "D:\NTAKWeb\NTAK_DDQS\Exec\ConvertArea\103.4.25發文-陳振昌100年綜所稅決定書(罰鍰).doc.txt" 時發生錯誤, 原因: Variant does not reference an automation object
[20141107-102408 WordFileConvertSrv.exe] ERR> 轉檔作業失敗. 從 "D:\NTAKWeb\NTAK_DDQS\Exec\Manager\FileStore\10300120.doc" 轉換至 "D:\NTAKWeb\NTAK_DDQS\Exec\ConvertArea\10300120.doc.txt" 時發生錯誤, 原因: Variant does not reference an automation object
[20141107-102408 WordFileConvertSrv.exe] ERR> 轉檔作業失敗. 從 "D:\NTAKWeb\NTAK_DDQS\Exec\Manager\FileStore\1030912江昌101營所稅(漏報其他收入) 罰鍰復查決定書(發文).doc" 轉換至 "D:\NTAKWeb\NTAK_DDQS\Exec\ConvertArea\1030912江昌101營所稅(漏報其他收入) 罰鍰復查決定書(發文).doc.txt" 時發生錯誤, 原因: Variant does not reference an automation object
[20141107-102408 WordFileConvertSrv.exe] ERR> 轉檔作業失敗. 從 "D:\NTAKWeb\NTAK_DDQS\Exec\Manager\FileStore\95年度訴字第160號(2).doc" 轉換至 "D:\NTAKWeb\NTAK_DDQS\Exec\ConvertArea\95年度訴字第160號(2).doc.txt" 時發生錯誤, 原因: Variant does not reference an automation object
[20141107-102408 WordFileConvertSrv.exe] ERR> 轉檔作業失敗. 從 "D:\NTAKWeb\NTAK_DDQS\Exec\Manager\FileStore\98年度再字第37號.doc" 轉換至 "D:\NTAKWeb\NTAK_DDQS\Exec\ConvertArea\98年度再字第37號.doc.txt" 時發生錯誤, 原因: Variant does not reference an automation object
[20141107-102408 WordFileConvertSrv.exe] ERR> 轉檔作業失敗. 從 "D:\NTAKWeb\NTAK_DDQS\Exec\Manager\FileStore\98年度簡再字第13號(2).doc" 轉換至 "D:\NTAKWeb\NTAK_DDQS\Exec\ConvertArea\98年度簡再字第13號(2).doc.txt" 時發生錯誤, 原因: Variant does not reference an automation object
[20141107-102408 WordFileConvertSrv.exe] ERR> 轉檔作業失敗. 從 "D:\NTAKWeb\NTAK_DDQS\Exec\Manager\FileStore\99年度簡再字第9號.doc" 轉換至 "D:\NTAKWeb\NTAK_DDQS\Exec\ConvertArea\99年度簡再字第9號.doc.txt" 時發生錯誤, 原因: Variant does not reference an automation object
[20141107-102408 WordFileConvertSrv.exe] ERR> 轉檔作業失敗. 從 "D:\NTAKWeb\NTAK_DDQS\Exec\Manager\FileStore\IE8302100730陳景生101本稅-短報5%－更正後.doc" 轉換至 "D:\NTAKWeb\NTAK_DDQS\Exec\ConvertArea\IE8302100730陳景生101本稅-短報5%－更正後.doc.txt" 時發生錯誤, 原因: Variant does not reference an automation object
[20141107-102408 WordFileConvertSrv.exe] ERR> 轉檔作業失敗. 從 "D:\NTAKWeb\NTAK_DDQS\Exec\Manager\FileStore\JVP-LST.doc" 轉換至 "D:\NTAKWeb\NTAK_DDQS\Exec\ConvertArea\JVP-LST.doc.txt" 時發生錯誤, 原因: Variant does not reference an automation object
[20141107-102408 WordFileConvertSrv.exe] ERR> 轉檔作業失敗. 從 "D:\NTAKWeb\NTAK_DDQS\Exec\Manager\FileStore\NE0402400815邱翠蓮99罰鍰-未據實申報扣繳憑單20%-維持.doc" 轉換至 "D:\NTAKWeb\NTAK_DDQS\Exec\ConvertArea\NE0402400815邱翠蓮99罰鍰-未據實申報扣繳憑單20%-維持.doc.txt" 時發生錯誤, 原因: Variant does not reference an automation object
[20141107-102408 WordFileConvertSrv.exe] ERR> 轉檔作業失敗. 從 "D:\NTAKWeb\NTAK_DDQS\Exec\Manager\FileStore\NE0403100144章一民101年復查決定書-稿.doc" 轉換至 "D:\NTAKWeb\NTAK_DDQS\Exec\ConvertArea\NE0403100144章一民101年復查決定書-稿.doc.txt" 時發生錯誤, 原因: Variant does not reference an automation object
[20141107-102408 WordFileConvertSrv.exe] ERR> 轉檔作業失敗. 從 "D:\NTAKWeb\NTAK_DDQS\Exec\Manager\FileStore\NE8302100123莊全勝100免稅額-追減-核定.doc" 轉換至 "D:\NTAKWeb\NTAK_DDQS\Exec\ConvertArea\NE8302100123莊全勝100免稅額-追減-核定.doc.txt" 時發生錯誤, 原因: Variant does not reference an automation object
[20141107-102408 WordFileConvertSrv.exe] ERR> 轉檔作業失敗. 從 "D:\NTAKWeb\NTAK_DDQS\Exec\Manager\FileStore\NE8302400498潘&#21843;銘100罰鍰-委託他人代為申報-維持.doc" 轉換至 "D:\NTAKWeb\NTAK_DDQS\Exec\ConvertArea\NE8302400498潘&#21843;銘100罰鍰-委託他人代為申報-維持.doc.txt" 時發生錯誤, 原因: Variant does not reference an automation object
[20141107-102408 WordFileConvertSrv.exe] ERR> 轉檔作業失敗. 從 "D:\NTAKWeb\NTAK_DDQS\Exec\Manager\FileStore\何海鷗101虛列免稅額決定書(本+罰)正本.doc" 轉換至 "D:\NTAKWeb\NTAK_DDQS\Exec\ConvertArea\何海鷗101虛列免稅額決定書(本+罰)正本.doc.txt" 時發生錯誤, 原因: Variant does not reference an automation object
[20141107-102408 WordFileConvertSrv.exe] ERR> 轉檔作業失敗. 從 "D:\NTAKWeb\NTAK_DDQS\Exec\Manager\FileStore\佳勝營造(第09903392號)-94年度.doc" 轉換至 "D:\NTAKWeb\NTAK_DDQS\Exec\ConvertArea\佳勝營造(第09903392號)-94年度.doc.txt" 時發生錯誤, 原因: Variant does not reference an automation object
[20141107-102408 WordFileConvertSrv.exe] ERR> 轉檔作業失敗. 從 "D:\NTAKWeb\NTAK_DDQS\Exec\Manager\FileStore\北方之星(第09800030號)-89年度.doc" 轉換至 "D:\NTAKWeb\NTAK_DDQS\Exec\ConvertArea\北方之星(第09800030號)-89年度.doc.txt" 時發生錯誤, 原因: Variant does not reference an automation object
[20141107-102408 WordFileConvertSrv.exe] ERR> 轉檔作業失敗. 從 "D:\NTAKWeb\NTAK_DDQS\Exec\Manager\FileStore\呂冠霖(第09704361~09704365號)-91~95年度.doc" 轉換至 "D:\NTAKWeb\NTAK_DDQS\Exec\ConvertArea\呂冠霖(第09704361~09704365號)-91~95年度.doc.txt" 時發生錯誤, 原因: Variant does not reference an automation object
[20141107-102408 WordFileConvertSrv.exe] ERR> 轉檔作業失敗. 從 "D:\NTAKWeb\NTAK_DDQS\Exec\Manager\FileStore\周王金珍(第09800157號)-94年度.doc" 轉換至 "D:\NTAKWeb\NTAK_DDQS\Exec\ConvertArea\周王金珍(第09800157號)-94年度.doc.txt" 時發生錯誤, 原因: Variant does not reference an automation object
[20141107-102408 WordFileConvertSrv.exe] ERR> 轉檔作業失敗. 從 "D:\NTAKWeb\NTAK_DDQS\Exec\Manager\FileStore\廖東建(第10001282號)-98年度.doc" 轉換至 "D:\NTAKWeb\NTAK_DDQS\Exec\ConvertArea\廖東建(第10001282號)-98年度.doc.txt" 時發生錯誤, 原因: Variant does not reference an automation object
[20141107-102408 WordFileConvertSrv.exe] ERR> 轉檔作業失敗. 從 "D:\NTAKWeb\NTAK_DDQS\Exec\Manager\FileStore\廣建95營所稅決定書(虛銷8%).doc" 轉換至 "D:\NTAKWeb\NTAK_DDQS\Exec\ConvertArea\廣建95營所稅決定書(虛銷8%).doc.txt" 時發生錯誤, 原因: Variant does not reference an automation object
[20141107-102408 WordFileConvertSrv.exe] ERR> 轉檔作業失敗. 從 "D:\NTAKWeb\NTAK_DDQS\Exec\Manager\FileStore\彭宴祥(第09801703號)-96年度.doc" 轉換至 "D:\NTAKWeb\NTAK_DDQS\Exec\ConvertArea\彭宴祥(第09801703號)-96年度.doc.txt" 時發生錯誤, 原因: Variant does not reference an automation object
[20141107-102408 WordFileConvertSrv.exe] ERR> 轉檔作業失敗. 從 "D:\NTAKWeb\NTAK_DDQS\Exec\Manager\FileStore\復查決定-函洪俊良93信託營利所得-實質課稅-核課期間.doc" 轉換至 "D:\NTAKWeb\NTAK_DDQS\Exec\ConvertArea\復查決定-函洪俊良93信託營利所得-實質課稅-核課期間.doc.txt" 時發生錯誤, 原因: Variant does not reference an automation object
[20141107-102408 WordFileConvertSrv.exe] ERR> 轉檔作業失敗. 從 "D:\NTAKWeb\NTAK_DDQS\Exec\Manager\FileStore\日月光電子100年度營所稅復查決定書.doc" 轉換至 "D:\NTAKWeb\NTAK_DDQS\Exec\ConvertArea\日月光電子100年度營所稅復查決定書.doc.txt" 時發生錯誤, 原因: Variant does not reference an automation object
[20141107-102408 WordFileConvertSrv.exe] ERR> 轉檔作業失敗. 從 "D:\NTAKWeb\NTAK_DDQS\Exec\Manager\FileStore\李淑&#32137;決定書.doc" 轉換至 "D:\NTAKWeb\NTAK_DDQS\Exec\ConvertArea\李淑&#32137;決定書.doc.txt" 時發生錯誤, 原因: Variant does not reference an automation object
[20141107-102408 WordFileConvertSrv.exe] ERR> 轉檔作業失敗. 從 "D:\NTAKWeb\NTAK_DDQS\Exec\Manager\FileStore\李清 復查決定書.doc.doc" 轉換至 "D:\NTAKWeb\NTAK_DDQS\Exec\ConvertArea\李清 復查決定書.doc.doc.txt" 時發生錯誤, 原因: Variant does not reference an automation object
[20141107-102408 WordFileConvertSrv.exe] ERR> 轉檔作業失敗. 從 "D:\NTAKWeb\NTAK_DDQS\Exec\Manager\FileStore\李清&#23791;復查決定書.doc" 轉換至 "D:\NTAKWeb\NTAK_DDQS\Exec\ConvertArea\李清&#23791;復查決定書.doc.txt" 時發生錯誤, 原因: Variant does not reference an automation object
[20141107-102408 WordFileConvertSrv.exe] ERR> 轉檔作業失敗. 從 "D:\NTAKWeb\NTAK_DDQS\Exec\Manager\FileStore\林&#37979;宏決定書.doc" 轉換至 "D:\NTAKWeb\NTAK_DDQS\Exec\ConvertArea\林&#37979;宏決定書.doc.txt" 時發生錯誤, 原因: Variant does not reference an automation object
[20141107-102408 WordFileConvertSrv.exe] ERR> 轉檔作業失敗. 從 "D:\NTAKWeb\NTAK_DDQS\Exec\Manager\FileStore\林奇峰95年度復查報告確定版.doc" 轉換至 "D:\NTAKWeb\NTAK_DDQS\Exec\ConvertArea\林奇峰95年度復查報告確定版.doc.txt" 時發生錯誤, 原因: Variant does not reference an automation object
[20141107-102408 WordFileConvertSrv.exe] ERR> 轉檔作業失敗. 從 "D:\NTAKWeb\NTAK_DDQS\Exec\Manager\FileStore\林宜靜(第09903210號)-94~96年度.doc" 轉換至 "D:\NTAKWeb\NTAK_DDQS\Exec\ConvertArea\林宜靜(第09903210號)-94~96年度.doc.txt" 時發生錯誤, 原因: Variant does not reference an automation object
[20141107-102408 WordFileConvertSrv.exe] ERR> 轉檔作業失敗. 從 "D:\NTAKWeb\NTAK_DDQS\Exec\Manager\FileStore\林茂雄98年度綜合所得稅正本.doc" 轉換至 "D:\NTAKWeb\NTAK_DDQS\Exec\ConvertArea\林茂雄98年度綜合所得稅正本.doc.txt" 時發生錯誤, 原因: Variant does not reference an automation object
[20141107-102408 WordFileConvertSrv.exe] ERR> 轉檔作業失敗. 從 "D:\NTAKWeb\NTAK_DDQS\Exec\Manager\FileStore\林麗俐(第10002578號)-93年度.doc" 轉換至 "D:\NTAKWeb\NTAK_DDQS\Exec\ConvertArea\林麗俐(第10002578號)-93年度.doc.txt" 時發生錯誤, 原因: Variant does not reference an automation object
[20141107-102408 WordFileConvertSrv.exe] ERR> 轉檔作業失敗. 從 "D:\NTAKWeb\NTAK_DDQS\Exec\Manager\FileStore\楊肅泰(第09804135號)-96年度.doc" 轉換至 "D:\NTAKWeb\NTAK_DDQS\Exec\ConvertArea\楊肅泰(第09804135號)-96年度.doc.txt" 時發生錯誤, 原因: Variant does not reference an automation object
[20141107-102408 WordFileConvertSrv.exe] ERR> 轉檔作業失敗. 從 "D:\NTAKWeb\NTAK_DDQS\Exec\Manager\FileStore\歐陽建華(第09902018號)-88年度.doc" 轉換至 "D:\NTAKWeb\NTAK_DDQS\Exec\ConvertArea\歐陽建華(第09902018號)-88年度.doc.txt" 時發生錯誤, 原因: Variant does not reference an automation object
[20141107-102408 WordFileConvertSrv.exe] ERR> 轉檔作業失敗. 從 "D:\NTAKWeb\NTAK_DDQS\Exec\Manager\FileStore\武穎決~1.DOC" 轉換至 "D:\NTAKWeb\NTAK_DDQS\Exec\ConvertArea\武穎決~1.DOC.txt" 時發生錯誤, 原因: Variant does not reference an automation object
[20141107-102408 WordFileConvertSrv.exe] ERR> 轉檔作業失敗. 從 "D:\NTAKWeb\NTAK_DDQS\Exec\Manager\FileStore\潘&#21843;銘100罰鍰-委託他人代為申報-維持.doc" 轉換至 "D:\NTAKWeb\NTAK_DDQS\Exec\ConvertArea\潘&#21843;銘100罰鍰-委託他人代為申報-維持.doc.txt" 時發生錯誤, 原因: Variant does not reference an automation object
[20141107-102408 WordFileConvertSrv.exe] ERR> 轉檔作業失敗. 從 "D:\NTAKWeb\NTAK_DDQS\Exec\Manager\FileStore\王&#28702;苡101年特銷稅罰鍰決定書-函.docx" 轉換至 "D:\NTAKWeb\NTAK_DDQS\Exec\ConvertArea\王&#28702;苡101年特銷稅罰鍰決定書-函.docx.txt" 時發生錯誤, 原因: Variant does not reference an automation object
[20141107-102408 WordFileConvertSrv.exe] ERR> 轉檔作業失敗. 從 "D:\NTAKWeb\NTAK_DDQS\Exec\Manager\FileStore\白美香(第09803188號)-96年度.doc" 轉換至 "D:\NTAKWeb\NTAK_DDQS\Exec\ConvertArea\白美香(第09803188號)-96年度.doc.txt" 時發生錯誤, 原因: Variant does not reference an automation object
[20141107-102408 WordFileConvertSrv.exe] ERR> 轉檔作業失敗. 從 "D:\NTAKWeb\NTAK_DDQS\Exec\Manager\FileStore\蘇宏典(第10001702號)-95年度.doc" 轉換至 "D:\NTAKWeb\NTAK_DDQS\Exec\ConvertArea\蘇宏典(第10001702號)-95年度.doc.txt" 時發生錯誤, 原因: Variant does not reference an automation object
[20141107-102408 WordFileConvertSrv.exe] ERR> 轉檔作業失敗. 從 "D:\NTAKWeb\NTAK_DDQS\Exec\Manager\FileStore\達旺廣告(第09803394號)-95年度.doc" 轉換至 "D:\NTAKWeb\NTAK_DDQS\Exec\ConvertArea\達旺廣告(第09803394號)-95年度.doc.txt" 時發生錯誤, 原因: Variant does not reference an automation object
[20141107-102408 WordFileConvertSrv.exe] ERR> 轉檔作業失敗. 從 "D:\NTAKWeb\NTAK_DDQS\Exec\Manager\FileStore\鍇億國際95營所稅決定書(虛銷8%).doc" 轉換至 "D:\NTAKWeb\NTAK_DDQS\Exec\ConvertArea\鍇億國際95營所稅決定書(虛銷8%).doc.txt" 時發生錯誤, 原因: Variant does not reference an automation object
[20141107-102408 WordFileConvertSrv.exe] ERR> 轉檔作業失敗. 從 "D:\NTAKWeb\NTAK_DDQS\Exec\Manager\FileStore\鍇億國際95營所稅決定書虛銷8%.doc" 轉換至 "D:\NTAKWeb\NTAK_DDQS\Exec\ConvertArea\鍇億國際95營所稅決定書虛銷8%.doc.txt" 時發生錯誤, 原因: Variant does not reference an automation object
[20141107-102408 WordFileConvertSrv.exe] ERR> 轉檔作業失敗. 從 "D:\NTAKWeb\NTAK_DDQS\Exec\Manager\FileStore\陳麗文(第09801332號)-96年度.doc" 轉換至 "D:\NTAKWeb\NTAK_DDQS\Exec\ConvertArea\陳麗文(第09801332號)-96年度.doc.txt" 時發生錯誤, 原因: Variant does not reference an automation object
[20141107-102408 WordFileConvertSrv.exe] ERR> 轉檔作業失敗. 從 "D:\NTAKWeb\NTAK_DDQS\Exec\Manager\FileStore\黃&#28702;瑢復查決定書-海外所得.doc" 轉換至 "D:\NTAKWeb\NTAK_DDQS\Exec\ConvertArea\黃&#28702;瑢復查決定書-海外所得.doc.txt" 時發生錯誤, 原因: Variant does not reference an automation object
[20141107-102408 WordFileConvertSrv.exe] ERR> 轉檔作業失敗. 從 "D:\NTAKWeb\NTAK_DDQS\Exec\Manager\FileStore\黃鳳珠(第09703642號)-95年度.doc" 轉換至 "D:\NTAKWeb\NTAK_DDQS\Exec\ConvertArea\黃鳳珠(第09703642號)-95年度.doc.txt" 時發生錯誤, 原因: Variant does not reference an automation object
[20141107-102416 WordFileConvertSrv.exe] ERR> 轉檔作業失敗. 從 "D:\NTAKWeb\NTAK_DDQS\Exec\Manager\FileStore\&#40644;武穎決定書.doc" 轉換至 "D:\NTAKWeb\NTAK_DDQS\Exec\ConvertArea\&#40644;武穎決定書.doc.txt" 時發生錯誤, 原因: Variant does not reference an automation object
[20141107-102416 WordFileConvertSrv.exe] ERR> 轉檔作業失敗. 從 "D:\NTAKWeb\NTAK_DDQS\Exec\Manager\FileStore\09700128300.doc" 轉換至 "D:\NTAKWeb\NTAK_DDQS\Exec\ConvertArea\09700128300.doc.txt" 時發生錯誤, 原因: Variant does not reference an automation object
[20141107-102416 WordFileConvertSrv.exe] ERR> 轉檔作業失敗. 從 "D:\NTAKWeb\NTAK_DDQS\Exec\Manager\FileStore\09700398060.doc" 轉換至 "D:\NTAKWeb\NTAK_DDQS\Exec\ConvertArea\09700398060.doc.txt" 時發生錯誤, 原因: Variant does not reference an automation object
[20141107-102416 WordFileConvertSrv.exe] ERR> 轉檔作業失敗. 從 "D:\NTAKWeb\NTAK_DDQS\Exec\Manager\FileStore\1-1020924洪瑞&#23791;君96年度復查決定書-函.doc" 轉換至 "D:\NTAKWeb\NTAK_DDQS\Exec\ConvertArea\1-1020924洪瑞&#23791;君96年度復查決定書-函.doc.txt" 時發生錯誤, 原因: Variant does not reference an automation object
[20141107-102416 WordFileConvertSrv.exe] ERR> 轉檔作業失敗. 從 "D:\NTAKWeb\NTAK_DDQS\Exec\Manager\FileStore\100-2-21鍾泰營造有限公司營業稅罰鍰(復查決定書-重繕(發文).doc" 轉換至 "D:\NTAKWeb\NTAK_DDQS\Exec\ConvertArea\100-2-21鍾泰營造有限公司營業稅罰鍰(復查決定書-重繕(發文).doc.txt" 時發生錯誤, 原因: Variant does not reference an automation object
[20141107-102416 WordFileConvertSrv.exe] ERR> 轉檔作業失敗. 從 "D:\NTAKWeb\NTAK_DDQS\Exec\Manager\FileStore\100年度判字第1949號.doc" 轉換至 "D:\NTAKWeb\NTAK_DDQS\Exec\ConvertArea\100年度判字第1949號.doc.txt" 時發生錯誤, 原因: Variant does not reference an automation object
[20141107-102416 WordFileConvertSrv.exe] ERR> 轉檔作業失敗. 從 "D:\NTAKWeb\NTAK_DDQS\Exec\Manager\FileStore\100年度復查決定書稿發文.doc" 轉換至 "D:\NTAKWeb\NTAK_DDQS\Exec\ConvertArea\100年度復查決定書稿發文.doc.txt" 時發生錯誤, 原因: Variant does not reference an automation object
[20141107-102416 WordFileConvertSrv.exe] ERR> 轉檔作業失敗. 從 "D:\NTAKWeb\NTAK_DDQS\Exec\Manager\FileStore\100年度訴字第444號.doc" 轉換至 "D:\NTAKWeb\NTAK_DDQS\Exec\ConvertArea\100年度訴字第444號.doc.txt" 時發生錯誤, 原因: Variant does not reference an automation object
[20141107-102416 WordFileConvertSrv.exe] ERR> 轉檔作業失敗. 從 "D:\NTAKWeb\NTAK_DDQS\Exec\Manager\FileStore\102.4.29-陳&#28913;泰(陳吳芬釵)100年度綜所稅復查決定書.doc" 轉換至 "D:\NTAKWeb\NTAK_DDQS\Exec\ConvertArea\102.4.29-陳&#28913;泰(陳吳芬釵)100年度綜所稅復查決定書.doc.txt" 時發生錯誤, 原因: Variant does not reference an automation object
[20141107-102416 WordFileConvertSrv.exe] ERR> 轉檔作業失敗. 從 "D:\NTAKWeb\NTAK_DDQS\Exec\Manager\FileStore\10201614.doc" 轉換至 "D:\NTAKWeb\NTAK_DDQS\Exec\ConvertArea\10201614.doc.txt" 時發生錯誤, 原因: Variant does not reference an automation object
[20141107-102416 WordFileConvertSrv.exe] ERR> 轉檔作業失敗. 從 "D:\NTAKWeb\NTAK_DDQS\Exec\Manager\FileStore\1020716張孟信99年度綜所稅復查決定書(復查會決議修正).doc" 轉換至 "D:\NTAKWeb\NTAK_DDQS\Exec\ConvertArea\1020716張孟信99年度綜所稅復查決定書(復查會決議修正).doc.txt" 時發生錯誤, 原因: Variant does not reference an automation object
[20141107-102416 WordFileConvertSrv.exe] ERR> 轉檔作業失敗. 從 "D:\NTAKWeb\NTAK_DDQS\Exec\Manager\FileStore\1021030黃振銘君99年度綜所稅復查決定書.doc" 轉換至 "D:\NTAKWeb\NTAK_DDQS\Exec\ConvertArea\1021030黃振銘君99年度綜所稅復查決定書.doc.txt" 時發生錯誤, 原因: Variant does not reference an automation object
[20141107-102416 WordFileConvertSrv.exe] ERR> 轉檔作業失敗. 從 "D:\NTAKWeb\NTAK_DDQS\Exec\Manager\FileStore\103.06.23發文-黃小芳101年綜所稅決定書稿.doc" 轉換至 "D:\NTAKWeb\NTAK_DDQS\Exec\ConvertArea\103.06.23發文-黃小芳101年綜所稅決定書稿.doc.txt" 時發生錯誤, 原因: Variant does not reference an automation object
[20141107-102416 WordFileConvertSrv.exe] ERR> 轉檔作業失敗. 從 "D:\NTAKWeb\NTAK_DDQS\Exec\Manager\FileStore\103.4.25發文-陳振昌100年綜所稅決定書(罰鍰).doc" 轉換至 "D:\NTAKWeb\NTAK_DDQS\Exec\ConvertArea\103.4.25發文-陳振昌100年綜所稅決定書(罰鍰).doc.txt" 時發生錯誤, 原因: Variant does not reference an automation object
[20141107-102416 WordFileConvertSrv.exe] ERR> 轉檔作業失敗. 從 "D:\NTAKWeb\NTAK_DDQS\Exec\Manager\FileStore\10300120.doc" 轉換至 "D:\NTAKWeb\NTAK_DDQS\Exec\ConvertArea\10300120.doc.txt" 時發生錯誤, 原因: Variant does not reference an automation object
[20141107-102416 WordFileConvertSrv.exe] ERR> 轉檔作業失敗. 從 "D:\NTAKWeb\NTAK_DDQS\Exec\Manager\FileStore\1030912江昌101營所稅(漏報其他收入) 罰鍰復查決定書(發文).doc" 轉換至 "D:\NTAKWeb\NTAK_DDQS\Exec\ConvertArea\1030912江昌101營所稅(漏報其他收入) 罰鍰復查決定書(發文).doc.txt" 時發生錯誤, 原因: Variant does not reference an automation object
[20141107-102416 WordFileConvertSrv.exe] ERR> 轉檔作業失敗. 從 "D:\NTAKWeb\NTAK_DDQS\Exec\Manager\FileStore\95年度訴字第160號(2).doc" 轉換至 "D:\NTAKWeb\NTAK_DDQS\Exec\ConvertArea\95年度訴字第160號(2).doc.txt" 時發生錯誤, 原因: Variant does not reference an automation object
[20141107-102416 WordFileConvertSrv.exe] ERR> 轉檔作業失敗. 從 "D:\NTAKWeb\NTAK_DDQS\Exec\Manager\FileStore\98年度再字第37號.doc" 轉換至 "D:\NTAKWeb\NTAK_DDQS\Exec\ConvertArea\98年度再字第37號.doc.txt" 時發生錯誤, 原因: Variant does not reference an automation object
[20141107-102416 WordFileConvertSrv.exe] ERR> 轉檔作業失敗. 從 "D:\NTAKWeb\NTAK_DDQS\Exec\Manager\FileStore\98年度簡再字第13號(2).doc" 轉換至 "D:\NTAKWeb\NTAK_DDQS\Exec\ConvertArea\98年度簡再字第13號(2).doc.txt" 時發生錯誤, 原因: Variant does not reference an automation object
[20141107-102416 WordFileConvertSrv.exe] ERR> 轉檔作業失敗. 從 "D:\NTAKWeb\NTAK_DDQS\Exec\Manager\FileStore\99年度簡再字第9號.doc" 轉換至 "D:\NTAKWeb\NTAK_DDQS\Exec\ConvertArea\99年度簡再字第9號.doc.txt" 時發生錯誤, 原因: Variant does not reference an automation object
[20141107-102416 WordFileConvertSrv.exe] ERR> 轉檔作業失敗. 從 "D:\NTAKWeb\NTAK_DDQS\Exec\Manager\FileStore\IE8302100730陳景生101本稅-短報5%－更正後.doc" 轉換至 "D:\NTAKWeb\NTAK_DDQS\Exec\ConvertArea\IE8302100730陳景生101本稅-短報5%－更正後.doc.txt" 時發生錯誤, 原因: Variant does not reference an automation object
[20141107-102416 WordFileConvertSrv.exe] ERR> 轉檔作業失敗. 從 "D:\NTAKWeb\NTAK_DDQS\Exec\Manager\FileStore\JVP-LST.doc" 轉換至 "D:\NTAKWeb\NTAK_DDQS\Exec\ConvertArea\JVP-LST.doc.txt" 時發生錯誤, 原因: Variant does not reference an automation object
[20141107-102416 WordFileConvertSrv.exe] ERR> 轉檔作業失敗. 從 "D:\NTAKWeb\NTAK_DDQS\Exec\Manager\FileStore\NE0402400815邱翠蓮99罰鍰-未據實申報扣繳憑單20%-維持.doc" 轉換至 "D:\NTAKWeb\NTAK_DDQS\Exec\ConvertArea\NE0402400815邱翠蓮99罰鍰-未據實申報扣繳憑單20%-維持.doc.txt" 時發生錯誤, 原因: Variant does not reference an automation object
[20141107-102416 WordFileConvertSrv.exe] ERR> 轉檔作業失敗. 從 "D:\NTAKWeb\NTAK_DDQS\Exec\Manager\FileStore\NE0403100144章一民101年復查決定書-稿.doc" 轉換至 "D:\NTAKWeb\NTAK_DDQS\Exec\ConvertArea\NE0403100144章一民101年復查決定書-稿.doc.txt" 時發生錯誤, 原因: Variant does not reference an automation object
[20141107-102416 WordFileConvertSrv.exe] ERR> 轉檔作業失敗. 從 "D:\NTAKWeb\NTAK_DDQS\Exec\Manager\FileStore\NE8302100123莊全勝100免稅額-追減-核定.doc" 轉換至 "D:\NTAKWeb\NTAK_DDQS\Exec\ConvertArea\NE8302100123莊全勝100免稅額-追減-核定.doc.txt" 時發生錯誤, 原因: Variant does not reference an automation object
[20141107-102416 WordFileConvertSrv.exe] ERR> 轉檔作業失敗. 從 "D:\NTAKWeb\NTAK_DDQS\Exec\Manager\FileStore\NE8302400498潘&#21843;銘100罰鍰-委託他人代為申報-維持.doc" 轉換至 "D:\NTAKWeb\NTAK_DDQS\Exec\ConvertArea\NE8302400498潘&#21843;銘100罰鍰-委託他人代為申報-維持.doc.txt" 時發生錯誤, 原因: Variant does not reference an automation object
[20141107-102416 WordFileConvertSrv.exe] ERR> 轉檔作業失敗. 從 "D:\NTAKWeb\NTAK_DDQS\Exec\Manager\FileStore\何海鷗101虛列免稅額決定書(本+罰)正本.doc" 轉換至 "D:\NTAKWeb\NTAK_DDQS\Exec\ConvertArea\何海鷗101虛列免稅額決定書(本+罰)正本.doc.txt" 時發生錯誤, 原因: Variant does not reference an automation object
[20141107-102416 WordFileConvertSrv.exe] ERR> 轉檔作業失敗. 從 "D:\NTAKWeb\NTAK_DDQS\Exec\Manager\FileStore\佳勝營造(第09903392號)-94年度.doc" 轉換至 "D:\NTAKWeb\NTAK_DDQS\Exec\ConvertArea\佳勝營造(第09903392號)-94年度.doc.txt" 時發生錯誤, 原因: Variant does not reference an automation object
[20141107-102416 WordFileConvertSrv.exe] ERR> 轉檔作業失敗. 從 "D:\NTAKWeb\NTAK_DDQS\Exec\Manager\FileStore\北方之星(第09800030號)-89年度.doc" 轉換至 "D:\NTAKWeb\NTAK_DDQS\Exec\ConvertArea\北方之星(第09800030號)-89年度.doc.txt" 時發生錯誤, 原因: Variant does not reference an automation object
[20141107-102416 WordFileConvertSrv.exe] ERR> 轉檔作業失敗. 從 "D:\NTAKWeb\NTAK_DDQS\Exec\Manager\FileStore\呂冠霖(第09704361~09704365號)-91~95年度.doc" 轉換至 "D:\NTAKWeb\NTAK_DDQS\Exec\ConvertArea\呂冠霖(第09704361~09704365號)-91~95年度.doc.txt" 時發生錯誤, 原因: Variant does not reference an automation object
[20141107-102416 WordFileConvertSrv.exe] ERR> 轉檔作業失敗. 從 "D:\NTAKWeb\NTAK_DDQS\Exec\Manager\FileStore\周王金珍(第09800157號)-94年度.doc" 轉換至 "D:\NTAKWeb\NTAK_DDQS\Exec\ConvertArea\周王金珍(第09800157號)-94年度.doc.txt" 時發生錯誤, 原因: Variant does not reference an automation object
[20141107-102416 WordFileConvertSrv.exe] ERR> 轉檔作業失敗. 從 "D:\NTAKWeb\NTAK_DDQS\Exec\Manager\FileStore\廖東建(第10001282號)-98年度.doc" 轉換至 "D:\NTAKWeb\NTAK_DDQS\Exec\ConvertArea\廖東建(第10001282號)-98年度.doc.txt" 時發生錯誤, 原因: Variant does not reference an automation object
[20141107-102416 WordFileConvertSrv.exe] ERR> 轉檔作業失敗. 從 "D:\NTAKWeb\NTAK_DDQS\Exec\Manager\FileStore\廣建95營所稅決定書(虛銷8%).doc" 轉換至 "D:\NTAKWeb\NTAK_DDQS\Exec\ConvertArea\廣建95營所稅決定書(虛銷8%).doc.txt" 時發生錯誤, 原因: Variant does not reference an automation object
[20141107-102416 WordFileConvertSrv.exe] ERR> 轉檔作業失敗. 從 "D:\NTAKWeb\NTAK_DDQS\Exec\Manager\FileStore\張雅君決定書.doc" 轉換至 "D:\NTAKWeb\NTAK_DDQS\Exec\ConvertArea\張雅君決定書.doc.txt" 時發生錯誤, 原因: Variant does not reference an automation object
[20141107-102416 WordFileConvertSrv.exe] ERR> 轉檔作業失敗. 從 "D:\NTAKWeb\NTAK_DDQS\Exec\Manager\FileStore\彭宴祥(第09801703號)-96年度.doc" 轉換至 "D:\NTAKWeb\NTAK_DDQS\Exec\ConvertArea\彭宴祥(第09801703號)-96年度.doc.txt" 時發生錯誤, 原因: Variant does not reference an automation object
[20141107-102416 WordFileConvertSrv.exe] ERR> 轉檔作業失敗. 從 "D:\NTAKWeb\NTAK_DDQS\Exec\Manager\FileStore\復查決定-函洪俊良93信託營利所得-實質課稅-核課期間.doc" 轉換至 "D:\NTAKWeb\NTAK_DDQS\Exec\ConvertArea\復查決定-函洪俊良93信託營利所得-實質課稅-核課期間.doc.txt" 時發生錯誤, 原因: Variant does not reference an automation object
[20141107-102416 WordFileConvertSrv.exe] ERR> 轉檔作業失敗. 從 "D:\NTAKWeb\NTAK_DDQS\Exec\Manager\FileStore\日月光電子100年度營所稅復查決定書.doc" 轉換至 "D:\NTAKWeb\NTAK_DDQS\Exec\ConvertArea\日月光電子100年度營所稅復查決定書.doc.txt" 時發生錯誤, 原因: Variant does not reference an automation object
[20141107-102416 WordFileConvertSrv.exe] ERR> 轉檔作業失敗. 從 "D:\NTAKWeb\NTAK_DDQS\Exec\Manager\FileStore\李淑&#32137;決定書.doc" 轉換至 "D:\NTAKWeb\NTAK_DDQS\Exec\ConvertArea\李淑&#32137;決定書.doc.txt" 時發生錯誤, 原因: Variant does not reference an automation object
[20141107-102416 WordFileConvertSrv.exe] ERR> 轉檔作業失敗. 從 "D:\NTAKWeb\NTAK_DDQS\Exec\Manager\FileStore\李清 復查決定書.doc.doc" 轉換至 "D:\NTAKWeb\NTAK_DDQS\Exec\ConvertArea\李清 復查決定書.doc.doc.txt" 時發生錯誤, 原因: Variant does not reference an automation object
[20141107-102416 WordFileConvertSrv.exe] ERR> 轉檔作業失敗. 從 "D:\NTAKWeb\NTAK_DDQS\Exec\Manager\FileStore\李清&#23791;復查決定書.doc" 轉換至 "D:\NTAKWeb\NTAK_DDQS\Exec\ConvertArea\李清&#23791;復查決定書.doc.txt" 時發生錯誤, 原因: Variant does not reference an automation object
[20141107-102416 WordFileConvertSrv.exe] ERR> 轉檔作業失敗. 從 "D:\NTAKWeb\NTAK_DDQS\Exec\Manager\FileStore\林&#37979;宏決定書.doc" 轉換至 "D:\NTAKWeb\NTAK_DDQS\Exec\ConvertArea\林&#37979;宏決定書.doc.txt" 時發生錯誤, 原因: Variant does not reference an automation object
[20141107-102416 WordFileConvertSrv.exe] ERR> 轉檔作業失敗. 從 "D:\NTAKWeb\NTAK_DDQS\Exec\Manager\FileStore\林奇峰95年度復查報告確定版.doc" 轉換至 "D:\NTAKWeb\NTAK_DDQS\Exec\ConvertArea\林奇峰95年度復查報告確定版.doc.txt" 時發生錯誤, 原因: Variant does not reference an automation object
[20141107-102416 WordFileConvertSrv.exe] ERR> 轉檔作業失敗. 從 "D:\NTAKWeb\NTAK_DDQS\Exec\Manager\FileStore\林宜靜(第09903210號)-94~96年度.doc" 轉換至 "D:\NTAKWeb\NTAK_DDQS\Exec\ConvertArea\林宜靜(第09903210號)-94~96年度.doc.txt" 時發生錯誤, 原因: Variant does not reference an automation object
[20141107-102416 WordFileConvertSrv.exe] ERR> 轉檔作業失敗. 從 "D:\NTAKWeb\NTAK_DDQS\Exec\Manager\FileStore\林茂雄98年度綜合所得稅正本.doc" 轉換至 "D:\NTAKWeb\NTAK_DDQS\Exec\ConvertArea\林茂雄98年度綜合所得稅正本.doc.txt" 時發生錯誤, 原因: Variant does not reference an automation object
[20141107-102416 WordFileConvertSrv.exe] ERR> 轉檔作業失敗. 從 "D:\NTAKWeb\NTAK_DDQS\Exec\Manager\FileStore\林麗俐(第10002578號)-93年度.doc" 轉換至 "D:\NTAKWeb\NTAK_DDQS\Exec\ConvertArea\林麗俐(第10002578號)-93年度.doc.txt" 時發生錯誤, 原因: Variant does not reference an automation object
[20141107-102416 WordFileConvertSrv.exe] ERR> 轉檔作業失敗. 從 "D:\NTAKWeb\NTAK_DDQS\Exec\Manager\FileStore\楊肅泰(第09804135號)-96年度.doc" 轉換至 "D:\NTAKWeb\NTAK_DDQS\Exec\ConvertArea\楊肅泰(第09804135號)-96年度.doc.txt" 時發生錯誤, 原因: Variant does not reference an automation object
[20141107-102416 WordFileConvertSrv.exe] ERR> 轉檔作業失敗. 從 "D:\NTAKWeb\NTAK_DDQS\Exec\Manager\FileStore\歐陽建華(第09902018號)-88年度.doc" 轉換至 "D:\NTAKWeb\NTAK_DDQS\Exec\ConvertArea\歐陽建華(第09902018號)-88年度.doc.txt" 時發生錯誤, 原因: Variant does not reference an automation object
[20141107-102416 WordFileConvertSrv.exe] ERR> 轉檔作業失敗. 從 "D:\NTAKWeb\NTAK_DDQS\Exec\Manager\FileStore\武穎決~1.DOC" 轉換至 "D:\NTAKWeb\NTAK_DDQS\Exec\ConvertArea\武穎決~1.DOC.txt" 時發生錯誤, 原因: Variant does not reference an automation object
[20141107-102416 WordFileConvertSrv.exe] ERR> 轉檔作業失敗. 從 "D:\NTAKWeb\NTAK_DDQS\Exec\Manager\FileStore\潘&#21843;銘100罰鍰-委託他人代為申報-維持.doc" 轉換至 "D:\NTAKWeb\NTAK_DDQS\Exec\ConvertArea\潘&#21843;銘100罰鍰-委託他人代為申報-維持.doc.txt" 時發生錯誤, 原因: Variant does not reference an automation object
[20141107-102416 WordFileConvertSrv.exe] ERR> 轉檔作業失敗. 從 "D:\NTAKWeb\NTAK_DDQS\Exec\Manager\FileStore\王&#28702;苡101年特銷稅罰鍰決定書-函.docx" 轉換至 "D:\NTAKWeb\NTAK_DDQS\Exec\ConvertArea\王&#28702;苡101年特銷稅罰鍰決定書-函.docx.txt" 時發生錯誤, 原因: Variant does not reference an automation object
[20141107-102416 WordFileConvertSrv.exe] ERR> 轉檔作業失敗. 從 "D:\NTAKWeb\NTAK_DDQS\Exec\Manager\FileStore\白美香(第09803188號)-96年度.doc" 轉換至 "D:\NTAKWeb\NTAK_DDQS\Exec\ConvertArea\白美香(第09803188號)-96年度.doc.txt" 時發生錯誤, 原因: Variant does not reference an automation object
[20141107-102416 WordFileConvertSrv.exe] ERR> 轉檔作業失敗. 從 "D:\NTAKWeb\NTAK_DDQS\Exec\Manager\FileStore\蘇宏典(第10001702號)-95年度.doc" 轉換至 "D:\NTAKWeb\NTAK_DDQS\Exec\ConvertArea\蘇宏典(第10001702號)-95年度.doc.txt" 時發生錯誤, 原因: Variant does not reference an automation object
[20141107-102416 WordFileConvertSrv.exe] ERR> 轉檔作業失敗. 從 "D:\NTAKWeb\NTAK_DDQS\Exec\Manager\FileStore\達旺廣告(第09803394號)-95年度.doc" 轉換至 "D:\NTAKWeb\NTAK_DDQS\Exec\ConvertArea\達旺廣告(第09803394號)-95年度.doc.txt" 時發生錯誤, 原因: Variant does not reference an automation object
[20141107-102416 WordFileConvertSrv.exe] ERR> 轉檔作業失敗. 從 "D:\NTAKWeb\NTAK_DDQS\Exec\Manager\FileStore\鍇億國際95營所稅決定書(虛銷8%).doc" 轉換至 "D:\NTAKWeb\NTAK_DDQS\Exec\ConvertArea\鍇億國際95營所稅決定書(虛銷8%).doc.txt" 時發生錯誤, 原因: Variant does not reference an automation object
[20141107-102416 WordFileConvertSrv.exe] ERR> 轉檔作業失敗. 從 "D:\NTAKWeb\NTAK_DDQS\Exec\Manager\FileStore\鍇億國際95營所稅決定書虛銷8%.doc" 轉換至 "D:\NTAKWeb\NTAK_DDQS\Exec\ConvertArea\鍇億國際95營所稅決定書虛銷8%.doc.txt" 時發生錯誤, 原因: Variant does not reference an automation object
[20141107-102416 WordFileConvertSrv.exe] ERR> 轉檔作業失敗. 從 "D:\NTAKWeb\NTAK_DDQS\Exec\Manager\FileStore\陳麗文(第09801332號)-96年度.doc" 轉換至 "D:\NTAKWeb\NTAK_DDQS\Exec\ConvertArea\陳麗文(第09801332號)-96年度.doc.txt" 時發生錯誤, 原因: Variant does not reference an automation object
[20141107-102416 WordFileConvertSrv.exe] ERR> 轉檔作業失敗. 從 "D:\NTAKWeb\NTAK_DDQS\Exec\Manager\FileStore\黃&#28702;瑢復查決定書-海外所得.doc" 轉換至 "D:\NTAKWeb\NTAK_DDQS\Exec\ConvertArea\黃&#28702;瑢復查決定書-海外所得.doc.txt" 時發生錯誤, 原因: Variant does not reference an automation object
[20141107-102416 WordFileConvertSrv.exe] ERR> 轉檔作業失敗. 從 "D:\NTAKWeb\NTAK_DDQS\Exec\Manager\FileStore\黃鳳珠(第09703642號)-95年度.doc" 轉換至 "D:\NTAKWeb\NTAK_DDQS\Exec\ConvertArea\黃鳳珠(第09703642號)-95年度.doc.txt" 時發生錯誤, 原因: Variant does not reference an automation object
[20141107-102455 WordFileConvertSrv.exe] ERR> 轉檔作業失敗. 從 "D:\NTAKWeb\NTAK_DDQS\Exec\Manager\FileStore\&#40644;武穎決定書.doc" 轉換至 "D:\NTAKWeb\NTAK_DDQS\Exec\ConvertArea\&#40644;武穎決定書.doc.txt" 時發生錯誤, 原因: Variant does not reference an automation object
[20141107-102455 WordFileConvertSrv.exe] ERR> 轉檔作業失敗. 從 "D:\NTAKWeb\NTAK_DDQS\Exec\Manager\FileStore\09700128300.doc" 轉換至 "D:\NTAKWeb\NTAK_DDQS\Exec\ConvertArea\09700128300.doc.txt" 時發生錯誤, 原因: Variant does not reference an automation object
[20141107-102455 WordFileConvertSrv.exe] ERR> 轉檔作業失敗. 從 "D:\NTAKWeb\NTAK_DDQS\Exec\Manager\FileStore\09700398060.doc" 轉換至 "D:\NTAKWeb\NTAK_DDQS\Exec\ConvertArea\09700398060.doc.txt" 時發生錯誤, 原因: Variant does not reference an automation object
[20141107-102455 WordFileConvertSrv.exe] ERR> 轉檔作業失敗. 從 "D:\NTAKWeb\NTAK_DDQS\Exec\Manager\FileStore\1-1020924洪瑞&#23791;君96年度復查決定書-函.doc" 轉換至 "D:\NTAKWeb\NTAK_DDQS\Exec\ConvertArea\1-1020924洪瑞&#23791;君96年度復查決定書-函.doc.txt" 時發生錯誤, 原因: Variant does not reference an automation object
[20141107-102455 WordFileConvertSrv.exe] ERR> 轉檔作業失敗. 從 "D:\NTAKWeb\NTAK_DDQS\Exec\Manager\FileStore\100-2-21鍾泰營造有限公司營業稅罰鍰(復查決定書-重繕(發文).doc" 轉換至 "D:\NTAKWeb\NTAK_DDQS\Exec\ConvertArea\100-2-21鍾泰營造有限公司營業稅罰鍰(復查決定書-重繕(發文).doc.txt" 時發生錯誤, 原因: Variant does not reference an automation object
[20141107-102455 WordFileConvertSrv.exe] ERR> 轉檔作業失敗. 從 "D:\NTAKWeb\NTAK_DDQS\Exec\Manager\FileStore\100年度判字第1949號.doc" 轉換至 "D:\NTAKWeb\NTAK_DDQS\Exec\ConvertArea\100年度判字第1949號.doc.txt" 時發生錯誤, 原因: Variant does not reference an automation object
[20141107-102455 WordFileConvertSrv.exe] ERR> 轉檔作業失敗. 從 "D:\NTAKWeb\NTAK_DDQS\Exec\Manager\FileStore\100年度復查決定書稿發文.doc" 轉換至 "D:\NTAKWeb\NTAK_DDQS\Exec\ConvertArea\100年度復查決定書稿發文.doc.txt" 時發生錯誤, 原因: Variant does not reference an automation object
[20141107-102455 WordFileConvertSrv.exe] ERR> 轉檔作業失敗. 從 "D:\NTAKWeb\NTAK_DDQS\Exec\Manager\FileStore\100年度訴字第444號.doc" 轉換至 "D:\NTAKWeb\NTAK_DDQS\Exec\ConvertArea\100年度訴字第444號.doc.txt" 時發生錯誤, 原因: Variant does not reference an automation object
[20141107-102455 WordFileConvertSrv.exe] ERR> 轉檔作業失敗. 從 "D:\NTAKWeb\NTAK_DDQS\Exec\Manager\FileStore\102.4.29-陳&#28913;泰(陳吳芬釵)100年度綜所稅復查決定書.doc" 轉換至 "D:\NTAKWeb\NTAK_DDQS\Exec\ConvertArea\102.4.29-陳&#28913;泰(陳吳芬釵)100年度綜所稅復查決定書.doc.txt" 時發生錯誤, 原因: Variant does not reference an automation object
[20141107-102455 WordFileConvertSrv.exe] ERR> 轉檔作業失敗. 從 "D:\NTAKWeb\NTAK_DDQS\Exec\Manager\FileStore\10201614.doc" 轉換至 "D:\NTAKWeb\NTAK_DDQS\Exec\ConvertArea\10201614.doc.txt" 時發生錯誤, 原因: Variant does not reference an automation object
[20141107-102455 WordFileConvertSrv.exe] ERR> 轉檔作業失敗. 從 "D:\NTAKWeb\NTAK_DDQS\Exec\Manager\FileStore\1020716張孟信99年度綜所稅復查決定書(復查會決議修正).doc" 轉換至 "D:\NTAKWeb\NTAK_DDQS\Exec\ConvertArea\1020716張孟信99年度綜所稅復查決定書(復查會決議修正).doc.txt" 時發生錯誤, 原因: Variant does not reference an automation object
[20141107-102455 WordFileConvertSrv.exe] ERR> 轉檔作業失敗. 從 "D:\NTAKWeb\NTAK_DDQS\Exec\Manager\FileStore\1021030黃振銘君99年度綜所稅復查決定書.doc" 轉換至 "D:\NTAKWeb\NTAK_DDQS\Exec\ConvertArea\1021030黃振銘君99年度綜所稅復查決定書.doc.txt" 時發生錯誤, 原因: Variant does not reference an automation object
[20141107-102455 WordFileConvertSrv.exe] ERR> 轉檔作業失敗. 從 "D:\NTAKWeb\NTAK_DDQS\Exec\Manager\FileStore\103.06.23發文-黃小芳101年綜所稅決定書稿.doc" 轉換至 "D:\NTAKWeb\NTAK_DDQS\Exec\ConvertArea\103.06.23發文-黃小芳101年綜所稅決定書稿.doc.txt" 時發生錯誤, 原因: Variant does not reference an automation object
[20141107-102455 WordFileConvertSrv.exe] ERR> 轉檔作業失敗. 從 "D:\NTAKWeb\NTAK_DDQS\Exec\Manager\FileStore\103.4.25發文-陳振昌100年綜所稅決定書(罰鍰).doc" 轉換至 "D:\NTAKWeb\NTAK_DDQS\Exec\ConvertArea\103.4.25發文-陳振昌100年綜所稅決定書(罰鍰).doc.txt" 時發生錯誤, 原因: Variant does not reference an automation object
[20141107-102455 WordFileConvertSrv.exe] ERR> 轉檔作業失敗. 從 "D:\NTAKWeb\NTAK_DDQS\Exec\Manager\FileStore\10300120.doc" 轉換至 "D:\NTAKWeb\NTAK_DDQS\Exec\ConvertArea\10300120.doc.txt" 時發生錯誤, 原因: Variant does not reference an automation object
[20141107-102455 WordFileConvertSrv.exe] ERR> 轉檔作業失敗. 從 "D:\NTAKWeb\NTAK_DDQS\Exec\Manager\FileStore\1030912江昌101營所稅(漏報其他收入) 罰鍰復查決定書(發文).doc" 轉換至 "D:\NTAKWeb\NTAK_DDQS\Exec\ConvertArea\1030912江昌101營所稅(漏報其他收入) 罰鍰復查決定書(發文).doc.txt" 時發生錯誤, 原因: Variant does not reference an automation object
[20141107-102455 WordFileConvertSrv.exe] ERR> 轉檔作業失敗. 從 "D:\NTAKWeb\NTAK_DDQS\Exec\Manager\FileStore\95年度訴字第160號(2).doc" 轉換至 "D:\NTAKWeb\NTAK_DDQS\Exec\ConvertArea\95年度訴字第160號(2).doc.txt" 時發生錯誤, 原因: Variant does not reference an automation object
[20141107-102455 WordFileConvertSrv.exe] ERR> 轉檔作業失敗. 從 "D:\NTAKWeb\NTAK_DDQS\Exec\Manager\FileStore\98年度再字第37號.doc" 轉換至 "D:\NTAKWeb\NTAK_DDQS\Exec\ConvertArea\98年度再字第37號.doc.txt" 時發生錯誤, 原因: Variant does not reference an automation object
[20141107-102455 WordFileConvertSrv.exe] ERR> 轉檔作業失敗. 從 "D:\NTAKWeb\NTAK_DDQS\Exec\Manager\FileStore\98年度簡再字第13號(2).doc" 轉換至 "D:\NTAKWeb\NTAK_DDQS\Exec\ConvertArea\98年度簡再字第13號(2).doc.txt" 時發生錯誤, 原因: Variant does not reference an automation object
[20141107-102455 WordFileConvertSrv.exe] ERR> 轉檔作業失敗. 從 "D:\NTAKWeb\NTAK_DDQS\Exec\Manager\FileStore\99年度簡再字第9號.doc" 轉換至 "D:\NTAKWeb\NTAK_DDQS\Exec\ConvertArea\99年度簡再字第9號.doc.txt" 時發生錯誤, 原因: Variant does not reference an automation object
[20141107-102455 WordFileConvertSrv.exe] ERR> 轉檔作業失敗. 從 "D:\NTAKWeb\NTAK_DDQS\Exec\Manager\FileStore\IE8302100730陳景生101本稅-短報5%－更正後.doc" 轉換至 "D:\NTAKWeb\NTAK_DDQS\Exec\ConvertArea\IE8302100730陳景生101本稅-短報5%－更正後.doc.txt" 時發生錯誤, 原因: Variant does not reference an automation object
[20141107-102455 WordFileConvertSrv.exe] ERR> 轉檔作業失敗. 從 "D:\NTAKWeb\NTAK_DDQS\Exec\Manager\FileStore\JVP-LST.doc" 轉換至 "D:\NTAKWeb\NTAK_DDQS\Exec\ConvertArea\JVP-LST.doc.txt" 時發生錯誤, 原因: Variant does not reference an automation object
[20141107-102455 WordFileConvertSrv.exe] ERR> 轉檔作業失敗. 從 "D:\NTAKWeb\NTAK_DDQS\Exec\Manager\FileStore\NE0402400815邱翠蓮99罰鍰-未據實申報扣繳憑單20%-維持.doc" 轉換至 "D:\NTAKWeb\NTAK_DDQS\Exec\ConvertArea\NE0402400815邱翠蓮99罰鍰-未據實申報扣繳憑單20%-維持.doc.txt" 時發生錯誤, 原因: Variant does not reference an automation object
[20141107-102455 WordFileConvertSrv.exe] ERR> 轉檔作業失敗. 從 "D:\NTAKWeb\NTAK_DDQS\Exec\Manager\FileStore\NE0403100144章一民101年復查決定書-稿.doc" 轉換至 "D:\NTAKWeb\NTAK_DDQS\Exec\ConvertArea\NE0403100144章一民101年復查決定書-稿.doc.txt" 時發生錯誤, 原因: Variant does not reference an automation object
[20141107-102455 WordFileConvertSrv.exe] ERR> 轉檔作業失敗. 從 "D:\NTAKWeb\NTAK_DDQS\Exec\Manager\FileStore\NE8302100123莊全勝100免稅額-追減-核定.doc" 轉換至 "D:\NTAKWeb\NTAK_DDQS\Exec\ConvertArea\NE8302100123莊全勝100免稅額-追減-核定.doc.txt" 時發生錯誤, 原因: Variant does not reference an automation object
[20141107-102455 WordFileConvertSrv.exe] ERR> 轉檔作業失敗. 從 "D:\NTAKWeb\NTAK_DDQS\Exec\Manager\FileStore\NE8302400498潘&#21843;銘100罰鍰-委託他人代為申報-維持.doc" 轉換至 "D:\NTAKWeb\NTAK_DDQS\Exec\ConvertArea\NE8302400498潘&#21843;銘100罰鍰-委託他人代為申報-維持.doc.txt" 時發生錯誤, 原因: Variant does not reference an automation object
[20141107-102455 WordFileConvertSrv.exe] ERR> 轉檔作業失敗. 從 "D:\NTAKWeb\NTAK_DDQS\Exec\Manager\FileStore\何海鷗101虛列免稅額決定書(本+罰)正本.doc" 轉換至 "D:\NTAKWeb\NTAK_DDQS\Exec\ConvertArea\何海鷗101虛列免稅額決定書(本+罰)正本.doc.txt" 時發生錯誤, 原因: Variant does not reference an automation object
[20141107-102455 WordFileConvertSrv.exe] ERR> 轉檔作業失敗. 從 "D:\NTAKWeb\NTAK_DDQS\Exec\Manager\FileStore\佳勝營造(第09903392號)-94年度.doc" 轉換至 "D:\NTAKWeb\NTAK_DDQS\Exec\ConvertArea\佳勝營造(第09903392號)-94年度.doc.txt" 時發生錯誤, 原因: Variant does not reference an automation object
[20141107-102455 WordFileConvertSrv.exe] ERR> 轉檔作業失敗. 從 "D:\NTAKWeb\NTAK_DDQS\Exec\Manager\FileStore\北方之星(第09800030號)-89年度.doc" 轉換至 "D:\NTAKWeb\NTAK_DDQS\Exec\ConvertArea\北方之星(第09800030號)-89年度.doc.txt" 時發生錯誤, 原因: Variant does not reference an automation object
[20141107-102455 WordFileConvertSrv.exe] ERR> 轉檔作業失敗. 從 "D:\NTAKWeb\NTAK_DDQS\Exec\Manager\FileStore\呂冠霖(第09704361~09704365號)-91~95年度.doc" 轉換至 "D:\NTAKWeb\NTAK_DDQS\Exec\ConvertArea\呂冠霖(第09704361~09704365號)-91~95年度.doc.txt" 時發生錯誤, 原因: Variant does not reference an automation object
[20141107-102455 WordFileConvertSrv.exe] ERR> 轉檔作業失敗. 從 "D:\NTAKWeb\NTAK_DDQS\Exec\Manager\FileStore\周王金珍(第09800157號)-94年度.doc" 轉換至 "D:\NTAKWeb\NTAK_DDQS\Exec\ConvertArea\周王金珍(第09800157號)-94年度.doc.txt" 時發生錯誤, 原因: Variant does not reference an automation object
[20141107-102455 WordFileConvertSrv.exe] ERR> 轉檔作業失敗. 從 "D:\NTAKWeb\NTAK_DDQS\Exec\Manager\FileStore\廖東建(第10001282號)-98年度.doc" 轉換至 "D:\NTAKWeb\NTAK_DDQS\Exec\ConvertArea\廖東建(第10001282號)-98年度.doc.txt" 時發生錯誤, 原因: Variant does not reference an automation object
[20141107-102455 WordFileConvertSrv.exe] ERR> 轉檔作業失敗. 從 "D:\NTAKWeb\NTAK_DDQS\Exec\Manager\FileStore\廣建95營所稅決定書(虛銷8%).doc" 轉換至 "D:\NTAKWeb\NTAK_DDQS\Exec\ConvertArea\廣建95營所稅決定書(虛銷8%).doc.txt" 時發生錯誤, 原因: Variant does not reference an automation object
[20141107-102455 WordFileConvertSrv.exe] ERR> 轉檔作業失敗. 從 "D:\NTAKWeb\NTAK_DDQS\Exec\Manager\FileStore\彭宴祥(第09801703號)-96年度.doc" 轉換至 "D:\NTAKWeb\NTAK_DDQS\Exec\ConvertArea\彭宴祥(第09801703號)-96年度.doc.txt" 時發生錯誤, 原因: Variant does not reference an automation object
[20141107-102455 WordFileConvertSrv.exe] ERR> 轉檔作業失敗. 從 "D:\NTAKWeb\NTAK_DDQS\Exec\Manager\FileStore\復查決定-函洪俊良93信託營利所得-實質課稅-核課期間.doc" 轉換至 "D:\NTAKWeb\NTAK_DDQS\Exec\ConvertArea\復查決定-函洪俊良93信託營利所得-實質課稅-核課期間.doc.txt" 時發生錯誤, 原因: Variant does not reference an automation object
[20141107-102455 WordFileConvertSrv.exe] ERR> 轉檔作業失敗. 從 "D:\NTAKWeb\NTAK_DDQS\Exec\Manager\FileStore\日月光電子100年度營所稅復查決定書.doc" 轉換至 "D:\NTAKWeb\NTAK_DDQS\Exec\ConvertArea\日月光電子100年度營所稅復查決定書.doc.txt" 時發生錯誤, 原因: Variant does not reference an automation object
[20141107-102455 WordFileConvertSrv.exe] ERR> 轉檔作業失敗. 從 "D:\NTAKWeb\NTAK_DDQS\Exec\Manager\FileStore\李淑&#32137;決定書.doc" 轉換至 "D:\NTAKWeb\NTAK_DDQS\Exec\ConvertArea\李淑&#32137;決定書.doc.txt" 時發生錯誤, 原因: Variant does not reference an automation object
[20141107-102455 WordFileConvertSrv.exe] ERR> 轉檔作業失敗. 從 "D:\NTAKWeb\NTAK_DDQS\Exec\Manager\FileStore\李清 復查決定書.doc.doc" 轉換至 "D:\NTAKWeb\NTAK_DDQS\Exec\ConvertArea\李清 復查決定書.doc.doc.txt" 時發生錯誤, 原因: Variant does not reference an automation object
[20141107-102455 WordFileConvertSrv.exe] ERR> 轉檔作業失敗. 從 "D:\NTAKWeb\NTAK_DDQS\Exec\Manager\FileStore\李清&#23791;復查決定書.doc" 轉換至 "D:\NTAKWeb\NTAK_DDQS\Exec\ConvertArea\李清&#23791;復查決定書.doc.txt" 時發生錯誤, 原因: Variant does not reference an automation object
[20141107-102455 WordFileConvertSrv.exe] ERR> 轉檔作業失敗. 從 "D:\NTAKWeb\NTAK_DDQS\Exec\Manager\FileStore\林&#37979;宏決定書.doc" 轉換至 "D:\NTAKWeb\NTAK_DDQS\Exec\ConvertArea\林&#37979;宏決定書.doc.txt" 時發生錯誤, 原因: Variant does not reference an automation object
[20141107-102455 WordFileConvertSrv.exe] ERR> 轉檔作業失敗. 從 "D:\NTAKWeb\NTAK_DDQS\Exec\Manager\FileStore\林奇峰95年度復查報告確定版.doc" 轉換至 "D:\NTAKWeb\NTAK_DDQS\Exec\ConvertArea\林奇峰95年度復查報告確定版.doc.txt" 時發生錯誤, 原因: Variant does not reference an automation object
[20141107-102455 WordFileConvertSrv.exe] ERR> 轉檔作業失敗. 從 "D:\NTAKWeb\NTAK_DDQS\Exec\Manager\FileStore\林宜靜(第09903210號)-94~96年度.doc" 轉換至 "D:\NTAKWeb\NTAK_DDQS\Exec\ConvertArea\林宜靜(第09903210號)-94~96年度.doc.txt" 時發生錯誤, 原因: Variant does not reference an automation object
[20141107-102455 WordFileConvertSrv.exe] ERR> 轉檔作業失敗. 從 "D:\NTAKWeb\NTAK_DDQS\Exec\Manager\FileStore\林茂雄98年度綜合所得稅正本.doc" 轉換至 "D:\NTAKWeb\NTAK_DDQS\Exec\ConvertArea\林茂雄98年度綜合所得稅正本.doc.txt" 時發生錯誤, 原因: Variant does not reference an automation object
[20141107-102455 WordFileConvertSrv.exe] ERR> 轉檔作業失敗. 從 "D:\NTAKWeb\NTAK_DDQS\Exec\Manager\FileStore\林麗俐(第10002578號)-93年度.doc" 轉換至 "D:\NTAKWeb\NTAK_DDQS\Exec\ConvertArea\林麗俐(第10002578號)-93年度.doc.txt" 時發生錯誤, 原因: Variant does not reference an automation object
[20141107-102455 WordFileConvertSrv.exe] ERR> 轉檔作業失敗. 從 "D:\NTAKWeb\NTAK_DDQS\Exec\Manager\FileStore\楊肅泰(第09804135號)-96年度.doc" 轉換至 "D:\NTAKWeb\NTAK_DDQS\Exec\ConvertArea\楊肅泰(第09804135號)-96年度.doc.txt" 時發生錯誤, 原因: Variant does not reference an automation object
[20141107-102455 WordFileConvertSrv.exe] ERR> 轉檔作業失敗. 從 "D:\NTAKWeb\NTAK_DDQS\Exec\Manager\FileStore\歐陽建華(第09902018號)-88年度.doc" 轉換至 "D:\NTAKWeb\NTAK_DDQS\Exec\ConvertArea\歐陽建華(第09902018號)-88年度.doc.txt" 時發生錯誤, 原因: Variant does not reference an automation object
[20141107-102455 WordFileConvertSrv.exe] ERR> 轉檔作業失敗. 從 "D:\NTAKWeb\NTAK_DDQS\Exec\Manager\FileStore\武穎決~1.DOC" 轉換至 "D:\NTAKWeb\NTAK_DDQS\Exec\ConvertArea\武穎決~1.DOC.txt" 時發生錯誤, 原因: Variant does not reference an automation object
[20141107-102455 WordFileConvertSrv.exe] ERR> 轉檔作業失敗. 從 "D:\NTAKWeb\NTAK_DDQS\Exec\Manager\FileStore\潘&#21843;銘100罰鍰-委託他人代為申報-維持.doc" 轉換至 "D:\NTAKWeb\NTAK_DDQS\Exec\ConvertArea\潘&#21843;銘100罰鍰-委託他人代為申報-維持.doc.txt" 時發生錯誤, 原因: Variant does not reference an automation object
[20141107-102455 WordFileConvertSrv.exe] ERR> 轉檔作業失敗. 從 "D:\NTAKWeb\NTAK_DDQS\Exec\Manager\FileStore\王&#28702;苡101年特銷稅罰鍰決定書-函.docx" 轉換至 "D:\NTAKWeb\NTAK_DDQS\Exec\ConvertArea\王&#28702;苡101年特銷稅罰鍰決定書-函.docx.txt" 時發生錯誤, 原因: Variant does not reference an automation object
[20141107-102455 WordFileConvertSrv.exe] ERR> 轉檔作業失敗. 從 "D:\NTAKWeb\NTAK_DDQS\Exec\Manager\FileStore\白美香(第09803188號)-96年度.doc" 轉換至 "D:\NTAKWeb\NTAK_DDQS\Exec\ConvertArea\白美香(第09803188號)-96年度.doc.txt" 時發生錯誤, 原因: Variant does not reference an automation object
[20141107-102455 WordFileConvertSrv.exe] ERR> 轉檔作業失敗. 從 "D:\NTAKWeb\NTAK_DDQS\Exec\Manager\FileStore\蘇宏典(第10001702號)-95年度.doc" 轉換至 "D:\NTAKWeb\NTAK_DDQS\Exec\ConvertArea\蘇宏典(第10001702號)-95年度.doc.txt" 時發生錯誤, 原因: Variant does not reference an automation object
[20141107-102455 WordFileConvertSrv.exe] ERR> 轉檔作業失敗. 從 "D:\NTAKWeb\NTAK_DDQS\Exec\Manager\FileStore\達旺廣告(第09803394號)-95年度.doc" 轉換至 "D:\NTAKWeb\NTAK_DDQS\Exec\ConvertArea\達旺廣告(第09803394號)-95年度.doc.txt" 時發生錯誤, 原因: Variant does not reference an automation object
[20141107-102455 WordFileConvertSrv.exe] ERR> 轉檔作業失敗. 從 "D:\NTAKWeb\NTAK_DDQS\Exec\Manager\FileStore\鍇億國際95營所稅決定書(虛銷8%).doc" 轉換至 "D:\NTAKWeb\NTAK_DDQS\Exec\ConvertArea\鍇億國際95營所稅決定書(虛銷8%).doc.txt" 時發生錯誤, 原因: Variant does not reference an automation object
[20141107-102455 WordFileConvertSrv.exe] ERR> 轉檔作業失敗. 從 "D:\NTAKWeb\NTAK_DDQS\Exec\Manager\FileStore\鍇億國際95營所稅決定書虛銷8%.doc" 轉換至 "D:\NTAKWeb\NTAK_DDQS\Exec\ConvertArea\鍇億國際95營所稅決定書虛銷8%.doc.txt" 時發生錯誤, 原因: Variant does not reference an automation object
[20141107-102455 WordFileConvertSrv.exe] ERR> 轉檔作業失敗. 從 "D:\NTAKWeb\NTAK_DDQS\Exec\Manager\FileStore\陳麗文(第09801332號)-96年度.doc" 轉換至 "D:\NTAKWeb\NTAK_DDQS\Exec\ConvertArea\陳麗文(第09801332號)-96年度.doc.txt" 時發生錯誤, 原因: Variant does not reference an automation object
[20141107-102455 WordFileConvertSrv.exe] ERR> 轉檔作業失敗. 從 "D:\NTAKWeb\NTAK_DDQS\Exec\Manager\FileStore\黃&#28702;瑢復查決定書-海外所得.doc" 轉換至 "D:\NTAKWeb\NTAK_DDQS\Exec\ConvertArea\黃&#28702;瑢復查決定書-海外所得.doc.txt" 時發生錯誤, 原因: Variant does not reference an automation object
[20141107-102455 WordFileConvertSrv.exe] ERR> 轉檔作業失敗. 從 "D:\NTAKWeb\NTAK_DDQS\Exec\Manager\FileStore\黃鳳珠(第09703642號)-95年度.doc" 轉換至 "D:\NTAKWeb\NTAK_DDQS\Exec\ConvertArea\黃鳳珠(第09703642號)-95年度.doc.txt" 時發生錯誤, 原因: Variant does not reference an automation object
[20141107-102455 WordFileConvertSrv.exe] ERR> 轉檔作業失敗. 從 "D:\NTAKWeb\NTAK_DDQS\Exec\Manager\FileStore\&#40644;武穎決定書.doc" 轉換至 "D:\NTAKWeb\NTAK_DDQS\Exec\ConvertArea\&#40644;武穎決定書.doc.txt" 時發生錯誤, 原因: Variant does not reference an automation object
[20141107-102455 WordFileConvertSrv.exe] ERR> 轉檔作業失敗. 從 "D:\NTAKWeb\NTAK_DDQS\Exec\Manager\FileStore\09700128300.doc" 轉換至 "D:\NTAKWeb\NTAK_DDQS\Exec\ConvertArea\09700128300.doc.txt" 時發生錯誤, 原因: Variant does not reference an automation object
[20141107-102455 WordFileConvertSrv.exe] ERR> 轉檔作業失敗. 從 "D:\NTAKWeb\NTAK_DDQS\Exec\Manager\FileStore\09700398060.doc" 轉換至 "D:\NTAKWeb\NTAK_DDQS\Exec\ConvertArea\09700398060.doc.txt" 時發生錯誤, 原因: Variant does not reference an automation object
[20141107-102455 WordFileConvertSrv.exe] ERR> 轉檔作業失敗. 從 "D:\NTAKWeb\NTAK_DDQS\Exec\Manager\FileStore\1-1020924洪瑞&#23791;君96年度復查決定書-函.doc" 轉換至 "D:\NTAKWeb\NTAK_DDQS\Exec\ConvertArea\1-1020924洪瑞&#23791;君96年度復查決定書-函.doc.txt" 時發生錯誤, 原因: Variant does not reference an automation object
[20141107-102455 WordFileConvertSrv.exe] ERR> 轉檔作業失敗. 從 "D:\NTAKWeb\NTAK_DDQS\Exec\Manager\FileStore\100-2-21鍾泰營造有限公司營業稅罰鍰(復查決定書-重繕(發文).doc" 轉換至 "D:\NTAKWeb\NTAK_DDQS\Exec\ConvertArea\100-2-21鍾泰營造有限公司營業稅罰鍰(復查決定書-重繕(發文).doc.txt" 時發生錯誤, 原因: Variant does not reference an automation object
[20141107-102455 WordFileConvertSrv.exe] ERR> 轉檔作業失敗. 從 "D:\NTAKWeb\NTAK_DDQS\Exec\Manager\FileStore\100年度判字第1949號.doc" 轉換至 "D:\NTAKWeb\NTAK_DDQS\Exec\ConvertArea\100年度判字第1949號.doc.txt" 時發生錯誤, 原因: Variant does not reference an automation object
[20141107-102455 WordFileConvertSrv.exe] ERR> 轉檔作業失敗. 從 "D:\NTAKWeb\NTAK_DDQS\Exec\Manager\FileStore\100年度復查決定書稿發文.doc" 轉換至 "D:\NTAKWeb\NTAK_DDQS\Exec\ConvertArea\100年度復查決定書稿發文.doc.txt" 時發生錯誤, 原因: Variant does not reference an automation object
[20141107-102455 WordFileConvertSrv.exe] ERR> 轉檔作業失敗. 從 "D:\NTAKWeb\NTAK_DDQS\Exec\Manager\FileStore\100年度訴字第444號.doc" 轉換至 "D:\NTAKWeb\NTAK_DDQS\Exec\ConvertArea\100年度訴字第444號.doc.txt" 時發生錯誤, 原因: Variant does not reference an automation object
[20141107-102455 WordFileConvertSrv.exe] ERR> 轉檔作業失敗. 從 "D:\NTAKWeb\NTAK_DDQS\Exec\Manager\FileStore\102.4.29-陳&#28913;泰(陳吳芬釵)100年度綜所稅復查決定書.doc" 轉換至 "D:\NTAKWeb\NTAK_DDQS\Exec\ConvertArea\102.4.29-陳&#28913;泰(陳吳芬釵)100年度綜所稅復查決定書.doc.txt" 時發生錯誤, 原因: Variant does not reference an automation object
[20141107-102455 WordFileConvertSrv.exe] ERR> 轉檔作業失敗. 從 "D:\NTAKWeb\NTAK_DDQS\Exec\Manager\FileStore\10201614.doc" 轉換至 "D:\NTAKWeb\NTAK_DDQS\Exec\ConvertArea\10201614.doc.txt" 時發生錯誤, 原因: Variant does not reference an automation object
[20141107-102455 WordFileConvertSrv.exe] ERR> 轉檔作業失敗. 從 "D:\NTAKWeb\NTAK_DDQS\Exec\Manager\FileStore\1020716張孟信99年度綜所稅復查決定書(復查會決議修正).doc" 轉換至 "D:\NTAKWeb\NTAK_DDQS\Exec\ConvertArea\1020716張孟信99年度綜所稅復查決定書(復查會決議修正).doc.txt" 時發生錯誤, 原因: Variant does not reference an automation object
[20141107-102455 WordFileConvertSrv.exe] ERR> 轉檔作業失敗. 從 "D:\NTAKWeb\NTAK_DDQS\Exec\Manager\FileStore\1021030黃振銘君99年度綜所稅復查決定書.doc" 轉換至 "D:\NTAKWeb\NTAK_DDQS\Exec\ConvertArea\1021030黃振銘君99年度綜所稅復查決定書.doc.txt" 時發生錯誤, 原因: Variant does not reference an automation object
[20141107-102455 WordFileConvertSrv.exe] ERR> 轉檔作業失敗. 從 "D:\NTAKWeb\NTAK_DDQS\Exec\Manager\FileStore\103.06.23發文-黃小芳101年綜所稅決定書稿.doc" 轉換至 "D:\NTAKWeb\NTAK_DDQS\Exec\ConvertArea\103.06.23發文-黃小芳101年綜所稅決定書稿.doc.txt" 時發生錯誤, 原因: Variant does not reference an automation object
[20141107-102455 WordFileConvertSrv.exe] ERR> 轉檔作業失敗. 從 "D:\NTAKWeb\NTAK_DDQS\Exec\Manager\FileStore\103.4.25發文-陳振昌100年綜所稅決定書(罰鍰).doc" 轉換至 "D:\NTAKWeb\NTAK_DDQS\Exec\ConvertArea\103.4.25發文-陳振昌100年綜所稅決定書(罰鍰).doc.txt" 時發生錯誤, 原因: Variant does not reference an automation object
[20141107-102455 WordFileConvertSrv.exe] ERR> 轉檔作業失敗. 從 "D:\NTAKWeb\NTAK_DDQS\Exec\Manager\FileStore\10300120.doc" 轉換至 "D:\NTAKWeb\NTAK_DDQS\Exec\ConvertArea\10300120.doc.txt" 時發生錯誤, 原因: Variant does not reference an automation object
[20141107-102455 WordFileConvertSrv.exe] ERR> 轉檔作業失敗. 從 "D:\NTAKWeb\NTAK_DDQS\Exec\Manager\FileStore\1030912江昌101營所稅(漏報其他收入) 罰鍰復查決定書(發文).doc" 轉換至 "D:\NTAKWeb\NTAK_DDQS\Exec\ConvertArea\1030912江昌101營所稅(漏報其他收入) 罰鍰復查決定書(發文).doc.txt" 時發生錯誤, 原因: Variant does not reference an automation object
[20141107-102455 WordFileConvertSrv.exe] ERR> 轉檔作業失敗. 從 "D:\NTAKWeb\NTAK_DDQS\Exec\Manager\FileStore\95年度訴字第160號(2).doc" 轉換至 "D:\NTAKWeb\NTAK_DDQS\Exec\ConvertArea\95年度訴字第160號(2).doc.txt" 時發生錯誤, 原因: Variant does not reference an automation object
[20141107-102455 WordFileConvertSrv.exe] ERR> 轉檔作業失敗. 從 "D:\NTAKWeb\NTAK_DDQS\Exec\Manager\FileStore\98年度再字第37號.doc" 轉換至 "D:\NTAKWeb\NTAK_DDQS\Exec\ConvertArea\98年度再字第37號.doc.txt" 時發生錯誤, 原因: Variant does not reference an automation object
[20141107-102455 WordFileConvertSrv.exe] ERR> 轉檔作業失敗. 從 "D:\NTAKWeb\NTAK_DDQS\Exec\Manager\FileStore\98年度簡再字第13號(2).doc" 轉換至 "D:\NTAKWeb\NTAK_DDQS\Exec\ConvertArea\98年度簡再字第13號(2).doc.txt" 時發生錯誤, 原因: Variant does not reference an automation object
[20141107-102455 WordFileConvertSrv.exe] ERR> 轉檔作業失敗. 從 "D:\NTAKWeb\NTAK_DDQS\Exec\Manager\FileStore\99年度簡再字第9號.doc" 轉換至 "D:\NTAKWeb\NTAK_DDQS\Exec\ConvertArea\99年度簡再字第9號.doc.txt" 時發生錯誤, 原因: Variant does not reference an automation object
[20141107-102455 WordFileConvertSrv.exe] ERR> 轉檔作業失敗. 從 "D:\NTAKWeb\NTAK_DDQS\Exec\Manager\FileStore\IE8302100730陳景生101本稅-短報5%－更正後.doc" 轉換至 "D:\NTAKWeb\NTAK_DDQS\Exec\ConvertArea\IE8302100730陳景生101本稅-短報5%－更正後.doc.txt" 時發生錯誤, 原因: Variant does not reference an automation object
[20141107-102455 WordFileConvertSrv.exe] ERR> 轉檔作業失敗. 從 "D:\NTAKWeb\NTAK_DDQS\Exec\Manager\FileStore\JVP-LST.doc" 轉換至 "D:\NTAKWeb\NTAK_DDQS\Exec\ConvertArea\JVP-LST.doc.txt" 時發生錯誤, 原因: Variant does not reference an automation object
[20141107-102455 WordFileConvertSrv.exe] ERR> 轉檔作業失敗. 從 "D:\NTAKWeb\NTAK_DDQS\Exec\Manager\FileStore\NE0402400815邱翠蓮99罰鍰-未據實申報扣繳憑單20%-維持.doc" 轉換至 "D:\NTAKWeb\NTAK_DDQS\Exec\ConvertArea\NE0402400815邱翠蓮99罰鍰-未據實申報扣繳憑單20%-維持.doc.txt" 時發生錯誤, 原因: Variant does not reference an automation object
[20141107-102455 WordFileConvertSrv.exe] ERR> 轉檔作業失敗. 從 "D:\NTAKWeb\NTAK_DDQS\Exec\Manager\FileStore\NE0403100144章一民101年復查決定書-稿.doc" 轉換至 "D:\NTAKWeb\NTAK_DDQS\Exec\ConvertArea\NE0403100144章一民101年復查決定書-稿.doc.txt" 時發生錯誤, 原因: Variant does not reference an automation object
[20141107-102455 WordFileConvertSrv.exe] ERR> 轉檔作業失敗. 從 "D:\NTAKWeb\NTAK_DDQS\Exec\Manager\FileStore\NE8302100123莊全勝100免稅額-追減-核定.doc" 轉換至 "D:\NTAKWeb\NTAK_DDQS\Exec\ConvertArea\NE8302100123莊全勝100免稅額-追減-核定.doc.txt" 時發生錯誤, 原因: Variant does not reference an automation object
[20141107-102455 WordFileConvertSrv.exe] ERR> 轉檔作業失敗. 從 "D:\NTAKWeb\NTAK_DDQS\Exec\Manager\FileStore\NE8302400498潘&#21843;銘100罰鍰-委託他人代為申報-維持.doc" 轉換至 "D:\NTAKWeb\NTAK_DDQS\Exec\ConvertArea\NE8302400498潘&#21843;銘100罰鍰-委託他人代為申報-維持.doc.txt" 時發生錯誤, 原因: Variant does not reference an automation object
[20141107-102455 WordFileConvertSrv.exe] ERR> 轉檔作業失敗. 從 "D:\NTAKWeb\NTAK_DDQS\Exec\Manager\FileStore\何海鷗101虛列免稅額決定書(本+罰)正本.doc" 轉換至 "D:\NTAKWeb\NTAK_DDQS\Exec\ConvertArea\何海鷗101虛列免稅額決定書(本+罰)正本.doc.txt" 時發生錯誤, 原因: Variant does not reference an automation object
[20141107-102455 WordFileConvertSrv.exe] ERR> 轉檔作業失敗. 從 "D:\NTAKWeb\NTAK_DDQS\Exec\Manager\FileStore\佳勝營造(第09903392號)-94年度.doc" 轉換至 "D:\NTAKWeb\NTAK_DDQS\Exec\ConvertArea\佳勝營造(第09903392號)-94年度.doc.txt" 時發生錯誤, 原因: Variant does not reference an automation object
[20141107-102455 WordFileConvertSrv.exe] ERR> 轉檔作業失敗. 從 "D:\NTAKWeb\NTAK_DDQS\Exec\Manager\FileStore\北方之星(第09800030號)-89年度.doc" 轉換至 "D:\NTAKWeb\NTAK_DDQS\Exec\ConvertArea\北方之星(第09800030號)-89年度.doc.txt" 時發生錯誤, 原因: Variant does not reference an automation object
[20141107-102455 WordFileConvertSrv.exe] ERR> 轉檔作業失敗. 從 "D:\NTAKWeb\NTAK_DDQS\Exec\Manager\FileStore\呂冠霖(第09704361~09704365號)-91~95年度.doc" 轉換至 "D:\NTAKWeb\NTAK_DDQS\Exec\ConvertArea\呂冠霖(第09704361~09704365號)-91~95年度.doc.txt" 時發生錯誤, 原因: Variant does not reference an automation object
[20141107-102455 WordFileConvertSrv.exe] ERR> 轉檔作業失敗. 從 "D:\NTAKWeb\NTAK_DDQS\Exec\Manager\FileStore\周王金珍(第09800157號)-94年度.doc" 轉換至 "D:\NTAKWeb\NTAK_DDQS\Exec\ConvertArea\周王金珍(第09800157號)-94年度.doc.txt" 時發生錯誤, 原因: Variant does not reference an automation object
[20141107-102455 WordFileConvertSrv.exe] ERR> 轉檔作業失敗. 從 "D:\NTAKWeb\NTAK_DDQS\Exec\Manager\FileStore\廖東建(第10001282號)-98年度.doc" 轉換至 "D:\NTAKWeb\NTAK_DDQS\Exec\ConvertArea\廖東建(第10001282號)-98年度.doc.txt" 時發生錯誤, 原因: Variant does not reference an automation object
[20141107-102455 WordFileConvertSrv.exe] ERR> 轉檔作業失敗. 從 "D:\NTAKWeb\NTAK_DDQS\Exec\Manager\FileStore\廣建95營所稅決定書(虛銷8%).doc" 轉換至 "D:\NTAKWeb\NTAK_DDQS\Exec\ConvertArea\廣建95營所稅決定書(虛銷8%).doc.txt" 時發生錯誤, 原因: Variant does not reference an automation object
[20141107-102455 WordFileConvertSrv.exe] ERR> 轉檔作業失敗. 從 "D:\NTAKWeb\NTAK_DDQS\Exec\Manager\FileStore\彭宴祥(第09801703號)-96年度.doc" 轉換至 "D:\NTAKWeb\NTAK_DDQS\Exec\ConvertArea\彭宴祥(第09801703號)-96年度.doc.txt" 時發生錯誤, 原因: Variant does not reference an automation object
[20141107-102455 WordFileConvertSrv.exe] ERR> 轉檔作業失敗. 從 "D:\NTAKWeb\NTAK_DDQS\Exec\Manager\FileStore\復查決定-函洪俊良93信託營利所得-實質課稅-核課期間.doc" 轉換至 "D:\NTAKWeb\NTAK_DDQS\Exec\ConvertArea\復查決定-函洪俊良93信託營利所得-實質課稅-核課期間.doc.txt" 時發生錯誤, 原因: Variant does not reference an automation object
[20141107-102455 WordFileConvertSrv.exe] ERR> 轉檔作業失敗. 從 "D:\NTAKWeb\NTAK_DDQS\Exec\Manager\FileStore\日月光電子100年度營所稅復查決定書.doc" 轉換至 "D:\NTAKWeb\NTAK_DDQS\Exec\ConvertArea\日月光電子100年度營所稅復查決定書.doc.txt" 時發生錯誤, 原因: Variant does not reference an automation object
[20141107-102455 WordFileConvertSrv.exe] ERR> 轉檔作業失敗. 從 "D:\NTAKWeb\NTAK_DDQS\Exec\Manager\FileStore\李淑&#32137;決定書.doc" 轉換至 "D:\NTAKWeb\NTAK_DDQS\Exec\ConvertArea\李淑&#32137;決定書.doc.txt" 時發生錯誤, 原因: Variant does not reference an automation object
[20141107-102455 WordFileConvertSrv.exe] ERR> 轉檔作業失敗. 從 "D:\NTAKWeb\NTAK_DDQS\Exec\Manager\FileStore\李清 復查決定書.doc.doc" 轉換至 "D:\NTAKWeb\NTAK_DDQS\Exec\ConvertArea\李清 復查決定書.doc.doc.txt" 時發生錯誤, 原因: Variant does not reference an automation object
[20141107-102455 WordFileConvertSrv.exe] ERR> 轉檔作業失敗. 從 "D:\NTAKWeb\NTAK_DDQS\Exec\Manager\FileStore\李清&#23791;復查決定書.doc" 轉換至 "D:\NTAKWeb\NTAK_DDQS\Exec\ConvertArea\李清&#23791;復查決定書.doc.txt" 時發生錯誤, 原因: Variant does not reference an automation object
[20141107-102455 WordFileConvertSrv.exe] ERR> 轉檔作業失敗. 從 "D:\NTAKWeb\NTAK_DDQS\Exec\Manager\FileStore\林&#37979;宏決定書.doc" 轉換至 "D:\NTAKWeb\NTAK_DDQS\Exec\ConvertArea\林&#37979;宏決定書.doc.txt" 時發生錯誤, 原因: Variant does not reference an automation object
[20141107-102455 WordFileConvertSrv.exe] ERR> 轉檔作業失敗. 從 "D:\NTAKWeb\NTAK_DDQS\Exec\Manager\FileStore\林奇峰95年度復查報告確定版.doc" 轉換至 "D:\NTAKWeb\NTAK_DDQS\Exec\ConvertArea\林奇峰95年度復查報告確定版.doc.txt" 時發生錯誤, 原因: Variant does not reference an automation object
[20141107-102455 WordFileConvertSrv.exe] ERR> 轉檔作業失敗. 從 "D:\NTAKWeb\NTAK_DDQS\Exec\Manager\FileStore\林宜靜(第09903210號)-94~96年度.doc" 轉換至 "D:\NTAKWeb\NTAK_DDQS\Exec\ConvertArea\林宜靜(第09903210號)-94~96年度.doc.txt" 時發生錯誤, 原因: Variant does not reference an automation object
[20141107-102455 WordFileConvertSrv.exe] ERR> 轉檔作業失敗. 從 "D:\NTAKWeb\NTAK_DDQS\Exec\Manager\FileStore\林茂雄98年度綜合所得稅正本.doc" 轉換至 "D:\NTAKWeb\NTAK_DDQS\Exec\ConvertArea\林茂雄98年度綜合所得稅正本.doc.txt" 時發生錯誤, 原因: Variant does not reference an automation object
[20141107-102455 WordFileConvertSrv.exe] ERR> 轉檔作業失敗. 從 "D:\NTAKWeb\NTAK_DDQS\Exec\Manager\FileStore\林麗俐(第10002578號)-93年度.doc" 轉換至 "D:\NTAKWeb\NTAK_DDQS\Exec\ConvertArea\林麗俐(第10002578號)-93年度.doc.txt" 時發生錯誤, 原因: Variant does not reference an automation object
[20141107-102455 WordFileConvertSrv.exe] ERR> 轉檔作業失敗. 從 "D:\NTAKWeb\NTAK_DDQS\Exec\Manager\FileStore\楊肅泰(第09804135號)-96年度.doc" 轉換至 "D:\NTAKWeb\NTAK_DDQS\Exec\ConvertArea\楊肅泰(第09804135號)-96年度.doc.txt" 時發生錯誤, 原因: Variant does not reference an automation object
[20141107-102455 WordFileConvertSrv.exe] ERR> 轉檔作業失敗. 從 "D:\NTAKWeb\NTAK_DDQS\Exec\Manager\FileStore\歐陽建華(第09902018號)-88年度.doc" 轉換至 "D:\NTAKWeb\NTAK_DDQS\Exec\ConvertArea\歐陽建華(第09902018號)-88年度.doc.txt" 時發生錯誤, 原因: Variant does not reference an automation object
[20141107-102455 WordFileConvertSrv.exe] ERR> 轉檔作業失敗. 從 "D:\NTAKWeb\NTAK_DDQS\Exec\Manager\FileStore\武穎決~1.DOC" 轉換至 "D:\NTAKWeb\NTAK_DDQS\Exec\ConvertArea\武穎決~1.DOC.txt" 時發生錯誤, 原因: Variant does not reference an automation object
[20141107-102455 WordFileConvertSrv.exe] ERR> 轉檔作業失敗. 從 "D:\NTAKWeb\NTAK_DDQS\Exec\Manager\FileStore\潘&#21843;銘100罰鍰-委託他人代為申報-維持.doc" 轉換至 "D:\NTAKWeb\NTAK_DDQS\Exec\ConvertArea\潘&#21843;銘100罰鍰-委託他人代為申報-維持.doc.txt" 時發生錯誤, 原因: Variant does not reference an automation object
[20141107-102455 WordFileConvertSrv.exe] ERR> 轉檔作業失敗. 從 "D:\NTAKWeb\NTAK_DDQS\Exec\Manager\FileStore\王&#28702;苡101年特銷稅罰鍰決定書-函.docx" 轉換至 "D:\NTAKWeb\NTAK_DDQS\Exec\ConvertArea\王&#28702;苡101年特銷稅罰鍰決定書-函.docx.txt" 時發生錯誤, 原因: Variant does not reference an automation object
[20141107-102455 WordFileConvertSrv.exe] ERR> 轉檔作業失敗. 從 "D:\NTAKWeb\NTAK_DDQS\Exec\Manager\FileStore\白美香(第09803188號)-96年度.doc" 轉換至 "D:\NTAKWeb\NTAK_DDQS\Exec\ConvertArea\白美香(第09803188號)-96年度.doc.txt" 時發生錯誤, 原因: Variant does not reference an automation object
[20141107-102455 WordFileConvertSrv.exe] ERR> 轉檔作業失敗. 從 "D:\NTAKWeb\NTAK_DDQS\Exec\Manager\FileStore\蘇宏典(第10001702號)-95年度.doc" 轉換至 "D:\NTAKWeb\NTAK_DDQS\Exec\ConvertArea\蘇宏典(第10001702號)-95年度.doc.txt" 時發生錯誤, 原因: Variant does not reference an automation object
[20141107-102455 WordFileConvertSrv.exe] ERR> 轉檔作業失敗. 從 "D:\NTAKWeb\NTAK_DDQS\Exec\Manager\FileStore\達旺廣告(第09803394號)-95年度.doc" 轉換至 "D:\NTAKWeb\NTAK_DDQS\Exec\ConvertArea\達旺廣告(第09803394號)-95年度.doc.txt" 時發生錯誤, 原因: Variant does not reference an automation object
[20141107-102455 WordFileConvertSrv.exe] ERR> 轉檔作業失敗. 從 "D:\NTAKWeb\NTAK_DDQS\Exec\Manager\FileStore\鍇億國際95營所稅決定書(虛銷8%).doc" 轉換至 "D:\NTAKWeb\NTAK_DDQS\Exec\ConvertArea\鍇億國際95營所稅決定書(虛銷8%).doc.txt" 時發生錯誤, 原因: Variant does not reference an automation object
[20141107-102455 WordFileConvertSrv.exe] ERR> 轉檔作業失敗. 從 "D:\NTAKWeb\NTAK_DDQS\Exec\Manager\FileStore\鍇億國際95營所稅決定書虛銷8%.doc" 轉換至 "D:\NTAKWeb\NTAK_DDQS\Exec\ConvertArea\鍇億國際95營所稅決定書虛銷8%.doc.txt" 時發生錯誤, 原因: Variant does not reference an automation object
[20141107-102455 WordFileConvertSrv.exe] ERR> 轉檔作業失敗. 從 "D:\NTAKWeb\NTAK_DDQS\Exec\Manager\FileStore\陳麗文(第09801332號)-96年度.doc" 轉換至 "D:\NTAKWeb\NTAK_DDQS\Exec\ConvertArea\陳麗文(第09801332號)-96年度.doc.txt" 時發生錯誤, 原因: Variant does not reference an automation object
[20141107-102455 WordFileConvertSrv.exe] ERR> 轉檔作業失敗. 從 "D:\NTAKWeb\NTAK_DDQS\Exec\Manager\FileStore\黃&#28702;瑢復查決定書-海外所得.doc" 轉換至 "D:\NTAKWeb\NTAK_DDQS\Exec\ConvertArea\黃&#28702;瑢復查決定書-海外所得.doc.txt" 時發生錯誤, 原因: Variant does not reference an automation object
[20141107-102455 WordFileConvertSrv.exe] ERR> 轉檔作業失敗. 從 "D:\NTAKWeb\NTAK_DDQS\Exec\Manager\FileStore\黃鳳珠(第09703642號)-95年度.doc" 轉換至 "D:\NTAKWeb\NTAK_DDQS\Exec\ConvertArea\黃鳳珠(第09703642號)-95年度.doc.txt" 時發生錯誤, 原因: Variant does not reference an automation object
[20141107-102501 WordFileConvertSrv.exe] ERR> 轉檔作業失敗. 從 "D:\NTAKWeb\NTAK_DDQS\Exec\Manager\FileStore\&#40644;武穎決定書.doc" 轉換至 "D:\NTAKWeb\NTAK_DDQS\Exec\ConvertArea\&#40644;武穎決定書.doc.txt" 時發生錯誤, 原因: Variant does not reference an automation object
[20141107-102501 WordFileConvertSrv.exe] ERR> 轉檔作業失敗. 從 "D:\NTAKWeb\NTAK_DDQS\Exec\Manager\FileStore\09700128300.doc" 轉換至 "D:\NTAKWeb\NTAK_DDQS\Exec\ConvertArea\09700128300.doc.txt" 時發生錯誤, 原因: Variant does not reference an automation object
[20141107-102501 WordFileConvertSrv.exe] ERR> 轉檔作業失敗. 從 "D:\NTAKWeb\NTAK_DDQS\Exec\Manager\FileStore\09700398060.doc" 轉換至 "D:\NTAKWeb\NTAK_DDQS\Exec\ConvertArea\09700398060.doc.txt" 時發生錯誤, 原因: Variant does not reference an automation object
[20141107-102501 WordFileConvertSrv.exe] ERR> 轉檔作業失敗. 從 "D:\NTAKWeb\NTAK_DDQS\Exec\Manager\FileStore\1-1020924洪瑞&#23791;君96年度復查決定書-函.doc" 轉換至 "D:\NTAKWeb\NTAK_DDQS\Exec\ConvertArea\1-1020924洪瑞&#23791;君96年度復查決定書-函.doc.txt" 時發生錯誤, 原因: Variant does not reference an automation object
[20141107-102501 WordFileConvertSrv.exe] ERR> 轉檔作業失敗. 從 "D:\NTAKWeb\NTAK_DDQS\Exec\Manager\FileStore\100-2-21鍾泰營造有限公司營業稅罰鍰(復查決定書-重繕(發文).doc" 轉換至 "D:\NTAKWeb\NTAK_DDQS\Exec\ConvertArea\100-2-21鍾泰營造有限公司營業稅罰鍰(復查決定書-重繕(發文).doc.txt" 時發生錯誤, 原因: Variant does not reference an automation object
[20141107-102501 WordFileConvertSrv.exe] ERR> 轉檔作業失敗. 從 "D:\NTAKWeb\NTAK_DDQS\Exec\Manager\FileStore\100年度判字第1949號.doc" 轉換至 "D:\NTAKWeb\NTAK_DDQS\Exec\ConvertArea\100年度判字第1949號.doc.txt" 時發生錯誤, 原因: Variant does not reference an automation object
[20141107-102501 WordFileConvertSrv.exe] ERR> 轉檔作業失敗. 從 "D:\NTAKWeb\NTAK_DDQS\Exec\Manager\FileStore\100年度復查決定書稿發文.doc" 轉換至 "D:\NTAKWeb\NTAK_DDQS\Exec\ConvertArea\100年度復查決定書稿發文.doc.txt" 時發生錯誤, 原因: Variant does not reference an automation object
[20141107-102501 WordFileConvertSrv.exe] ERR> 轉檔作業失敗. 從 "D:\NTAKWeb\NTAK_DDQS\Exec\Manager\FileStore\100年度訴字第444號.doc" 轉換至 "D:\NTAKWeb\NTAK_DDQS\Exec\ConvertArea\100年度訴字第444號.doc.txt" 時發生錯誤, 原因: Variant does not reference an automation object
[20141107-102501 WordFileConvertSrv.exe] ERR> 轉檔作業失敗. 從 "D:\NTAKWeb\NTAK_DDQS\Exec\Manager\FileStore\102.4.29-陳&#28913;泰(陳吳芬釵)100年度綜所稅復查決定書.doc" 轉換至 "D:\NTAKWeb\NTAK_DDQS\Exec\ConvertArea\102.4.29-陳&#28913;泰(陳吳芬釵)100年度綜所稅復查決定書.doc.txt" 時發生錯誤, 原因: Variant does not reference an automation object
[20141107-102501 WordFileConvertSrv.exe] ERR> 轉檔作業失敗. 從 "D:\NTAKWeb\NTAK_DDQS\Exec\Manager\FileStore\10201614.doc" 轉換至 "D:\NTAKWeb\NTAK_DDQS\Exec\ConvertArea\10201614.doc.txt" 時發生錯誤, 原因: Variant does not reference an automation object
[20141107-102501 WordFileConvertSrv.exe] ERR> 轉檔作業失敗. 從 "D:\NTAKWeb\NTAK_DDQS\Exec\Manager\FileStore\1020716張孟信99年度綜所稅復查決定書(復查會決議修正).doc" 轉換至 "D:\NTAKWeb\NTAK_DDQS\Exec\ConvertArea\1020716張孟信99年度綜所稅復查決定書(復查會決議修正).doc.txt" 時發生錯誤, 原因: Variant does not reference an automation object
[20141107-102501 WordFileConvertSrv.exe] ERR> 轉檔作業失敗. 從 "D:\NTAKWeb\NTAK_DDQS\Exec\Manager\FileStore\1021030黃振銘君99年度綜所稅復查決定書.doc" 轉換至 "D:\NTAKWeb\NTAK_DDQS\Exec\ConvertArea\1021030黃振銘君99年度綜所稅復查決定書.doc.txt" 時發生錯誤, 原因: Variant does not reference an automation object
[20141107-102501 WordFileConvertSrv.exe] ERR> 轉檔作業失敗. 從 "D:\NTAKWeb\NTAK_DDQS\Exec\Manager\FileStore\103.06.23發文-黃小芳101年綜所稅決定書稿.doc" 轉換至 "D:\NTAKWeb\NTAK_DDQS\Exec\ConvertArea\103.06.23發文-黃小芳101年綜所稅決定書稿.doc.txt" 時發生錯誤, 原因: Variant does not reference an automation object
[20141107-102501 WordFileConvertSrv.exe] ERR> 轉檔作業失敗. 從 "D:\NTAKWeb\NTAK_DDQS\Exec\Manager\FileStore\103.4.25發文-陳振昌100年綜所稅決定書(罰鍰).doc" 轉換至 "D:\NTAKWeb\NTAK_DDQS\Exec\ConvertArea\103.4.25發文-陳振昌100年綜所稅決定書(罰鍰).doc.txt" 時發生錯誤, 原因: Variant does not reference an automation object
[20141107-102501 WordFileConvertSrv.exe] ERR> 轉檔作業失敗. 從 "D:\NTAKWeb\NTAK_DDQS\Exec\Manager\FileStore\10300120.doc" 轉換至 "D:\NTAKWeb\NTAK_DDQS\Exec\ConvertArea\10300120.doc.txt" 時發生錯誤, 原因: Variant does not reference an automation object
[20141107-102501 WordFileConvertSrv.exe] ERR> 轉檔作業失敗. 從 "D:\NTAKWeb\NTAK_DDQS\Exec\Manager\FileStore\1030912江昌101營所稅(漏報其他收入) 罰鍰復查決定書(發文).doc" 轉換至 "D:\NTAKWeb\NTAK_DDQS\Exec\ConvertArea\1030912江昌101營所稅(漏報其他收入) 罰鍰復查決定書(發文).doc.txt" 時發生錯誤, 原因: Variant does not reference an automation object
[20141107-102501 WordFileConvertSrv.exe] ERR> 轉檔作業失敗. 從 "D:\NTAKWeb\NTAK_DDQS\Exec\Manager\FileStore\95年度訴字第160號(2).doc" 轉換至 "D:\NTAKWeb\NTAK_DDQS\Exec\ConvertArea\95年度訴字第160號(2).doc.txt" 時發生錯誤, 原因: Variant does not reference an automation object
[20141107-102501 WordFileConvertSrv.exe] ERR> 轉檔作業失敗. 從 "D:\NTAKWeb\NTAK_DDQS\Exec\Manager\FileStore\98年度再字第37號.doc" 轉換至 "D:\NTAKWeb\NTAK_DDQS\Exec\ConvertArea\98年度再字第37號.doc.txt" 時發生錯誤, 原因: Variant does not reference an automation object
[20141107-102501 WordFileConvertSrv.exe] ERR> 轉檔作業失敗. 從 "D:\NTAKWeb\NTAK_DDQS\Exec\Manager\FileStore\98年度簡再字第13號(2).doc" 轉換至 "D:\NTAKWeb\NTAK_DDQS\Exec\ConvertArea\98年度簡再字第13號(2).doc.txt" 時發生錯誤, 原因: Variant does not reference an automation object
[20141107-102501 WordFileConvertSrv.exe] ERR> 轉檔作業失敗. 從 "D:\NTAKWeb\NTAK_DDQS\Exec\Manager\FileStore\99年度簡再字第9號.doc" 轉換至 "D:\NTAKWeb\NTAK_DDQS\Exec\ConvertArea\99年度簡再字第9號.doc.txt" 時發生錯誤, 原因: Variant does not reference an automation object
[20141107-102501 WordFileConvertSrv.exe] ERR> 轉檔作業失敗. 從 "D:\NTAKWeb\NTAK_DDQS\Exec\Manager\FileStore\IE8302100730陳景生101本稅-短報5%－更正後.doc" 轉換至 "D:\NTAKWeb\NTAK_DDQS\Exec\ConvertArea\IE8302100730陳景生101本稅-短報5%－更正後.doc.txt" 時發生錯誤, 原因: Variant does not reference an automation object
[20141107-102501 WordFileConvertSrv.exe] ERR> 轉檔作業失敗. 從 "D:\NTAKWeb\NTAK_DDQS\Exec\Manager\FileStore\JVP-LST.doc" 轉換至 "D:\NTAKWeb\NTAK_DDQS\Exec\ConvertArea\JVP-LST.doc.txt" 時發生錯誤, 原因: Variant does not reference an automation object
[20141107-102501 WordFileConvertSrv.exe] ERR> 轉檔作業失敗. 從 "D:\NTAKWeb\NTAK_DDQS\Exec\Manager\FileStore\NE0402400815邱翠蓮99罰鍰-未據實申報扣繳憑單20%-維持.doc" 轉換至 "D:\NTAKWeb\NTAK_DDQS\Exec\ConvertArea\NE0402400815邱翠蓮99罰鍰-未據實申報扣繳憑單20%-維持.doc.txt" 時發生錯誤, 原因: Variant does not reference an automation object
[20141107-102501 WordFileConvertSrv.exe] ERR> 轉檔作業失敗. 從 "D:\NTAKWeb\NTAK_DDQS\Exec\Manager\FileStore\NE0403100144章一民101年復查決定書-稿.doc" 轉換至 "D:\NTAKWeb\NTAK_DDQS\Exec\ConvertArea\NE0403100144章一民101年復查決定書-稿.doc.txt" 時發生錯誤, 原因: Variant does not reference an automation object
[20141107-102501 WordFileConvertSrv.exe] ERR> 轉檔作業失敗. 從 "D:\NTAKWeb\NTAK_DDQS\Exec\Manager\FileStore\NE8302100123莊全勝100免稅額-追減-核定.doc" 轉換至 "D:\NTAKWeb\NTAK_DDQS\Exec\ConvertArea\NE8302100123莊全勝100免稅額-追減-核定.doc.txt" 時發生錯誤, 原因: Variant does not reference an automation object
[20141107-102501 WordFileConvertSrv.exe] ERR> 轉檔作業失敗. 從 "D:\NTAKWeb\NTAK_DDQS\Exec\Manager\FileStore\NE8302400498潘&#21843;銘100罰鍰-委託他人代為申報-維持.doc" 轉換至 "D:\NTAKWeb\NTAK_DDQS\Exec\ConvertArea\NE8302400498潘&#21843;銘100罰鍰-委託他人代為申報-維持.doc.txt" 時發生錯誤, 原因: Variant does not reference an automation object
[20141107-102501 WordFileConvertSrv.exe] ERR> 轉檔作業失敗. 從 "D:\NTAKWeb\NTAK_DDQS\Exec\Manager\FileStore\何海鷗101虛列免稅額決定書(本+罰)正本.doc" 轉換至 "D:\NTAKWeb\NTAK_DDQS\Exec\ConvertArea\何海鷗101虛列免稅額決定書(本+罰)正本.doc.txt" 時發生錯誤, 原因: Variant does not reference an automation object
[20141107-102501 WordFileConvertSrv.exe] ERR> 轉檔作業失敗. 從 "D:\NTAKWeb\NTAK_DDQS\Exec\Manager\FileStore\佳勝營造(第09903392號)-94年度.doc" 轉換至 "D:\NTAKWeb\NTAK_DDQS\Exec\ConvertArea\佳勝營造(第09903392號)-94年度.doc.txt" 時發生錯誤, 原因: Variant does not reference an automation object
[20141107-102501 WordFileConvertSrv.exe] ERR> 轉檔作業失敗. 從 "D:\NTAKWeb\NTAK_DDQS\Exec\Manager\FileStore\北方之星(第09800030號)-89年度.doc" 轉換至 "D:\NTAKWeb\NTAK_DDQS\Exec\ConvertArea\北方之星(第09800030號)-89年度.doc.txt" 時發生錯誤, 原因: Variant does not reference an automation object
[20141107-102501 WordFileConvertSrv.exe] ERR> 轉檔作業失敗. 從 "D:\NTAKWeb\NTAK_DDQS\Exec\Manager\FileStore\呂冠霖(第09704361~09704365號)-91~95年度.doc" 轉換至 "D:\NTAKWeb\NTAK_DDQS\Exec\ConvertArea\呂冠霖(第09704361~09704365號)-91~95年度.doc.txt" 時發生錯誤, 原因: Variant does not reference an automation object
[20141107-102501 WordFileConvertSrv.exe] ERR> 轉檔作業失敗. 從 "D:\NTAKWeb\NTAK_DDQS\Exec\Manager\FileStore\周王金珍(第09800157號)-94年度.doc" 轉換至 "D:\NTAKWeb\NTAK_DDQS\Exec\ConvertArea\周王金珍(第09800157號)-94年度.doc.txt" 時發生錯誤, 原因: Variant does not reference an automation object
[20141107-102501 WordFileConvertSrv.exe] ERR> 轉檔作業失敗. 從 "D:\NTAKWeb\NTAK_DDQS\Exec\Manager\FileStore\廖東建(第10001282號)-98年度.doc" 轉換至 "D:\NTAKWeb\NTAK_DDQS\Exec\ConvertArea\廖東建(第10001282號)-98年度.doc.txt" 時發生錯誤, 原因: Variant does not reference an automation object
[20141107-102501 WordFileConvertSrv.exe] ERR> 轉檔作業失敗. 從 "D:\NTAKWeb\NTAK_DDQS\Exec\Manager\FileStore\廣建95營所稅決定書(虛銷8%).doc" 轉換至 "D:\NTAKWeb\NTAK_DDQS\Exec\ConvertArea\廣建95營所稅決定書(虛銷8%).doc.txt" 時發生錯誤, 原因: Variant does not reference an automation object
[20141107-102501 WordFileConvertSrv.exe] ERR> 轉檔作業失敗. 從 "D:\NTAKWeb\NTAK_DDQS\Exec\Manager\FileStore\彭宴祥(第09801703號)-96年度.doc" 轉換至 "D:\NTAKWeb\NTAK_DDQS\Exec\ConvertArea\彭宴祥(第09801703號)-96年度.doc.txt" 時發生錯誤, 原因: Variant does not reference an automation object
[20141107-102501 WordFileConvertSrv.exe] ERR> 轉檔作業失敗. 從 "D:\NTAKWeb\NTAK_DDQS\Exec\Manager\FileStore\復查決定-函洪俊良93信託營利所得-實質課稅-核課期間.doc" 轉換至 "D:\NTAKWeb\NTAK_DDQS\Exec\ConvertArea\復查決定-函洪俊良93信託營利所得-實質課稅-核課期間.doc.txt" 時發生錯誤, 原因: Variant does not reference an automation object
[20141107-102501 WordFileConvertSrv.exe] ERR> 轉檔作業失敗. 從 "D:\NTAKWeb\NTAK_DDQS\Exec\Manager\FileStore\日月光電子100年度營所稅復查決定書.doc" 轉換至 "D:\NTAKWeb\NTAK_DDQS\Exec\ConvertArea\日月光電子100年度營所稅復查決定書.doc.txt" 時發生錯誤, 原因: Variant does not reference an automation object
[20141107-102501 WordFileConvertSrv.exe] ERR> 轉檔作業失敗. 從 "D:\NTAKWeb\NTAK_DDQS\Exec\Manager\FileStore\李淑&#32137;決定書.doc" 轉換至 "D:\NTAKWeb\NTAK_DDQS\Exec\ConvertArea\李淑&#32137;決定書.doc.txt" 時發生錯誤, 原因: Variant does not reference an automation object
[20141107-102501 WordFileConvertSrv.exe] ERR> 轉檔作業失敗. 從 "D:\NTAKWeb\NTAK_DDQS\Exec\Manager\FileStore\李清 復查決定書.doc.doc" 轉換至 "D:\NTAKWeb\NTAK_DDQS\Exec\ConvertArea\李清 復查決定書.doc.doc.txt" 時發生錯誤, 原因: Variant does not reference an automation object
[20141107-102501 WordFileConvertSrv.exe] ERR> 轉檔作業失敗. 從 "D:\NTAKWeb\NTAK_DDQS\Exec\Manager\FileStore\李清&#23791;復查決定書.doc" 轉換至 "D:\NTAKWeb\NTAK_DDQS\Exec\ConvertArea\李清&#23791;復查決定書.doc.txt" 時發生錯誤, 原因: Variant does not reference an automation object
[20141107-102501 WordFileConvertSrv.exe] ERR> 轉檔作業失敗. 從 "D:\NTAKWeb\NTAK_DDQS\Exec\Manager\FileStore\林&#37979;宏決定書.doc" 轉換至 "D:\NTAKWeb\NTAK_DDQS\Exec\ConvertArea\林&#37979;宏決定書.doc.txt" 時發生錯誤, 原因: Variant does not reference an automation object
[20141107-102501 WordFileConvertSrv.exe] ERR> 轉檔作業失敗. 從 "D:\NTAKWeb\NTAK_DDQS\Exec\Manager\FileStore\林奇峰95年度復查報告確定版.doc" 轉換至 "D:\NTAKWeb\NTAK_DDQS\Exec\ConvertArea\林奇峰95年度復查報告確定版.doc.txt" 時發生錯誤, 原因: Variant does not reference an automation object
[20141107-102501 WordFileConvertSrv.exe] ERR> 轉檔作業失敗. 從 "D:\NTAKWeb\NTAK_DDQS\Exec\Manager\FileStore\林宜靜(第09903210號)-94~96年度.doc" 轉換至 "D:\NTAKWeb\NTAK_DDQS\Exec\ConvertArea\林宜靜(第09903210號)-94~96年度.doc.txt" 時發生錯誤, 原因: Variant does not reference an automation object
[20141107-102501 WordFileConvertSrv.exe] ERR> 轉檔作業失敗. 從 "D:\NTAKWeb\NTAK_DDQS\Exec\Manager\FileStore\林茂雄98年度綜合所得稅正本.doc" 轉換至 "D:\NTAKWeb\NTAK_DDQS\Exec\ConvertArea\林茂雄98年度綜合所得稅正本.doc.txt" 時發生錯誤, 原因: Variant does not reference an automation object
[20141107-102501 WordFileConvertSrv.exe] ERR> 轉檔作業失敗. 從 "D:\NTAKWeb\NTAK_DDQS\Exec\Manager\FileStore\林麗俐(第10002578號)-93年度.doc" 轉換至 "D:\NTAKWeb\NTAK_DDQS\Exec\ConvertArea\林麗俐(第10002578號)-93年度.doc.txt" 時發生錯誤, 原因: Variant does not reference an automation object
[20141107-102501 WordFileConvertSrv.exe] ERR> 轉檔作業失敗. 從 "D:\NTAKWeb\NTAK_DDQS\Exec\Manager\FileStore\楊肅泰(第09804135號)-96年度.doc" 轉換至 "D:\NTAKWeb\NTAK_DDQS\Exec\ConvertArea\楊肅泰(第09804135號)-96年度.doc.txt" 時發生錯誤, 原因: Variant does not reference an automation object
[20141107-102501 WordFileConvertSrv.exe] ERR> 轉檔作業失敗. 從 "D:\NTAKWeb\NTAK_DDQS\Exec\Manager\FileStore\歐陽建華(第09902018號)-88年度.doc" 轉換至 "D:\NTAKWeb\NTAK_DDQS\Exec\ConvertArea\歐陽建華(第09902018號)-88年度.doc.txt" 時發生錯誤, 原因: Variant does not reference an automation object
[20141107-102501 WordFileConvertSrv.exe] ERR> 轉檔作業失敗. 從 "D:\NTAKWeb\NTAK_DDQS\Exec\Manager\FileStore\武穎決~1.DOC" 轉換至 "D:\NTAKWeb\NTAK_DDQS\Exec\ConvertArea\武穎決~1.DOC.txt" 時發生錯誤, 原因: Variant does not reference an automation object
[20141107-102501 WordFileConvertSrv.exe] ERR> 轉檔作業失敗. 從 "D:\NTAKWeb\NTAK_DDQS\Exec\Manager\FileStore\潘&#21843;銘100罰鍰-委託他人代為申報-維持.doc" 轉換至 "D:\NTAKWeb\NTAK_DDQS\Exec\ConvertArea\潘&#21843;銘100罰鍰-委託他人代為申報-維持.doc.txt" 時發生錯誤, 原因: Variant does not reference an automation object
[20141107-102501 WordFileConvertSrv.exe] ERR> 轉檔作業失敗. 從 "D:\NTAKWeb\NTAK_DDQS\Exec\Manager\FileStore\王&#28702;苡101年特銷稅罰鍰決定書-函.docx" 轉換至 "D:\NTAKWeb\NTAK_DDQS\Exec\ConvertArea\王&#28702;苡101年特銷稅罰鍰決定書-函.docx.txt" 時發生錯誤, 原因: Variant does not reference an automation object
[20141107-102501 WordFileConvertSrv.exe] ERR> 轉檔作業失敗. 從 "D:\NTAKWeb\NTAK_DDQS\Exec\Manager\FileStore\白美香(第09803188號)-96年度.doc" 轉換至 "D:\NTAKWeb\NTAK_DDQS\Exec\ConvertArea\白美香(第09803188號)-96年度.doc.txt" 時發生錯誤, 原因: Variant does not reference an automation object
[20141107-102501 WordFileConvertSrv.exe] ERR> 轉檔作業失敗. 從 "D:\NTAKWeb\NTAK_DDQS\Exec\Manager\FileStore\蘇宏典(第10001702號)-95年度.doc" 轉換至 "D:\NTAKWeb\NTAK_DDQS\Exec\ConvertArea\蘇宏典(第10001702號)-95年度.doc.txt" 時發生錯誤, 原因: Variant does not reference an automation object
[20141107-102501 WordFileConvertSrv.exe] ERR> 轉檔作業失敗. 從 "D:\NTAKWeb\NTAK_DDQS\Exec\Manager\FileStore\達旺廣告(第09803394號)-95年度.doc" 轉換至 "D:\NTAKWeb\NTAK_DDQS\Exec\ConvertArea\達旺廣告(第09803394號)-95年度.doc.txt" 時發生錯誤, 原因: Variant does not reference an automation object
[20141107-102501 WordFileConvertSrv.exe] ERR> 轉檔作業失敗. 從 "D:\NTAKWeb\NTAK_DDQS\Exec\Manager\FileStore\鄭景元決定書.doc" 轉換至 "D:\NTAKWeb\NTAK_DDQS\Exec\ConvertArea\鄭景元決定書.doc.txt" 時發生錯誤, 原因: Variant does not reference an automation object
[20141107-102501 WordFileConvertSrv.exe] ERR> 轉檔作業失敗. 從 "D:\NTAKWeb\NTAK_DDQS\Exec\Manager\FileStore\鍇億國際95營所稅決定書(虛銷8%).doc" 轉換至 "D:\NTAKWeb\NTAK_DDQS\Exec\ConvertArea\鍇億國際95營所稅決定書(虛銷8%).doc.txt" 時發生錯誤, 原因: Variant does not reference an automation object
[20141107-102501 WordFileConvertSrv.exe] ERR> 轉檔作業失敗. 從 "D:\NTAKWeb\NTAK_DDQS\Exec\Manager\FileStore\鍇億國際95營所稅決定書虛銷8%.doc" 轉換至 "D:\NTAKWeb\NTAK_DDQS\Exec\ConvertArea\鍇億國際95營所稅決定書虛銷8%.doc.txt" 時發生錯誤, 原因: Variant does not reference an automation object
[20141107-102501 WordFileConvertSrv.exe] ERR> 轉檔作業失敗. 從 "D:\NTAKWeb\NTAK_DDQS\Exec\Manager\FileStore\陳麗文(第09801332號)-96年度.doc" 轉換至 "D:\NTAKWeb\NTAK_DDQS\Exec\ConvertArea\陳麗文(第09801332號)-96年度.doc.txt" 時發生錯誤, 原因: Variant does not reference an automation object
[20141107-102501 WordFileConvertSrv.exe] ERR> 轉檔作業失敗. 從 "D:\NTAKWeb\NTAK_DDQS\Exec\Manager\FileStore\黃&#28702;瑢復查決定書-海外所得.doc" 轉換至 "D:\NTAKWeb\NTAK_DDQS\Exec\ConvertArea\黃&#28702;瑢復查決定書-海外所得.doc.txt" 時發生錯誤, 原因: Variant does not reference an automation object
[20141107-102501 WordFileConvertSrv.exe] ERR> 轉檔作業失敗. 從 "D:\NTAKWeb\NTAK_DDQS\Exec\Manager\FileStore\黃鳳珠(第09703642號)-95年度.doc" 轉換至 "D:\NTAKWeb\NTAK_DDQS\Exec\ConvertArea\黃鳳珠(第09703642號)-95年度.doc.txt" 時發生錯誤, 原因: Variant does not reference an automation object
[20141107-102536 WordFileConvertSrv.exe] ERR> 轉檔作業失敗. 從 "D:\NTAKWeb\NTAK_DDQS\Exec\Manager\FileStore\&#40644;武穎決定書.doc" 轉換至 "D:\NTAKWeb\NTAK_DDQS\Exec\ConvertArea\&#40644;武穎決定書.doc.txt" 時發生錯誤, 原因: Variant does not reference an automation object
[20141107-102536 WordFileConvertSrv.exe] ERR> 轉檔作業失敗. 從 "D:\NTAKWeb\NTAK_DDQS\Exec\Manager\FileStore\09700128300.doc" 轉換至 "D:\NTAKWeb\NTAK_DDQS\Exec\ConvertArea\09700128300.doc.txt" 時發生錯誤, 原因: Variant does not reference an automation object
[20141107-102536 WordFileConvertSrv.exe] ERR> 轉檔作業失敗. 從 "D:\NTAKWeb\NTAK_DDQS\Exec\Manager\FileStore\09700398060.doc" 轉換至 "D:\NTAKWeb\NTAK_DDQS\Exec\ConvertArea\09700398060.doc.txt" 時發生錯誤, 原因: Variant does not reference an automation object
[20141107-102536 WordFileConvertSrv.exe] ERR> 轉檔作業失敗. 從 "D:\NTAKWeb\NTAK_DDQS\Exec\Manager\FileStore\1-1020924洪瑞&#23791;君96年度復查決定書-函.doc" 轉換至 "D:\NTAKWeb\NTAK_DDQS\Exec\ConvertArea\1-1020924洪瑞&#23791;君96年度復查決定書-函.doc.txt" 時發生錯誤, 原因: Variant does not reference an automation object
[20141107-102536 WordFileConvertSrv.exe] ERR> 轉檔作業失敗. 從 "D:\NTAKWeb\NTAK_DDQS\Exec\Manager\FileStore\100-2-21鍾泰營造有限公司營業稅罰鍰(復查決定書-重繕(發文).doc" 轉換至 "D:\NTAKWeb\NTAK_DDQS\Exec\ConvertArea\100-2-21鍾泰營造有限公司營業稅罰鍰(復查決定書-重繕(發文).doc.txt" 時發生錯誤, 原因: Variant does not reference an automation object
[20141107-102536 WordFileConvertSrv.exe] ERR> 轉檔作業失敗. 從 "D:\NTAKWeb\NTAK_DDQS\Exec\Manager\FileStore\100年度判字第1949號.doc" 轉換至 "D:\NTAKWeb\NTAK_DDQS\Exec\ConvertArea\100年度判字第1949號.doc.txt" 時發生錯誤, 原因: Variant does not reference an automation object
[20141107-102536 WordFileConvertSrv.exe] ERR> 轉檔作業失敗. 從 "D:\NTAKWeb\NTAK_DDQS\Exec\Manager\FileStore\100年度復查決定書稿發文.doc" 轉換至 "D:\NTAKWeb\NTAK_DDQS\Exec\ConvertArea\100年度復查決定書稿發文.doc.txt" 時發生錯誤, 原因: Variant does not reference an automation object
[20141107-102536 WordFileConvertSrv.exe] ERR> 轉檔作業失敗. 從 "D:\NTAKWeb\NTAK_DDQS\Exec\Manager\FileStore\100年度訴字第444號.doc" 轉換至 "D:\NTAKWeb\NTAK_DDQS\Exec\ConvertArea\100年度訴字第444號.doc.txt" 時發生錯誤, 原因: Variant does not reference an automation object
[20141107-102536 WordFileConvertSrv.exe] ERR> 轉檔作業失敗. 從 "D:\NTAKWeb\NTAK_DDQS\Exec\Manager\FileStore\102.4.29-陳&#28913;泰(陳吳芬釵)100年度綜所稅復查決定書.doc" 轉換至 "D:\NTAKWeb\NTAK_DDQS\Exec\ConvertArea\102.4.29-陳&#28913;泰(陳吳芬釵)100年度綜所稅復查決定書.doc.txt" 時發生錯誤, 原因: Variant does not reference an automation object
[20141107-102536 WordFileConvertSrv.exe] ERR> 轉檔作業失敗. 從 "D:\NTAKWeb\NTAK_DDQS\Exec\Manager\FileStore\10201614.doc" 轉換至 "D:\NTAKWeb\NTAK_DDQS\Exec\ConvertArea\10201614.doc.txt" 時發生錯誤, 原因: Variant does not reference an automation object
[20141107-102536 WordFileConvertSrv.exe] ERR> 轉檔作業失敗. 從 "D:\NTAKWeb\NTAK_DDQS\Exec\Manager\FileStore\1020716張孟信99年度綜所稅復查決定書(復查會決議修正).doc" 轉換至 "D:\NTAKWeb\NTAK_DDQS\Exec\ConvertArea\1020716張孟信99年度綜所稅復查決定書(復查會決議修正).doc.txt" 時發生錯誤, 原因: Variant does not reference an automation object
[20141107-102536 WordFileConvertSrv.exe] ERR> 轉檔作業失敗. 從 "D:\NTAKWeb\NTAK_DDQS\Exec\Manager\FileStore\1021030黃振銘君99年度綜所稅復查決定書.doc" 轉換至 "D:\NTAKWeb\NTAK_DDQS\Exec\ConvertArea\1021030黃振銘君99年度綜所稅復查決定書.doc.txt" 時發生錯誤, 原因: Variant does not reference an automation object
[20141107-102536 WordFileConvertSrv.exe] ERR> 轉檔作業失敗. 從 "D:\NTAKWeb\NTAK_DDQS\Exec\Manager\FileStore\103.06.23發文-黃小芳101年綜所稅決定書稿.doc" 轉換至 "D:\NTAKWeb\NTAK_DDQS\Exec\ConvertArea\103.06.23發文-黃小芳101年綜所稅決定書稿.doc.txt" 時發生錯誤, 原因: Variant does not reference an automation object
[20141107-102536 WordFileConvertSrv.exe] ERR> 轉檔作業失敗. 從 "D:\NTAKWeb\NTAK_DDQS\Exec\Manager\FileStore\103.4.25發文-陳振昌100年綜所稅決定書(罰鍰).doc" 轉換至 "D:\NTAKWeb\NTAK_DDQS\Exec\ConvertArea\103.4.25發文-陳振昌100年綜所稅決定書(罰鍰).doc.txt" 時發生錯誤, 原因: Variant does not reference an automation object
[20141107-102536 WordFileConvertSrv.exe] ERR> 轉檔作業失敗. 從 "D:\NTAKWeb\NTAK_DDQS\Exec\Manager\FileStore\10300120.doc" 轉換至 "D:\NTAKWeb\NTAK_DDQS\Exec\ConvertArea\10300120.doc.txt" 時發生錯誤, 原因: Variant does not reference an automation object
[20141107-102536 WordFileConvertSrv.exe] ERR> 轉檔作業失敗. 從 "D:\NTAKWeb\NTAK_DDQS\Exec\Manager\FileStore\1030912江昌101營所稅(漏報其他收入) 罰鍰復查決定書(發文).doc" 轉換至 "D:\NTAKWeb\NTAK_DDQS\Exec\ConvertArea\1030912江昌101營所稅(漏報其他收入) 罰鍰復查決定書(發文).doc.txt" 時發生錯誤, 原因: Variant does not reference an automation object
[20141107-102536 WordFileConvertSrv.exe] ERR> 轉檔作業失敗. 從 "D:\NTAKWeb\NTAK_DDQS\Exec\Manager\FileStore\95年度訴字第160號(2).doc" 轉換至 "D:\NTAKWeb\NTAK_DDQS\Exec\ConvertArea\95年度訴字第160號(2).doc.txt" 時發生錯誤, 原因: Variant does not reference an automation object
[20141107-102536 WordFileConvertSrv.exe] ERR> 轉檔作業失敗. 從 "D:\NTAKWeb\NTAK_DDQS\Exec\Manager\FileStore\98年度再字第37號.doc" 轉換至 "D:\NTAKWeb\NTAK_DDQS\Exec\ConvertArea\98年度再字第37號.doc.txt" 時發生錯誤, 原因: Variant does not reference an automation object
[20141107-102536 WordFileConvertSrv.exe] ERR> 轉檔作業失敗. 從 "D:\NTAKWeb\NTAK_DDQS\Exec\Manager\FileStore\98年度簡再字第13號(2).doc" 轉換至 "D:\NTAKWeb\NTAK_DDQS\Exec\ConvertArea\98年度簡再字第13號(2).doc.txt" 時發生錯誤, 原因: Variant does not reference an automation object
[20141107-102536 WordFileConvertSrv.exe] ERR> 轉檔作業失敗. 從 "D:\NTAKWeb\NTAK_DDQS\Exec\Manager\FileStore\99年度簡再字第9號.doc" 轉換至 "D:\NTAKWeb\NTAK_DDQS\Exec\ConvertArea\99年度簡再字第9號.doc.txt" 時發生錯誤, 原因: Variant does not reference an automation object
[20141107-102536 WordFileConvertSrv.exe] ERR> 轉檔作業失敗. 從 "D:\NTAKWeb\NTAK_DDQS\Exec\Manager\FileStore\IE8302100730陳景生101本稅-短報5%－更正後.doc" 轉換至 "D:\NTAKWeb\NTAK_DDQS\Exec\ConvertArea\IE8302100730陳景生101本稅-短報5%－更正後.doc.txt" 時發生錯誤, 原因: Variant does not reference an automation object
[20141107-102536 WordFileConvertSrv.exe] ERR> 轉檔作業失敗. 從 "D:\NTAKWeb\NTAK_DDQS\Exec\Manager\FileStore\JVP-LST.doc" 轉換至 "D:\NTAKWeb\NTAK_DDQS\Exec\ConvertArea\JVP-LST.doc.txt" 時發生錯誤, 原因: Variant does not reference an automation object
[20141107-102536 WordFileConvertSrv.exe] ERR> 轉檔作業失敗. 從 "D:\NTAKWeb\NTAK_DDQS\Exec\Manager\FileStore\NE0402400815邱翠蓮99罰鍰-未據實申報扣繳憑單20%-維持.doc" 轉換至 "D:\NTAKWeb\NTAK_DDQS\Exec\ConvertArea\NE0402400815邱翠蓮99罰鍰-未據實申報扣繳憑單20%-維持.doc.txt" 時發生錯誤, 原因: Variant does not reference an automation object
[20141107-102536 WordFileConvertSrv.exe] ERR> 轉檔作業失敗. 從 "D:\NTAKWeb\NTAK_DDQS\Exec\Manager\FileStore\NE0403100144章一民101年復查決定書-稿.doc" 轉換至 "D:\NTAKWeb\NTAK_DDQS\Exec\ConvertArea\NE0403100144章一民101年復查決定書-稿.doc.txt" 時發生錯誤, 原因: Variant does not reference an automation object
[20141107-102536 WordFileConvertSrv.exe] ERR> 轉檔作業失敗. 從 "D:\NTAKWeb\NTAK_DDQS\Exec\Manager\FileStore\NE8302100123莊全勝100免稅額-追減-核定.doc" 轉換至 "D:\NTAKWeb\NTAK_DDQS\Exec\ConvertArea\NE8302100123莊全勝100免稅額-追減-核定.doc.txt" 時發生錯誤, 原因: Variant does not reference an automation object
[20141107-102536 WordFileConvertSrv.exe] ERR> 轉檔作業失敗. 從 "D:\NTAKWeb\NTAK_DDQS\Exec\Manager\FileStore\NE8302400498潘&#21843;銘100罰鍰-委託他人代為申報-維持.doc" 轉換至 "D:\NTAKWeb\NTAK_DDQS\Exec\ConvertArea\NE8302400498潘&#21843;銘100罰鍰-委託他人代為申報-維持.doc.txt" 時發生錯誤, 原因: Variant does not reference an automation object
[20141107-102536 WordFileConvertSrv.exe] ERR> 轉檔作業失敗. 從 "D:\NTAKWeb\NTAK_DDQS\Exec\Manager\FileStore\何海鷗101虛列免稅額決定書(本+罰)正本.doc" 轉換至 "D:\NTAKWeb\NTAK_DDQS\Exec\ConvertArea\何海鷗101虛列免稅額決定書(本+罰)正本.doc.txt" 時發生錯誤, 原因: Variant does not reference an automation object
[20141107-102536 WordFileConvertSrv.exe] ERR> 轉檔作業失敗. 從 "D:\NTAKWeb\NTAK_DDQS\Exec\Manager\FileStore\佳勝營造(第09903392號)-94年度.doc" 轉換至 "D:\NTAKWeb\NTAK_DDQS\Exec\ConvertArea\佳勝營造(第09903392號)-94年度.doc.txt" 時發生錯誤, 原因: Variant does not reference an automation object
[20141107-102536 WordFileConvertSrv.exe] ERR> 轉檔作業失敗. 從 "D:\NTAKWeb\NTAK_DDQS\Exec\Manager\FileStore\北方之星(第09800030號)-89年度.doc" 轉換至 "D:\NTAKWeb\NTAK_DDQS\Exec\ConvertArea\北方之星(第09800030號)-89年度.doc.txt" 時發生錯誤, 原因: Variant does not reference an automation object
[20141107-102536 WordFileConvertSrv.exe] ERR> 轉檔作業失敗. 從 "D:\NTAKWeb\NTAK_DDQS\Exec\Manager\FileStore\呂冠霖(第09704361~09704365號)-91~95年度.doc" 轉換至 "D:\NTAKWeb\NTAK_DDQS\Exec\ConvertArea\呂冠霖(第09704361~09704365號)-91~95年度.doc.txt" 時發生錯誤, 原因: Variant does not reference an automation object
[20141107-102536 WordFileConvertSrv.exe] ERR> 轉檔作業失敗. 從 "D:\NTAKWeb\NTAK_DDQS\Exec\Manager\FileStore\周王金珍(第09800157號)-94年度.doc" 轉換至 "D:\NTAKWeb\NTAK_DDQS\Exec\ConvertArea\周王金珍(第09800157號)-94年度.doc.txt" 時發生錯誤, 原因: Variant does not reference an automation object
[20141107-102536 WordFileConvertSrv.exe] ERR> 轉檔作業失敗. 從 "D:\NTAKWeb\NTAK_DDQS\Exec\Manager\FileStore\廖東建(第10001282號)-98年度.doc" 轉換至 "D:\NTAKWeb\NTAK_DDQS\Exec\ConvertArea\廖東建(第10001282號)-98年度.doc.txt" 時發生錯誤, 原因: Variant does not reference an automation object
[20141107-102536 WordFileConvertSrv.exe] ERR> 轉檔作業失敗. 從 "D:\NTAKWeb\NTAK_DDQS\Exec\Manager\FileStore\廣建95營所稅決定書(虛銷8%).doc" 轉換至 "D:\NTAKWeb\NTAK_DDQS\Exec\ConvertArea\廣建95營所稅決定書(虛銷8%).doc.txt" 時發生錯誤, 原因: Variant does not reference an automation object
[20141107-102536 WordFileConvertSrv.exe] ERR> 轉檔作業失敗. 從 "D:\NTAKWeb\NTAK_DDQS\Exec\Manager\FileStore\彭宴祥(第09801703號)-96年度.doc" 轉換至 "D:\NTAKWeb\NTAK_DDQS\Exec\ConvertArea\彭宴祥(第09801703號)-96年度.doc.txt" 時發生錯誤, 原因: Variant does not reference an automation object
[20141107-102536 WordFileConvertSrv.exe] ERR> 轉檔作業失敗. 從 "D:\NTAKWeb\NTAK_DDQS\Exec\Manager\FileStore\復查決定-函洪俊良93信託營利所得-實質課稅-核課期間.doc" 轉換至 "D:\NTAKWeb\NTAK_DDQS\Exec\ConvertArea\復查決定-函洪俊良93信託營利所得-實質課稅-核課期間.doc.txt" 時發生錯誤, 原因: Variant does not reference an automation object
[20141107-102536 WordFileConvertSrv.exe] ERR> 轉檔作業失敗. 從 "D:\NTAKWeb\NTAK_DDQS\Exec\Manager\FileStore\日月光電子100年度營所稅復查決定書.doc" 轉換至 "D:\NTAKWeb\NTAK_DDQS\Exec\ConvertArea\日月光電子100年度營所稅復查決定書.doc.txt" 時發生錯誤, 原因: Variant does not reference an automation object
[20141107-102536 WordFileConvertSrv.exe] ERR> 轉檔作業失敗. 從 "D:\NTAKWeb\NTAK_DDQS\Exec\Manager\FileStore\李淑&#32137;決定書.doc" 轉換至 "D:\NTAKWeb\NTAK_DDQS\Exec\ConvertArea\李淑&#32137;決定書.doc.txt" 時發生錯誤, 原因: Variant does not reference an automation object
[20141107-102536 WordFileConvertSrv.exe] ERR> 轉檔作業失敗. 從 "D:\NTAKWeb\NTAK_DDQS\Exec\Manager\FileStore\李清 復查決定書.doc.doc" 轉換至 "D:\NTAKWeb\NTAK_DDQS\Exec\ConvertArea\李清 復查決定書.doc.doc.txt" 時發生錯誤, 原因: Variant does not reference an automation object
[20141107-102536 WordFileConvertSrv.exe] ERR> 轉檔作業失敗. 從 "D:\NTAKWeb\NTAK_DDQS\Exec\Manager\FileStore\李清&#23791;復查決定書.doc" 轉換至 "D:\NTAKWeb\NTAK_DDQS\Exec\ConvertArea\李清&#23791;復查決定書.doc.txt" 時發生錯誤, 原因: Variant does not reference an automation object
[20141107-102536 WordFileConvertSrv.exe] ERR> 轉檔作業失敗. 從 "D:\NTAKWeb\NTAK_DDQS\Exec\Manager\FileStore\林&#37979;宏決定書.doc" 轉換至 "D:\NTAKWeb\NTAK_DDQS\Exec\ConvertArea\林&#37979;宏決定書.doc.txt" 時發生錯誤, 原因: Variant does not reference an automation object
[20141107-102536 WordFileConvertSrv.exe] ERR> 轉檔作業失敗. 從 "D:\NTAKWeb\NTAK_DDQS\Exec\Manager\FileStore\林奇峰95年度復查報告確定版.doc" 轉換至 "D:\NTAKWeb\NTAK_DDQS\Exec\ConvertArea\林奇峰95年度復查報告確定版.doc.txt" 時發生錯誤, 原因: Variant does not reference an automation object
[20141107-102536 WordFileConvertSrv.exe] ERR> 轉檔作業失敗. 從 "D:\NTAKWeb\NTAK_DDQS\Exec\Manager\FileStore\林宜靜(第09903210號)-94~96年度.doc" 轉換至 "D:\NTAKWeb\NTAK_DDQS\Exec\ConvertArea\林宜靜(第09903210號)-94~96年度.doc.txt" 時發生錯誤, 原因: Variant does not reference an automation object
[20141107-102536 WordFileConvertSrv.exe] ERR> 轉檔作業失敗. 從 "D:\NTAKWeb\NTAK_DDQS\Exec\Manager\FileStore\林茂雄98年度綜合所得稅正本.doc" 轉換至 "D:\NTAKWeb\NTAK_DDQS\Exec\ConvertArea\林茂雄98年度綜合所得稅正本.doc.txt" 時發生錯誤, 原因: Variant does not reference an automation object
[20141107-102536 WordFileConvertSrv.exe] ERR> 轉檔作業失敗. 從 "D:\NTAKWeb\NTAK_DDQS\Exec\Manager\FileStore\林麗俐(第10002578號)-93年度.doc" 轉換至 "D:\NTAKWeb\NTAK_DDQS\Exec\ConvertArea\林麗俐(第10002578號)-93年度.doc.txt" 時發生錯誤, 原因: Variant does not reference an automation object
[20141107-102536 WordFileConvertSrv.exe] ERR> 轉檔作業失敗. 從 "D:\NTAKWeb\NTAK_DDQS\Exec\Manager\FileStore\楊肅泰(第09804135號)-96年度.doc" 轉換至 "D:\NTAKWeb\NTAK_DDQS\Exec\ConvertArea\楊肅泰(第09804135號)-96年度.doc.txt" 時發生錯誤, 原因: Variant does not reference an automation object
[20141107-102536 WordFileConvertSrv.exe] ERR> 轉檔作業失敗. 從 "D:\NTAKWeb\NTAK_DDQS\Exec\Manager\FileStore\歐陽建華(第09902018號)-88年度.doc" 轉換至 "D:\NTAKWeb\NTAK_DDQS\Exec\ConvertArea\歐陽建華(第09902018號)-88年度.doc.txt" 時發生錯誤, 原因: Variant does not reference an automation object
[20141107-102536 WordFileConvertSrv.exe] ERR> 轉檔作業失敗. 從 "D:\NTAKWeb\NTAK_DDQS\Exec\Manager\FileStore\武穎決~1.DOC" 轉換至 "D:\NTAKWeb\NTAK_DDQS\Exec\ConvertArea\武穎決~1.DOC.txt" 時發生錯誤, 原因: Variant does not reference an automation object
[20141107-102536 WordFileConvertSrv.exe] ERR> 轉檔作業失敗. 從 "D:\NTAKWeb\NTAK_DDQS\Exec\Manager\FileStore\潘&#21843;銘100罰鍰-委託他人代為申報-維持.doc" 轉換至 "D:\NTAKWeb\NTAK_DDQS\Exec\ConvertArea\潘&#21843;銘100罰鍰-委託他人代為申報-維持.doc.txt" 時發生錯誤, 原因: Variant does not reference an automation object
[20141107-102536 WordFileConvertSrv.exe] ERR> 轉檔作業失敗. 從 "D:\NTAKWeb\NTAK_DDQS\Exec\Manager\FileStore\王&#28702;苡101年特銷稅罰鍰決定書-函.docx" 轉換至 "D:\NTAKWeb\NTAK_DDQS\Exec\ConvertArea\王&#28702;苡101年特銷稅罰鍰決定書-函.docx.txt" 時發生錯誤, 原因: Variant does not reference an automation object
[20141107-102536 WordFileConvertSrv.exe] ERR> 轉檔作業失敗. 從 "D:\NTAKWeb\NTAK_DDQS\Exec\Manager\FileStore\白美香(第09803188號)-96年度.doc" 轉換至 "D:\NTAKWeb\NTAK_DDQS\Exec\ConvertArea\白美香(第09803188號)-96年度.doc.txt" 時發生錯誤, 原因: Variant does not reference an automation object
[20141107-102536 WordFileConvertSrv.exe] ERR> 轉檔作業失敗. 從 "D:\NTAKWeb\NTAK_DDQS\Exec\Manager\FileStore\蘇宏典(第10001702號)-95年度.doc" 轉換至 "D:\NTAKWeb\NTAK_DDQS\Exec\ConvertArea\蘇宏典(第10001702號)-95年度.doc.txt" 時發生錯誤, 原因: Variant does not reference an automation object
[20141107-102536 WordFileConvertSrv.exe] ERR> 轉檔作業失敗. 從 "D:\NTAKWeb\NTAK_DDQS\Exec\Manager\FileStore\達旺廣告(第09803394號)-95年度.doc" 轉換至 "D:\NTAKWeb\NTAK_DDQS\Exec\ConvertArea\達旺廣告(第09803394號)-95年度.doc.txt" 時發生錯誤, 原因: Variant does not reference an automation object
[20141107-102536 WordFileConvertSrv.exe] ERR> 轉檔作業失敗. 從 "D:\NTAKWeb\NTAK_DDQS\Exec\Manager\FileStore\鍇億國際95營所稅決定書(虛銷8%).doc" 轉換至 "D:\NTAKWeb\NTAK_DDQS\Exec\ConvertArea\鍇億國際95營所稅決定書(虛銷8%).doc.txt" 時發生錯誤, 原因: Variant does not reference an automation object
[20141107-102536 WordFileConvertSrv.exe] ERR> 轉檔作業失敗. 從 "D:\NTAKWeb\NTAK_DDQS\Exec\Manager\FileStore\鍇億國際95營所稅決定書虛銷8%.doc" 轉換至 "D:\NTAKWeb\NTAK_DDQS\Exec\ConvertArea\鍇億國際95營所稅決定書虛銷8%.doc.txt" 時發生錯誤, 原因: Variant does not reference an automation object
[20141107-102536 WordFileConvertSrv.exe] ERR> 轉檔作業失敗. 從 "D:\NTAKWeb\NTAK_DDQS\Exec\Manager\FileStore\陳麗文(第09801332號)-96年度.doc" 轉換至 "D:\NTAKWeb\NTAK_DDQS\Exec\ConvertArea\陳麗文(第09801332號)-96年度.doc.txt" 時發生錯誤, 原因: Variant does not reference an automation object
[20141107-102536 WordFileConvertSrv.exe] ERR> 轉檔作業失敗. 從 "D:\NTAKWeb\NTAK_DDQS\Exec\Manager\FileStore\黃&#28702;瑢復查決定書-海外所得.doc" 轉換至 "D:\NTAKWeb\NTAK_DDQS\Exec\ConvertArea\黃&#28702;瑢復查決定書-海外所得.doc.txt" 時發生錯誤, 原因: Variant does not reference an automation object
[20141107-102536 WordFileConvertSrv.exe] ERR> 轉檔作業失敗. 從 "D:\NTAKWeb\NTAK_DDQS\Exec\Manager\FileStore\黃鳳珠(第09703642號)-95年度.doc" 轉換至 "D:\NTAKWeb\NTAK_DDQS\Exec\ConvertArea\黃鳳珠(第09703642號)-95年度.doc.txt" 時發生錯誤, 原因: Variant does not reference an automation object
[20141107-102536 WordFileConvertSrv.exe] ERR> 轉檔作業失敗. 從 "D:\NTAKWeb\NTAK_DDQS\Exec\Manager\FileStore\&#40644;武穎決定書.doc" 轉換至 "D:\NTAKWeb\NTAK_DDQS\Exec\ConvertArea\&#40644;武穎決定書.doc.txt" 時發生錯誤, 原因: Variant does not reference an automation object
[20141107-102536 WordFileConvertSrv.exe] ERR> 轉檔作業失敗. 從 "D:\NTAKWeb\NTAK_DDQS\Exec\Manager\FileStore\09700128300.doc" 轉換至 "D:\NTAKWeb\NTAK_DDQS\Exec\ConvertArea\09700128300.doc.txt" 時發生錯誤, 原因: Variant does not reference an automation object
[20141107-102536 WordFileConvertSrv.exe] ERR> 轉檔作業失敗. 從 "D:\NTAKWeb\NTAK_DDQS\Exec\Manager\FileStore\09700398060.doc" 轉換至 "D:\NTAKWeb\NTAK_DDQS\Exec\ConvertArea\09700398060.doc.txt" 時發生錯誤, 原因: Variant does not reference an automation object
[20141107-102536 WordFileConvertSrv.exe] ERR> 轉檔作業失敗. 從 "D:\NTAKWeb\NTAK_DDQS\Exec\Manager\FileStore\1-1020924洪瑞&#23791;君96年度復查決定書-函.doc" 轉換至 "D:\NTAKWeb\NTAK_DDQS\Exec\ConvertArea\1-1020924洪瑞&#23791;君96年度復查決定書-函.doc.txt" 時發生錯誤, 原因: Variant does not reference an automation object
[20141107-102536 WordFileConvertSrv.exe] ERR> 轉檔作業失敗. 從 "D:\NTAKWeb\NTAK_DDQS\Exec\Manager\FileStore\100-2-21鍾泰營造有限公司營業稅罰鍰(復查決定書-重繕(發文).doc" 轉換至 "D:\NTAKWeb\NTAK_DDQS\Exec\ConvertArea\100-2-21鍾泰營造有限公司營業稅罰鍰(復查決定書-重繕(發文).doc.txt" 時發生錯誤, 原因: Variant does not reference an automation object
[20141107-102536 WordFileConvertSrv.exe] ERR> 轉檔作業失敗. 從 "D:\NTAKWeb\NTAK_DDQS\Exec\Manager\FileStore\100年度判字第1949號.doc" 轉換至 "D:\NTAKWeb\NTAK_DDQS\Exec\ConvertArea\100年度判字第1949號.doc.txt" 時發生錯誤, 原因: Variant does not reference an automation object
[20141107-102536 WordFileConvertSrv.exe] ERR> 轉檔作業失敗. 從 "D:\NTAKWeb\NTAK_DDQS\Exec\Manager\FileStore\100年度復查決定書稿發文.doc" 轉換至 "D:\NTAKWeb\NTAK_DDQS\Exec\ConvertArea\100年度復查決定書稿發文.doc.txt" 時發生錯誤, 原因: Variant does not reference an automation object
[20141107-102536 WordFileConvertSrv.exe] ERR> 轉檔作業失敗. 從 "D:\NTAKWeb\NTAK_DDQS\Exec\Manager\FileStore\100年度訴字第444號.doc" 轉換至 "D:\NTAKWeb\NTAK_DDQS\Exec\ConvertArea\100年度訴字第444號.doc.txt" 時發生錯誤, 原因: Variant does not reference an automation object
[20141107-102536 WordFileConvertSrv.exe] ERR> 轉檔作業失敗. 從 "D:\NTAKWeb\NTAK_DDQS\Exec\Manager\FileStore\102.4.29-陳&#28913;泰(陳吳芬釵)100年度綜所稅復查決定書.doc" 轉換至 "D:\NTAKWeb\NTAK_DDQS\Exec\ConvertArea\102.4.29-陳&#28913;泰(陳吳芬釵)100年度綜所稅復查決定書.doc.txt" 時發生錯誤, 原因: Variant does not reference an automation object
[20141107-102536 WordFileConvertSrv.exe] ERR> 轉檔作業失敗. 從 "D:\NTAKWeb\NTAK_DDQS\Exec\Manager\FileStore\10201614.doc" 轉換至 "D:\NTAKWeb\NTAK_DDQS\Exec\ConvertArea\10201614.doc.txt" 時發生錯誤, 原因: Variant does not reference an automation object
[20141107-102536 WordFileConvertSrv.exe] ERR> 轉檔作業失敗. 從 "D:\NTAKWeb\NTAK_DDQS\Exec\Manager\FileStore\1020716張孟信99年度綜所稅復查決定書(復查會決議修正).doc" 轉換至 "D:\NTAKWeb\NTAK_DDQS\Exec\ConvertArea\1020716張孟信99年度綜所稅復查決定書(復查會決議修正).doc.txt" 時發生錯誤, 原因: Variant does not reference an automation object
[20141107-102536 WordFileConvertSrv.exe] ERR> 轉檔作業失敗. 從 "D:\NTAKWeb\NTAK_DDQS\Exec\Manager\FileStore\1021030黃振銘君99年度綜所稅復查決定書.doc" 轉換至 "D:\NTAKWeb\NTAK_DDQS\Exec\ConvertArea\1021030黃振銘君99年度綜所稅復查決定書.doc.txt" 時發生錯誤, 原因: Variant does not reference an automation object
[20141107-102536 WordFileConvertSrv.exe] ERR> 轉檔作業失敗. 從 "D:\NTAKWeb\NTAK_DDQS\Exec\Manager\FileStore\103.06.23發文-黃小芳101年綜所稅決定書稿.doc" 轉換至 "D:\NTAKWeb\NTAK_DDQS\Exec\ConvertArea\103.06.23發文-黃小芳101年綜所稅決定書稿.doc.txt" 時發生錯誤, 原因: Variant does not reference an automation object
[20141107-102536 WordFileConvertSrv.exe] ERR> 轉檔作業失敗. 從 "D:\NTAKWeb\NTAK_DDQS\Exec\Manager\FileStore\103.4.25發文-陳振昌100年綜所稅決定書(罰鍰).doc" 轉換至 "D:\NTAKWeb\NTAK_DDQS\Exec\ConvertArea\103.4.25發文-陳振昌100年綜所稅決定書(罰鍰).doc.txt" 時發生錯誤, 原因: Variant does not reference an automation object
[20141107-102536 WordFileConvertSrv.exe] ERR> 轉檔作業失敗. 從 "D:\NTAKWeb\NTAK_DDQS\Exec\Manager\FileStore\10300120.doc" 轉換至 "D:\NTAKWeb\NTAK_DDQS\Exec\ConvertArea\10300120.doc.txt" 時發生錯誤, 原因: Variant does not reference an automation object
[20141107-102536 WordFileConvertSrv.exe] ERR> 轉檔作業失敗. 從 "D:\NTAKWeb\NTAK_DDQS\Exec\Manager\FileStore\1030912江昌101營所稅(漏報其他收入) 罰鍰復查決定書(發文).doc" 轉換至 "D:\NTAKWeb\NTAK_DDQS\Exec\ConvertArea\1030912江昌101營所稅(漏報其他收入) 罰鍰復查決定書(發文).doc.txt" 時發生錯誤, 原因: Variant does not reference an automation object
[20141107-102536 WordFileConvertSrv.exe] ERR> 轉檔作業失敗. 從 "D:\NTAKWeb\NTAK_DDQS\Exec\Manager\FileStore\95年度訴字第160號(2).doc" 轉換至 "D:\NTAKWeb\NTAK_DDQS\Exec\ConvertArea\95年度訴字第160號(2).doc.txt" 時發生錯誤, 原因: Variant does not reference an automation object
[20141107-102536 WordFileConvertSrv.exe] ERR> 轉檔作業失敗. 從 "D:\NTAKWeb\NTAK_DDQS\Exec\Manager\FileStore\98年度再字第37號.doc" 轉換至 "D:\NTAKWeb\NTAK_DDQS\Exec\ConvertArea\98年度再字第37號.doc.txt" 時發生錯誤, 原因: Variant does not reference an automation object
[20141107-102536 WordFileConvertSrv.exe] ERR> 轉檔作業失敗. 從 "D:\NTAKWeb\NTAK_DDQS\Exec\Manager\FileStore\98年度簡再字第13號(2).doc" 轉換至 "D:\NTAKWeb\NTAK_DDQS\Exec\ConvertArea\98年度簡再字第13號(2).doc.txt" 時發生錯誤, 原因: Variant does not reference an automation object
[20141107-102536 WordFileConvertSrv.exe] ERR> 轉檔作業失敗. 從 "D:\NTAKWeb\NTAK_DDQS\Exec\Manager\FileStore\99年度簡再字第9號.doc" 轉換至 "D:\NTAKWeb\NTAK_DDQS\Exec\ConvertArea\99年度簡再字第9號.doc.txt" 時發生錯誤, 原因: Variant does not reference an automation object
[20141107-102536 WordFileConvertSrv.exe] ERR> 轉檔作業失敗. 從 "D:\NTAKWeb\NTAK_DDQS\Exec\Manager\FileStore\IE8302100730陳景生101本稅-短報5%－更正後.doc" 轉換至 "D:\NTAKWeb\NTAK_DDQS\Exec\ConvertArea\IE8302100730陳景生101本稅-短報5%－更正後.doc.txt" 時發生錯誤, 原因: Variant does not reference an automation object
[20141107-102536 WordFileConvertSrv.exe] ERR> 轉檔作業失敗. 從 "D:\NTAKWeb\NTAK_DDQS\Exec\Manager\FileStore\JVP-LST.doc" 轉換至 "D:\NTAKWeb\NTAK_DDQS\Exec\ConvertArea\JVP-LST.doc.txt" 時發生錯誤, 原因: Variant does not reference an automation object
[20141107-102536 WordFileConvertSrv.exe] ERR> 轉檔作業失敗. 從 "D:\NTAKWeb\NTAK_DDQS\Exec\Manager\FileStore\NE0402400815邱翠蓮99罰鍰-未據實申報扣繳憑單20%-維持.doc" 轉換至 "D:\NTAKWeb\NTAK_DDQS\Exec\ConvertArea\NE0402400815邱翠蓮99罰鍰-未據實申報扣繳憑單20%-維持.doc.txt" 時發生錯誤, 原因: Variant does not reference an automation object
[20141107-102536 WordFileConvertSrv.exe] ERR> 轉檔作業失敗. 從 "D:\NTAKWeb\NTAK_DDQS\Exec\Manager\FileStore\NE0403100144章一民101年復查決定書-稿.doc" 轉換至 "D:\NTAKWeb\NTAK_DDQS\Exec\ConvertArea\NE0403100144章一民101年復查決定書-稿.doc.txt" 時發生錯誤, 原因: Variant does not reference an automation object
[20141107-102536 WordFileConvertSrv.exe] ERR> 轉檔作業失敗. 從 "D:\NTAKWeb\NTAK_DDQS\Exec\Manager\FileStore\NE8302100123莊全勝100免稅額-追減-核定.doc" 轉換至 "D:\NTAKWeb\NTAK_DDQS\Exec\ConvertArea\NE8302100123莊全勝100免稅額-追減-核定.doc.txt" 時發生錯誤, 原因: Variant does not reference an automation object
[20141107-102536 WordFileConvertSrv.exe] ERR> 轉檔作業失敗. 從 "D:\NTAKWeb\NTAK_DDQS\Exec\Manager\FileStore\NE8302400498潘&#21843;銘100罰鍰-委託他人代為申報-維持.doc" 轉換至 "D:\NTAKWeb\NTAK_DDQS\Exec\ConvertArea\NE8302400498潘&#21843;銘100罰鍰-委託他人代為申報-維持.doc.txt" 時發生錯誤, 原因: Variant does not reference an automation object
[20141107-102536 WordFileConvertSrv.exe] ERR> 轉檔作業失敗. 從 "D:\NTAKWeb\NTAK_DDQS\Exec\Manager\FileStore\何海鷗101虛列免稅額決定書(本+罰)正本.doc" 轉換至 "D:\NTAKWeb\NTAK_DDQS\Exec\ConvertArea\何海鷗101虛列免稅額決定書(本+罰)正本.doc.txt" 時發生錯誤, 原因: Variant does not reference an automation object
[20141107-102536 WordFileConvertSrv.exe] ERR> 轉檔作業失敗. 從 "D:\NTAKWeb\NTAK_DDQS\Exec\Manager\FileStore\佳勝營造(第09903392號)-94年度.doc" 轉換至 "D:\NTAKWeb\NTAK_DDQS\Exec\ConvertArea\佳勝營造(第09903392號)-94年度.doc.txt" 時發生錯誤, 原因: Variant does not reference an automation object
[20141107-102536 WordFileConvertSrv.exe] ERR> 轉檔作業失敗. 從 "D:\NTAKWeb\NTAK_DDQS\Exec\Manager\FileStore\北方之星(第09800030號)-89年度.doc" 轉換至 "D:\NTAKWeb\NTAK_DDQS\Exec\ConvertArea\北方之星(第09800030號)-89年度.doc.txt" 時發生錯誤, 原因: Variant does not reference an automation object
[20141107-102536 WordFileConvertSrv.exe] ERR> 轉檔作業失敗. 從 "D:\NTAKWeb\NTAK_DDQS\Exec\Manager\FileStore\呂冠霖(第09704361~09704365號)-91~95年度.doc" 轉換至 "D:\NTAKWeb\NTAK_DDQS\Exec\ConvertArea\呂冠霖(第09704361~09704365號)-91~95年度.doc.txt" 時發生錯誤, 原因: Variant does not reference an automation object
[20141107-102536 WordFileConvertSrv.exe] ERR> 轉檔作業失敗. 從 "D:\NTAKWeb\NTAK_DDQS\Exec\Manager\FileStore\周王金珍(第09800157號)-94年度.doc" 轉換至 "D:\NTAKWeb\NTAK_DDQS\Exec\ConvertArea\周王金珍(第09800157號)-94年度.doc.txt" 時發生錯誤, 原因: Variant does not reference an automation object
[20141107-102536 WordFileConvertSrv.exe] ERR> 轉檔作業失敗. 從 "D:\NTAKWeb\NTAK_DDQS\Exec\Manager\FileStore\廖東建(第10001282號)-98年度.doc" 轉換至 "D:\NTAKWeb\NTAK_DDQS\Exec\ConvertArea\廖東建(第10001282號)-98年度.doc.txt" 時發生錯誤, 原因: Variant does not reference an automation object
[20141107-102536 WordFileConvertSrv.exe] ERR> 轉檔作業失敗. 從 "D:\NTAKWeb\NTAK_DDQS\Exec\Manager\FileStore\廣建95營所稅決定書(虛銷8%).doc" 轉換至 "D:\NTAKWeb\NTAK_DDQS\Exec\ConvertArea\廣建95營所稅決定書(虛銷8%).doc.txt" 時發生錯誤, 原因: Variant does not reference an automation object
[20141107-102536 WordFileConvertSrv.exe] ERR> 轉檔作業失敗. 從 "D:\NTAKWeb\NTAK_DDQS\Exec\Manager\FileStore\彭宴祥(第09801703號)-96年度.doc" 轉換至 "D:\NTAKWeb\NTAK_DDQS\Exec\ConvertArea\彭宴祥(第09801703號)-96年度.doc.txt" 時發生錯誤, 原因: Variant does not reference an automation object
[20141107-102536 WordFileConvertSrv.exe] ERR> 轉檔作業失敗. 從 "D:\NTAKWeb\NTAK_DDQS\Exec\Manager\FileStore\復查決定-函洪俊良93信託營利所得-實質課稅-核課期間.doc" 轉換至 "D:\NTAKWeb\NTAK_DDQS\Exec\ConvertArea\復查決定-函洪俊良93信託營利所得-實質課稅-核課期間.doc.txt" 時發生錯誤, 原因: Variant does not reference an automation object
[20141107-102536 WordFileConvertSrv.exe] ERR> 轉檔作業失敗. 從 "D:\NTAKWeb\NTAK_DDQS\Exec\Manager\FileStore\日月光電子100年度營所稅復查決定書.doc" 轉換至 "D:\NTAKWeb\NTAK_DDQS\Exec\ConvertArea\日月光電子100年度營所稅復查決定書.doc.txt" 時發生錯誤, 原因: Variant does not reference an automation object
[20141107-102536 WordFileConvertSrv.exe] ERR> 轉檔作業失敗. 從 "D:\NTAKWeb\NTAK_DDQS\Exec\Manager\FileStore\李淑&#32137;決定書.doc" 轉換至 "D:\NTAKWeb\NTAK_DDQS\Exec\ConvertArea\李淑&#32137;決定書.doc.txt" 時發生錯誤, 原因: Variant does not reference an automation object
[20141107-102536 WordFileConvertSrv.exe] ERR> 轉檔作業失敗. 從 "D:\NTAKWeb\NTAK_DDQS\Exec\Manager\FileStore\李清 復查決定書.doc.doc" 轉換至 "D:\NTAKWeb\NTAK_DDQS\Exec\ConvertArea\李清 復查決定書.doc.doc.txt" 時發生錯誤, 原因: Variant does not reference an automation object
[20141107-102536 WordFileConvertSrv.exe] ERR> 轉檔作業失敗. 從 "D:\NTAKWeb\NTAK_DDQS\Exec\Manager\FileStore\李清&#23791;復查決定書.doc" 轉換至 "D:\NTAKWeb\NTAK_DDQS\Exec\ConvertArea\李清&#23791;復查決定書.doc.txt" 時發生錯誤, 原因: Variant does not reference an automation object
[20141107-102536 WordFileConvertSrv.exe] ERR> 轉檔作業失敗. 從 "D:\NTAKWeb\NTAK_DDQS\Exec\Manager\FileStore\林&#37979;宏決定書.doc" 轉換至 "D:\NTAKWeb\NTAK_DDQS\Exec\ConvertArea\林&#37979;宏決定書.doc.txt" 時發生錯誤, 原因: Variant does not reference an automation object
[20141107-102536 WordFileConvertSrv.exe] ERR> 轉檔作業失敗. 從 "D:\NTAKWeb\NTAK_DDQS\Exec\Manager\FileStore\林奇峰95年度復查報告確定版.doc" 轉換至 "D:\NTAKWeb\NTAK_DDQS\Exec\ConvertArea\林奇峰95年度復查報告確定版.doc.txt" 時發生錯誤, 原因: Variant does not reference an automation object
[20141107-102536 WordFileConvertSrv.exe] ERR> 轉檔作業失敗. 從 "D:\NTAKWeb\NTAK_DDQS\Exec\Manager\FileStore\林宜靜(第09903210號)-94~96年度.doc" 轉換至 "D:\NTAKWeb\NTAK_DDQS\Exec\ConvertArea\林宜靜(第09903210號)-94~96年度.doc.txt" 時發生錯誤, 原因: Variant does not reference an automation object
[20141107-102536 WordFileConvertSrv.exe] ERR> 轉檔作業失敗. 從 "D:\NTAKWeb\NTAK_DDQS\Exec\Manager\FileStore\林茂雄98年度綜合所得稅正本.doc" 轉換至 "D:\NTAKWeb\NTAK_DDQS\Exec\ConvertArea\林茂雄98年度綜合所得稅正本.doc.txt" 時發生錯誤, 原因: Variant does not reference an automation object
[20141107-102536 WordFileConvertSrv.exe] ERR> 轉檔作業失敗. 從 "D:\NTAKWeb\NTAK_DDQS\Exec\Manager\FileStore\林麗俐(第10002578號)-93年度.doc" 轉換至 "D:\NTAKWeb\NTAK_DDQS\Exec\ConvertArea\林麗俐(第10002578號)-93年度.doc.txt" 時發生錯誤, 原因: Variant does not reference an automation object
[20141107-102536 WordFileConvertSrv.exe] ERR> 轉檔作業失敗. 從 "D:\NTAKWeb\NTAK_DDQS\Exec\Manager\FileStore\楊肅泰(第09804135號)-96年度.doc" 轉換至 "D:\NTAKWeb\NTAK_DDQS\Exec\ConvertArea\楊肅泰(第09804135號)-96年度.doc.txt" 時發生錯誤, 原因: Variant does not reference an automation object
[20141107-102536 WordFileConvertSrv.exe] ERR> 轉檔作業失敗. 從 "D:\NTAKWeb\NTAK_DDQS\Exec\Manager\FileStore\歐陽建華(第09902018號)-88年度.doc" 轉換至 "D:\NTAKWeb\NTAK_DDQS\Exec\ConvertArea\歐陽建華(第09902018號)-88年度.doc.txt" 時發生錯誤, 原因: Variant does not reference an automation object
[20141107-102536 WordFileConvertSrv.exe] ERR> 轉檔作業失敗. 從 "D:\NTAKWeb\NTAK_DDQS\Exec\Manager\FileStore\武穎決~1.DOC" 轉換至 "D:\NTAKWeb\NTAK_DDQS\Exec\ConvertArea\武穎決~1.DOC.txt" 時發生錯誤, 原因: Variant does not reference an automation object
[20141107-102536 WordFileConvertSrv.exe] ERR> 轉檔作業失敗. 從 "D:\NTAKWeb\NTAK_DDQS\Exec\Manager\FileStore\潘&#21843;銘100罰鍰-委託他人代為申報-維持.doc" 轉換至 "D:\NTAKWeb\NTAK_DDQS\Exec\ConvertArea\潘&#21843;銘100罰鍰-委託他人代為申報-維持.doc.txt" 時發生錯誤, 原因: Variant does not reference an automation object
[20141107-102536 WordFileConvertSrv.exe] ERR> 轉檔作業失敗. 從 "D:\NTAKWeb\NTAK_DDQS\Exec\Manager\FileStore\王&#28702;苡101年特銷稅罰鍰決定書-函.docx" 轉換至 "D:\NTAKWeb\NTAK_DDQS\Exec\ConvertArea\王&#28702;苡101年特銷稅罰鍰決定書-函.docx.txt" 時發生錯誤, 原因: Variant does not reference an automation object
[20141107-102536 WordFileConvertSrv.exe] ERR> 轉檔作業失敗. 從 "D:\NTAKWeb\NTAK_DDQS\Exec\Manager\FileStore\白美香(第09803188號)-96年度.doc" 轉換至 "D:\NTAKWeb\NTAK_DDQS\Exec\ConvertArea\白美香(第09803188號)-96年度.doc.txt" 時發生錯誤, 原因: Variant does not reference an automation object
[20141107-102536 WordFileConvertSrv.exe] ERR> 轉檔作業失敗. 從 "D:\NTAKWeb\NTAK_DDQS\Exec\Manager\FileStore\蘇宏典(第10001702號)-95年度.doc" 轉換至 "D:\NTAKWeb\NTAK_DDQS\Exec\ConvertArea\蘇宏典(第10001702號)-95年度.doc.txt" 時發生錯誤, 原因: Variant does not reference an automation object
[20141107-102536 WordFileConvertSrv.exe] ERR> 轉檔作業失敗. 從 "D:\NTAKWeb\NTAK_DDQS\Exec\Manager\FileStore\達旺廣告(第09803394號)-95年度.doc" 轉換至 "D:\NTAKWeb\NTAK_DDQS\Exec\ConvertArea\達旺廣告(第09803394號)-95年度.doc.txt" 時發生錯誤, 原因: Variant does not reference an automation object
[20141107-102536 WordFileConvertSrv.exe] ERR> 轉檔作業失敗. 從 "D:\NTAKWeb\NTAK_DDQS\Exec\Manager\FileStore\鍇億國際95營所稅決定書(虛銷8%).doc" 轉換至 "D:\NTAKWeb\NTAK_DDQS\Exec\ConvertArea\鍇億國際95營所稅決定書(虛銷8%).doc.txt" 時發生錯誤, 原因: Variant does not reference an automation object
[20141107-102536 WordFileConvertSrv.exe] ERR> 轉檔作業失敗. 從 "D:\NTAKWeb\NTAK_DDQS\Exec\Manager\FileStore\鍇億國際95營所稅決定書虛銷8%.doc" 轉換至 "D:\NTAKWeb\NTAK_DDQS\Exec\ConvertArea\鍇億國際95營所稅決定書虛銷8%.doc.txt" 時發生錯誤, 原因: Variant does not reference an automation object
[20141107-102536 WordFileConvertSrv.exe] ERR> 轉檔作業失敗. 從 "D:\NTAKWeb\NTAK_DDQS\Exec\Manager\FileStore\陳麗文(第09801332號)-96年度.doc" 轉換至 "D:\NTAKWeb\NTAK_DDQS\Exec\ConvertArea\陳麗文(第09801332號)-96年度.doc.txt" 時發生錯誤, 原因: Variant does not reference an automation object
[20141107-102536 WordFileConvertSrv.exe] ERR> 轉檔作業失敗. 從 "D:\NTAKWeb\NTAK_DDQS\Exec\Manager\FileStore\黃&#28702;瑢復查決定書-海外所得.doc" 轉換至 "D:\NTAKWeb\NTAK_DDQS\Exec\ConvertArea\黃&#28702;瑢復查決定書-海外所得.doc.txt" 時發生錯誤, 原因: Variant does not reference an automation object
[20141107-102536 WordFileConvertSrv.exe] ERR> 轉檔作業失敗. 從 "D:\NTAKWeb\NTAK_DDQS\Exec\Manager\FileStore\黃鳳珠(第09703642號)-95年度.doc" 轉換至 "D:\NTAKWeb\NTAK_DDQS\Exec\ConvertArea\黃鳳珠(第09703642號)-95年度.doc.txt" 時發生錯誤, 原因: Variant does not reference an automation object
[20141107-102606 WordFileConvertSrv.exe] ERR> 轉檔作業失敗. 從 "D:\NTAKWeb\NTAK_DDQS\Exec\Manager\FileStore\&#40644;武穎決定書.doc" 轉換至 "D:\NTAKWeb\NTAK_DDQS\Exec\ConvertArea\&#40644;武穎決定書.doc.txt" 時發生錯誤, 原因: Variant does not reference an automation object
[20141107-102606 WordFileConvertSrv.exe] ERR> 轉檔作業失敗. 從 "D:\NTAKWeb\NTAK_DDQS\Exec\Manager\FileStore\09700128300.doc" 轉換至 "D:\NTAKWeb\NTAK_DDQS\Exec\ConvertArea\09700128300.doc.txt" 時發生錯誤, 原因: Variant does not reference an automation object
[20141107-102606 WordFileConvertSrv.exe] ERR> 轉檔作業失敗. 從 "D:\NTAKWeb\NTAK_DDQS\Exec\Manager\FileStore\09700398060.doc" 轉換至 "D:\NTAKWeb\NTAK_DDQS\Exec\ConvertArea\09700398060.doc.txt" 時發生錯誤, 原因: Variant does not reference an automation object
[20141107-102606 WordFileConvertSrv.exe] ERR> 轉檔作業失敗. 從 "D:\NTAKWeb\NTAK_DDQS\Exec\Manager\FileStore\1-1020924洪瑞&#23791;君96年度復查決定書-函.doc" 轉換至 "D:\NTAKWeb\NTAK_DDQS\Exec\ConvertArea\1-1020924洪瑞&#23791;君96年度復查決定書-函.doc.txt" 時發生錯誤, 原因: Variant does not reference an automation object
[20141107-102606 WordFileConvertSrv.exe] ERR> 轉檔作業失敗. 從 "D:\NTAKWeb\NTAK_DDQS\Exec\Manager\FileStore\100-2-21鍾泰營造有限公司營業稅罰鍰(復查決定書-重繕(發文).doc" 轉換至 "D:\NTAKWeb\NTAK_DDQS\Exec\ConvertArea\100-2-21鍾泰營造有限公司營業稅罰鍰(復查決定書-重繕(發文).doc.txt" 時發生錯誤, 原因: Variant does not reference an automation object
[20141107-102606 WordFileConvertSrv.exe] ERR> 轉檔作業失敗. 從 "D:\NTAKWeb\NTAK_DDQS\Exec\Manager\FileStore\100年度判字第1949號.doc" 轉換至 "D:\NTAKWeb\NTAK_DDQS\Exec\ConvertArea\100年度判字第1949號.doc.txt" 時發生錯誤, 原因: Variant does not reference an automation object
[20141107-102606 WordFileConvertSrv.exe] ERR> 轉檔作業失敗. 從 "D:\NTAKWeb\NTAK_DDQS\Exec\Manager\FileStore\100年度復查決定書稿發文.doc" 轉換至 "D:\NTAKWeb\NTAK_DDQS\Exec\ConvertArea\100年度復查決定書稿發文.doc.txt" 時發生錯誤, 原因: Variant does not reference an automation object
[20141107-102606 WordFileConvertSrv.exe] ERR> 轉檔作業失敗. 從 "D:\NTAKWeb\NTAK_DDQS\Exec\Manager\FileStore\100年度訴字第444號.doc" 轉換至 "D:\NTAKWeb\NTAK_DDQS\Exec\ConvertArea\100年度訴字第444號.doc.txt" 時發生錯誤, 原因: Variant does not reference an automation object
[20141107-102606 WordFileConvertSrv.exe] ERR> 轉檔作業失敗. 從 "D:\NTAKWeb\NTAK_DDQS\Exec\Manager\FileStore\102.4.29-陳&#28913;泰(陳吳芬釵)100年度綜所稅復查決定書.doc" 轉換至 "D:\NTAKWeb\NTAK_DDQS\Exec\ConvertArea\102.4.29-陳&#28913;泰(陳吳芬釵)100年度綜所稅復查決定書.doc.txt" 時發生錯誤, 原因: Variant does not reference an automation object
[20141107-102606 WordFileConvertSrv.exe] ERR> 轉檔作業失敗. 從 "D:\NTAKWeb\NTAK_DDQS\Exec\Manager\FileStore\10201614.doc" 轉換至 "D:\NTAKWeb\NTAK_DDQS\Exec\ConvertArea\10201614.doc.txt" 時發生錯誤, 原因: Variant does not reference an automation object
[20141107-102606 WordFileConvertSrv.exe] ERR> 轉檔作業失敗. 從 "D:\NTAKWeb\NTAK_DDQS\Exec\Manager\FileStore\1020716張孟信99年度綜所稅復查決定書(復查會決議修正).doc" 轉換至 "D:\NTAKWeb\NTAK_DDQS\Exec\ConvertArea\1020716張孟信99年度綜所稅復查決定書(復查會決議修正).doc.txt" 時發生錯誤, 原因: Variant does not reference an automation object
[20141107-102606 WordFileConvertSrv.exe] ERR> 轉檔作業失敗. 從 "D:\NTAKWeb\NTAK_DDQS\Exec\Manager\FileStore\1021030黃振銘君99年度綜所稅復查決定書.doc" 轉換至 "D:\NTAKWeb\NTAK_DDQS\Exec\ConvertArea\1021030黃振銘君99年度綜所稅復查決定書.doc.txt" 時發生錯誤, 原因: Variant does not reference an automation object
[20141107-102606 WordFileConvertSrv.exe] ERR> 轉檔作業失敗. 從 "D:\NTAKWeb\NTAK_DDQS\Exec\Manager\FileStore\103.06.23發文-黃小芳101年綜所稅決定書稿.doc" 轉換至 "D:\NTAKWeb\NTAK_DDQS\Exec\ConvertArea\103.06.23發文-黃小芳101年綜所稅決定書稿.doc.txt" 時發生錯誤, 原因: Variant does not reference an automation object
[20141107-102606 WordFileConvertSrv.exe] ERR> 轉檔作業失敗. 從 "D:\NTAKWeb\NTAK_DDQS\Exec\Manager\FileStore\103.4.25發文-陳振昌100年綜所稅決定書(罰鍰).doc" 轉換至 "D:\NTAKWeb\NTAK_DDQS\Exec\ConvertArea\103.4.25發文-陳振昌100年綜所稅決定書(罰鍰).doc.txt" 時發生錯誤, 原因: Variant does not reference an automation object
[20141107-102606 WordFileConvertSrv.exe] ERR> 轉檔作業失敗. 從 "D:\NTAKWeb\NTAK_DDQS\Exec\Manager\FileStore\10300120.doc" 轉換至 "D:\NTAKWeb\NTAK_DDQS\Exec\ConvertArea\10300120.doc.txt" 時發生錯誤, 原因: Variant does not reference an automation object
[20141107-102606 WordFileConvertSrv.exe] ERR> 轉檔作業失敗. 從 "D:\NTAKWeb\NTAK_DDQS\Exec\Manager\FileStore\1030912江昌101營所稅(漏報其他收入) 罰鍰復查決定書(發文).doc" 轉換至 "D:\NTAKWeb\NTAK_DDQS\Exec\ConvertArea\1030912江昌101營所稅(漏報其他收入) 罰鍰復查決定書(發文).doc.txt" 時發生錯誤, 原因: Variant does not reference an automation object
[20141107-102606 WordFileConvertSrv.exe] ERR> 轉檔作業失敗. 從 "D:\NTAKWeb\NTAK_DDQS\Exec\Manager\FileStore\1030915海龍煤氣營業稅(漏報收入) 復查決定書(發文).doc" 轉換至 "D:\NTAKWeb\NTAK_DDQS\Exec\ConvertArea\1030915海龍煤氣營業稅(漏報收入) 復查決定書(發文).doc.txt" 時發生錯誤, 原因: Variant does not reference an automation object
[20141107-102606 WordFileConvertSrv.exe] ERR> 轉檔作業失敗. 從 "D:\NTAKWeb\NTAK_DDQS\Exec\Manager\FileStore\95年度訴字第160號(2).doc" 轉換至 "D:\NTAKWeb\NTAK_DDQS\Exec\ConvertArea\95年度訴字第160號(2).doc.txt" 時發生錯誤, 原因: Variant does not reference an automation object
[20141107-102606 WordFileConvertSrv.exe] ERR> 轉檔作業失敗. 從 "D:\NTAKWeb\NTAK_DDQS\Exec\Manager\FileStore\98年度再字第37號.doc" 轉換至 "D:\NTAKWeb\NTAK_DDQS\Exec\ConvertArea\98年度再字第37號.doc.txt" 時發生錯誤, 原因: Variant does not reference an automation object
[20141107-102606 WordFileConvertSrv.exe] ERR> 轉檔作業失敗. 從 "D:\NTAKWeb\NTAK_DDQS\Exec\Manager\FileStore\98年度簡再字第13號(2).doc" 轉換至 "D:\NTAKWeb\NTAK_DDQS\Exec\ConvertArea\98年度簡再字第13號(2).doc.txt" 時發生錯誤, 原因: Variant does not reference an automation object
[20141107-102606 WordFileConvertSrv.exe] ERR> 轉檔作業失敗. 從 "D:\NTAKWeb\NTAK_DDQS\Exec\Manager\FileStore\99年度簡再字第9號.doc" 轉換至 "D:\NTAKWeb\NTAK_DDQS\Exec\ConvertArea\99年度簡再字第9號.doc.txt" 時發生錯誤, 原因: Variant does not reference an automation object
[20141107-102606 WordFileConvertSrv.exe] ERR> 轉檔作業失敗. 從 "D:\NTAKWeb\NTAK_DDQS\Exec\Manager\FileStore\IE8302100730陳景生101本稅-短報5%－更正後.doc" 轉換至 "D:\NTAKWeb\NTAK_DDQS\Exec\ConvertArea\IE8302100730陳景生101本稅-短報5%－更正後.doc.txt" 時發生錯誤, 原因: Variant does not reference an automation object
[20141107-102606 WordFileConvertSrv.exe] ERR> 轉檔作業失敗. 從 "D:\NTAKWeb\NTAK_DDQS\Exec\Manager\FileStore\JVP-LST.doc" 轉換至 "D:\NTAKWeb\NTAK_DDQS\Exec\ConvertArea\JVP-LST.doc.txt" 時發生錯誤, 原因: Variant does not reference an automation object
[20141107-102606 WordFileConvertSrv.exe] ERR> 轉檔作業失敗. 從 "D:\NTAKWeb\NTAK_DDQS\Exec\Manager\FileStore\NE0402400815邱翠蓮99罰鍰-未據實申報扣繳憑單20%-維持.doc" 轉換至 "D:\NTAKWeb\NTAK_DDQS\Exec\ConvertArea\NE0402400815邱翠蓮99罰鍰-未據實申報扣繳憑單20%-維持.doc.txt" 時發生錯誤, 原因: Variant does not reference an automation object
[20141107-102606 WordFileConvertSrv.exe] ERR> 轉檔作業失敗. 從 "D:\NTAKWeb\NTAK_DDQS\Exec\Manager\FileStore\NE0403100144章一民101年復查決定書-稿.doc" 轉換至 "D:\NTAKWeb\NTAK_DDQS\Exec\ConvertArea\NE0403100144章一民101年復查決定書-稿.doc.txt" 時發生錯誤, 原因: Variant does not reference an automation object
[20141107-102606 WordFileConvertSrv.exe] ERR> 轉檔作業失敗. 從 "D:\NTAKWeb\NTAK_DDQS\Exec\Manager\FileStore\NE8302100123莊全勝100免稅額-追減-核定.doc" 轉換至 "D:\NTAKWeb\NTAK_DDQS\Exec\ConvertArea\NE8302100123莊全勝100免稅額-追減-核定.doc.txt" 時發生錯誤, 原因: Variant does not reference an automation object
[20141107-102606 WordFileConvertSrv.exe] ERR> 轉檔作業失敗. 從 "D:\NTAKWeb\NTAK_DDQS\Exec\Manager\FileStore\NE8302400498潘&#21843;銘100罰鍰-委託他人代為申報-維持.doc" 轉換至 "D:\NTAKWeb\NTAK_DDQS\Exec\ConvertArea\NE8302400498潘&#21843;銘100罰鍰-委託他人代為申報-維持.doc.txt" 時發生錯誤, 原因: Variant does not reference an automation object
[20141107-102606 WordFileConvertSrv.exe] ERR> 轉檔作業失敗. 從 "D:\NTAKWeb\NTAK_DDQS\Exec\Manager\FileStore\何海鷗101虛列免稅額決定書(本+罰)正本.doc" 轉換至 "D:\NTAKWeb\NTAK_DDQS\Exec\ConvertArea\何海鷗101虛列免稅額決定書(本+罰)正本.doc.txt" 時發生錯誤, 原因: Variant does not reference an automation object
[20141107-102606 WordFileConvertSrv.exe] ERR> 轉檔作業失敗. 從 "D:\NTAKWeb\NTAK_DDQS\Exec\Manager\FileStore\佳勝營造(第09903392號)-94年度.doc" 轉換至 "D:\NTAKWeb\NTAK_DDQS\Exec\ConvertArea\佳勝營造(第09903392號)-94年度.doc.txt" 時發生錯誤, 原因: Variant does not reference an automation object
[20141107-102606 WordFileConvertSrv.exe] ERR> 轉檔作業失敗. 從 "D:\NTAKWeb\NTAK_DDQS\Exec\Manager\FileStore\北方之星(第09800030號)-89年度.doc" 轉換至 "D:\NTAKWeb\NTAK_DDQS\Exec\ConvertArea\北方之星(第09800030號)-89年度.doc.txt" 時發生錯誤, 原因: Variant does not reference an automation object
[20141107-102606 WordFileConvertSrv.exe] ERR> 轉檔作業失敗. 從 "D:\NTAKWeb\NTAK_DDQS\Exec\Manager\FileStore\呂冠霖(第09704361~09704365號)-91~95年度.doc" 轉換至 "D:\NTAKWeb\NTAK_DDQS\Exec\ConvertArea\呂冠霖(第09704361~09704365號)-91~95年度.doc.txt" 時發生錯誤, 原因: Variant does not reference an automation object
[20141107-102606 WordFileConvertSrv.exe] ERR> 轉檔作業失敗. 從 "D:\NTAKWeb\NTAK_DDQS\Exec\Manager\FileStore\周王金珍(第09800157號)-94年度.doc" 轉換至 "D:\NTAKWeb\NTAK_DDQS\Exec\ConvertArea\周王金珍(第09800157號)-94年度.doc.txt" 時發生錯誤, 原因: Variant does not reference an automation object
[20141107-102606 WordFileConvertSrv.exe] ERR> 轉檔作業失敗. 從 "D:\NTAKWeb\NTAK_DDQS\Exec\Manager\FileStore\廖東建(第10001282號)-98年度.doc" 轉換至 "D:\NTAKWeb\NTAK_DDQS\Exec\ConvertArea\廖東建(第10001282號)-98年度.doc.txt" 時發生錯誤, 原因: Variant does not reference an automation object
[20141107-102606 WordFileConvertSrv.exe] ERR> 轉檔作業失敗. 從 "D:\NTAKWeb\NTAK_DDQS\Exec\Manager\FileStore\廣建95營所稅決定書(虛銷8%).doc" 轉換至 "D:\NTAKWeb\NTAK_DDQS\Exec\ConvertArea\廣建95營所稅決定書(虛銷8%).doc.txt" 時發生錯誤, 原因: Variant does not reference an automation object
[20141107-102606 WordFileConvertSrv.exe] ERR> 轉檔作業失敗. 從 "D:\NTAKWeb\NTAK_DDQS\Exec\Manager\FileStore\彭宴祥(第09801703號)-96年度.doc" 轉換至 "D:\NTAKWeb\NTAK_DDQS\Exec\ConvertArea\彭宴祥(第09801703號)-96年度.doc.txt" 時發生錯誤, 原因: Variant does not reference an automation object
[20141107-102606 WordFileConvertSrv.exe] ERR> 轉檔作業失敗. 從 "D:\NTAKWeb\NTAK_DDQS\Exec\Manager\FileStore\復查決定-函洪俊良93信託營利所得-實質課稅-核課期間.doc" 轉換至 "D:\NTAKWeb\NTAK_DDQS\Exec\ConvertArea\復查決定-函洪俊良93信託營利所得-實質課稅-核課期間.doc.txt" 時發生錯誤, 原因: Variant does not reference an automation object
[20141107-102606 WordFileConvertSrv.exe] ERR> 轉檔作業失敗. 從 "D:\NTAKWeb\NTAK_DDQS\Exec\Manager\FileStore\日月光電子100年度營所稅復查決定書.doc" 轉換至 "D:\NTAKWeb\NTAK_DDQS\Exec\ConvertArea\日月光電子100年度營所稅復查決定書.doc.txt" 時發生錯誤, 原因: Variant does not reference an automation object
[20141107-102606 WordFileConvertSrv.exe] ERR> 轉檔作業失敗. 從 "D:\NTAKWeb\NTAK_DDQS\Exec\Manager\FileStore\李淑&#32137;決定書.doc" 轉換至 "D:\NTAKWeb\NTAK_DDQS\Exec\ConvertArea\李淑&#32137;決定書.doc.txt" 時發生錯誤, 原因: Variant does not reference an automation object
[20141107-102606 WordFileConvertSrv.exe] ERR> 轉檔作業失敗. 從 "D:\NTAKWeb\NTAK_DDQS\Exec\Manager\FileStore\李清 復查決定書.doc.doc" 轉換至 "D:\NTAKWeb\NTAK_DDQS\Exec\ConvertArea\李清 復查決定書.doc.doc.txt" 時發生錯誤, 原因: Variant does not reference an automation object
[20141107-102606 WordFileConvertSrv.exe] ERR> 轉檔作業失敗. 從 "D:\NTAKWeb\NTAK_DDQS\Exec\Manager\FileStore\李清&#23791;復查決定書.doc" 轉換至 "D:\NTAKWeb\NTAK_DDQS\Exec\ConvertArea\李清&#23791;復查決定書.doc.txt" 時發生錯誤, 原因: Variant does not reference an automation object
[20141107-102606 WordFileConvertSrv.exe] ERR> 轉檔作業失敗. 從 "D:\NTAKWeb\NTAK_DDQS\Exec\Manager\FileStore\林&#37979;宏決定書.doc" 轉換至 "D:\NTAKWeb\NTAK_DDQS\Exec\ConvertArea\林&#37979;宏決定書.doc.txt" 時發生錯誤, 原因: Variant does not reference an automation object
[20141107-102606 WordFileConvertSrv.exe] ERR> 轉檔作業失敗. 從 "D:\NTAKWeb\NTAK_DDQS\Exec\Manager\FileStore\林奇峰95年度復查報告確定版.doc" 轉換至 "D:\NTAKWeb\NTAK_DDQS\Exec\ConvertArea\林奇峰95年度復查報告確定版.doc.txt" 時發生錯誤, 原因: Variant does not reference an automation object
[20141107-102606 WordFileConvertSrv.exe] ERR> 轉檔作業失敗. 從 "D:\NTAKWeb\NTAK_DDQS\Exec\Manager\FileStore\林宜靜(第09903210號)-94~96年度.doc" 轉換至 "D:\NTAKWeb\NTAK_DDQS\Exec\ConvertArea\林宜靜(第09903210號)-94~96年度.doc.txt" 時發生錯誤, 原因: Variant does not reference an automation object
[20141107-102606 WordFileConvertSrv.exe] ERR> 轉檔作業失敗. 從 "D:\NTAKWeb\NTAK_DDQS\Exec\Manager\FileStore\林茂雄98年度綜合所得稅正本.doc" 轉換至 "D:\NTAKWeb\NTAK_DDQS\Exec\ConvertArea\林茂雄98年度綜合所得稅正本.doc.txt" 時發生錯誤, 原因: Variant does not reference an automation object
[20141107-102606 WordFileConvertSrv.exe] ERR> 轉檔作業失敗. 從 "D:\NTAKWeb\NTAK_DDQS\Exec\Manager\FileStore\林麗俐(第10002578號)-93年度.doc" 轉換至 "D:\NTAKWeb\NTAK_DDQS\Exec\ConvertArea\林麗俐(第10002578號)-93年度.doc.txt" 時發生錯誤, 原因: Variant does not reference an automation object
[20141107-102606 WordFileConvertSrv.exe] ERR> 轉檔作業失敗. 從 "D:\NTAKWeb\NTAK_DDQS\Exec\Manager\FileStore\楊肅泰(第09804135號)-96年度.doc" 轉換至 "D:\NTAKWeb\NTAK_DDQS\Exec\ConvertArea\楊肅泰(第09804135號)-96年度.doc.txt" 時發生錯誤, 原因: Variant does not reference an automation object
[20141107-102606 WordFileConvertSrv.exe] ERR> 轉檔作業失敗. 從 "D:\NTAKWeb\NTAK_DDQS\Exec\Manager\FileStore\歐陽建華(第09902018號)-88年度.doc" 轉換至 "D:\NTAKWeb\NTAK_DDQS\Exec\ConvertArea\歐陽建華(第09902018號)-88年度.doc.txt" 時發生錯誤, 原因: Variant does not reference an automation object
[20141107-102606 WordFileConvertSrv.exe] ERR> 轉檔作業失敗. 從 "D:\NTAKWeb\NTAK_DDQS\Exec\Manager\FileStore\武穎決~1.DOC" 轉換至 "D:\NTAKWeb\NTAK_DDQS\Exec\ConvertArea\武穎決~1.DOC.txt" 時發生錯誤, 原因: Variant does not reference an automation object
[20141107-102606 WordFileConvertSrv.exe] ERR> 轉檔作業失敗. 從 "D:\NTAKWeb\NTAK_DDQS\Exec\Manager\FileStore\潘&#21843;銘100罰鍰-委託他人代為申報-維持.doc" 轉換至 "D:\NTAKWeb\NTAK_DDQS\Exec\ConvertArea\潘&#21843;銘100罰鍰-委託他人代為申報-維持.doc.txt" 時發生錯誤, 原因: Variant does not reference an automation object
[20141107-102606 WordFileConvertSrv.exe] ERR> 轉檔作業失敗. 從 "D:\NTAKWeb\NTAK_DDQS\Exec\Manager\FileStore\王&#28702;苡101年特銷稅罰鍰決定書-函.docx" 轉換至 "D:\NTAKWeb\NTAK_DDQS\Exec\ConvertArea\王&#28702;苡101年特銷稅罰鍰決定書-函.docx.txt" 時發生錯誤, 原因: Variant does not reference an automation object
[20141107-102606 WordFileConvertSrv.exe] ERR> 轉檔作業失敗. 從 "D:\NTAKWeb\NTAK_DDQS\Exec\Manager\FileStore\白美香(第09803188號)-96年度.doc" 轉換至 "D:\NTAKWeb\NTAK_DDQS\Exec\ConvertArea\白美香(第09803188號)-96年度.doc.txt" 時發生錯誤, 原因: Variant does not reference an automation object
[20141107-102606 WordFileConvertSrv.exe] ERR> 轉檔作業失敗. 從 "D:\NTAKWeb\NTAK_DDQS\Exec\Manager\FileStore\蘇宏典(第10001702號)-95年度.doc" 轉換至 "D:\NTAKWeb\NTAK_DDQS\Exec\ConvertArea\蘇宏典(第10001702號)-95年度.doc.txt" 時發生錯誤, 原因: Variant does not reference an automation object
[20141107-102606 WordFileConvertSrv.exe] ERR> 轉檔作業失敗. 從 "D:\NTAKWeb\NTAK_DDQS\Exec\Manager\FileStore\達旺廣告(第09803394號)-95年度.doc" 轉換至 "D:\NTAKWeb\NTAK_DDQS\Exec\ConvertArea\達旺廣告(第09803394號)-95年度.doc.txt" 時發生錯誤, 原因: Variant does not reference an automation object
[20141107-102606 WordFileConvertSrv.exe] ERR> 轉檔作業失敗. 從 "D:\NTAKWeb\NTAK_DDQS\Exec\Manager\FileStore\鍇億國際95營所稅決定書(虛銷8%).doc" 轉換至 "D:\NTAKWeb\NTAK_DDQS\Exec\ConvertArea\鍇億國際95營所稅決定書(虛銷8%).doc.txt" 時發生錯誤, 原因: Variant does not reference an automation object
[20141107-102606 WordFileConvertSrv.exe] ERR> 轉檔作業失敗. 從 "D:\NTAKWeb\NTAK_DDQS\Exec\Manager\FileStore\鍇億國際95營所稅決定書虛銷8%.doc" 轉換至 "D:\NTAKWeb\NTAK_DDQS\Exec\ConvertArea\鍇億國際95營所稅決定書虛銷8%.doc.txt" 時發生錯誤, 原因: Variant does not reference an automation object
[20141107-102606 WordFileConvertSrv.exe] ERR> 轉檔作業失敗. 從 "D:\NTAKWeb\NTAK_DDQS\Exec\Manager\FileStore\陳麗文(第09801332號)-96年度.doc" 轉換至 "D:\NTAKWeb\NTAK_DDQS\Exec\ConvertArea\陳麗文(第09801332號)-96年度.doc.txt" 時發生錯誤, 原因: Variant does not reference an automation object
[20141107-102606 WordFileConvertSrv.exe] ERR> 轉檔作業失敗. 從 "D:\NTAKWeb\NTAK_DDQS\Exec\Manager\FileStore\黃&#28702;瑢復查決定書-海外所得.doc" 轉換至 "D:\NTAKWeb\NTAK_DDQS\Exec\ConvertArea\黃&#28702;瑢復查決定書-海外所得.doc.txt" 時發生錯誤, 原因: Variant does not reference an automation object
[20141107-102606 WordFileConvertSrv.exe] ERR> 轉檔作業失敗. 從 "D:\NTAKWeb\NTAK_DDQS\Exec\Manager\FileStore\黃鳳珠(第09703642號)-95年度.doc" 轉換至 "D:\NTAKWeb\NTAK_DDQS\Exec\ConvertArea\黃鳳珠(第09703642號)-95年度.doc.txt" 時發生錯誤, 原因: Variant does not reference an automation object
[20141107-102837 WordFileConvertSrv.exe] ERR> 轉檔作業失敗. 從 "D:\NTAKWeb\NTAK_DDQS\Exec\Manager\FileStore\&#40644;武穎決定書.doc" 轉換至 "D:\NTAKWeb\NTAK_DDQS\Exec\ConvertArea\&#40644;武穎決定書.doc.txt" 時發生錯誤, 原因: Variant does not reference an automation object
[20141107-102837 WordFileConvertSrv.exe] ERR> 轉檔作業失敗. 從 "D:\NTAKWeb\NTAK_DDQS\Exec\Manager\FileStore\09700128300.doc" 轉換至 "D:\NTAKWeb\NTAK_DDQS\Exec\ConvertArea\09700128300.doc.txt" 時發生錯誤, 原因: Variant does not reference an automation object
[20141107-102837 WordFileConvertSrv.exe] ERR> 轉檔作業失敗. 從 "D:\NTAKWeb\NTAK_DDQS\Exec\Manager\FileStore\09700398060.doc" 轉換至 "D:\NTAKWeb\NTAK_DDQS\Exec\ConvertArea\09700398060.doc.txt" 時發生錯誤, 原因: Variant does not reference an automation object
[20141107-102837 WordFileConvertSrv.exe] ERR> 轉檔作業失敗. 從 "D:\NTAKWeb\NTAK_DDQS\Exec\Manager\FileStore\1-1020924洪瑞&#23791;君96年度復查決定書-函.doc" 轉換至 "D:\NTAKWeb\NTAK_DDQS\Exec\ConvertArea\1-1020924洪瑞&#23791;君96年度復查決定書-函.doc.txt" 時發生錯誤, 原因: Variant does not reference an automation object
[20141107-102837 WordFileConvertSrv.exe] ERR> 轉檔作業失敗. 從 "D:\NTAKWeb\NTAK_DDQS\Exec\Manager\FileStore\100-2-21鍾泰營造有限公司營業稅罰鍰(復查決定書-重繕(發文).doc" 轉換至 "D:\NTAKWeb\NTAK_DDQS\Exec\ConvertArea\100-2-21鍾泰營造有限公司營業稅罰鍰(復查決定書-重繕(發文).doc.txt" 時發生錯誤, 原因: Variant does not reference an automation object
[20141107-102837 WordFileConvertSrv.exe] ERR> 轉檔作業失敗. 從 "D:\NTAKWeb\NTAK_DDQS\Exec\Manager\FileStore\100年度判字第1949號.doc" 轉換至 "D:\NTAKWeb\NTAK_DDQS\Exec\ConvertArea\100年度判字第1949號.doc.txt" 時發生錯誤, 原因: Variant does not reference an automation object
[20141107-102837 WordFileConvertSrv.exe] ERR> 轉檔作業失敗. 從 "D:\NTAKWeb\NTAK_DDQS\Exec\Manager\FileStore\100年度復查決定書稿發文.doc" 轉換至 "D:\NTAKWeb\NTAK_DDQS\Exec\ConvertArea\100年度復查決定書稿發文.doc.txt" 時發生錯誤, 原因: Variant does not reference an automation object
[20141107-102837 WordFileConvertSrv.exe] ERR> 轉檔作業失敗. 從 "D:\NTAKWeb\NTAK_DDQS\Exec\Manager\FileStore\100年度訴字第444號.doc" 轉換至 "D:\NTAKWeb\NTAK_DDQS\Exec\ConvertArea\100年度訴字第444號.doc.txt" 時發生錯誤, 原因: Variant does not reference an automation object
[20141107-102837 WordFileConvertSrv.exe] ERR> 轉檔作業失敗. 從 "D:\NTAKWeb\NTAK_DDQS\Exec\Manager\FileStore\102.4.29-陳&#28913;泰(陳吳芬釵)100年度綜所稅復查決定書.doc" 轉換至 "D:\NTAKWeb\NTAK_DDQS\Exec\ConvertArea\102.4.29-陳&#28913;泰(陳吳芬釵)100年度綜所稅復查決定書.doc.txt" 時發生錯誤, 原因: Variant does not reference an automation object
[20141107-102837 WordFileConvertSrv.exe] ERR> 轉檔作業失敗. 從 "D:\NTAKWeb\NTAK_DDQS\Exec\Manager\FileStore\10201614.doc" 轉換至 "D:\NTAKWeb\NTAK_DDQS\Exec\ConvertArea\10201614.doc.txt" 時發生錯誤, 原因: Variant does not reference an automation object
[20141107-102837 WordFileConvertSrv.exe] ERR> 轉檔作業失敗. 從 "D:\NTAKWeb\NTAK_DDQS\Exec\Manager\FileStore\1020716張孟信99年度綜所稅復查決定書(復查會決議修正).doc" 轉換至 "D:\NTAKWeb\NTAK_DDQS\Exec\ConvertArea\1020716張孟信99年度綜所稅復查決定書(復查會決議修正).doc.txt" 時發生錯誤, 原因: Variant does not reference an automation object
[20141107-102837 WordFileConvertSrv.exe] ERR> 轉檔作業失敗. 從 "D:\NTAKWeb\NTAK_DDQS\Exec\Manager\FileStore\1021030黃振銘君99年度綜所稅復查決定書.doc" 轉換至 "D:\NTAKWeb\NTAK_DDQS\Exec\ConvertArea\1021030黃振銘君99年度綜所稅復查決定書.doc.txt" 時發生錯誤, 原因: Variant does not reference an automation object
[20141107-102837 WordFileConvertSrv.exe] ERR> 轉檔作業失敗. 從 "D:\NTAKWeb\NTAK_DDQS\Exec\Manager\FileStore\103.06.23發文-黃小芳101年綜所稅決定書稿.doc" 轉換至 "D:\NTAKWeb\NTAK_DDQS\Exec\ConvertArea\103.06.23發文-黃小芳101年綜所稅決定書稿.doc.txt" 時發生錯誤, 原因: Variant does not reference an automation object
[20141107-102837 WordFileConvertSrv.exe] ERR> 轉檔作業失敗. 從 "D:\NTAKWeb\NTAK_DDQS\Exec\Manager\FileStore\103.4.25發文-陳振昌100年綜所稅決定書(罰鍰).doc" 轉換至 "D:\NTAKWeb\NTAK_DDQS\Exec\ConvertArea\103.4.25發文-陳振昌100年綜所稅決定書(罰鍰).doc.txt" 時發生錯誤, 原因: Variant does not reference an automation object
[20141107-102837 WordFileConvertSrv.exe] ERR> 轉檔作業失敗. 從 "D:\NTAKWeb\NTAK_DDQS\Exec\Manager\FileStore\10300120.doc" 轉換至 "D:\NTAKWeb\NTAK_DDQS\Exec\ConvertArea\10300120.doc.txt" 時發生錯誤, 原因: Variant does not reference an automation object
[20141107-102837 WordFileConvertSrv.exe] ERR> 轉檔作業失敗. 從 "D:\NTAKWeb\NTAK_DDQS\Exec\Manager\FileStore\1030912江昌101營所稅(漏報其他收入) 罰鍰復查決定書(發文).doc" 轉換至 "D:\NTAKWeb\NTAK_DDQS\Exec\ConvertArea\1030912江昌101營所稅(漏報其他收入) 罰鍰復查決定書(發文).doc.txt" 時發生錯誤, 原因: Variant does not reference an automation object
[20141107-102837 WordFileConvertSrv.exe] ERR> 轉檔作業失敗. 從 "D:\NTAKWeb\NTAK_DDQS\Exec\Manager\FileStore\95年度訴字第160號(2).doc" 轉換至 "D:\NTAKWeb\NTAK_DDQS\Exec\ConvertArea\95年度訴字第160號(2).doc.txt" 時發生錯誤, 原因: Variant does not reference an automation object
[20141107-102837 WordFileConvertSrv.exe] ERR> 轉檔作業失敗. 從 "D:\NTAKWeb\NTAK_DDQS\Exec\Manager\FileStore\98年度再字第37號.doc" 轉換至 "D:\NTAKWeb\NTAK_DDQS\Exec\ConvertArea\98年度再字第37號.doc.txt" 時發生錯誤, 原因: Variant does not reference an automation object
[20141107-102837 WordFileConvertSrv.exe] ERR> 轉檔作業失敗. 從 "D:\NTAKWeb\NTAK_DDQS\Exec\Manager\FileStore\98年度簡再字第13號(2).doc" 轉換至 "D:\NTAKWeb\NTAK_DDQS\Exec\ConvertArea\98年度簡再字第13號(2).doc.txt" 時發生錯誤, 原因: Variant does not reference an automation object
[20141107-102837 WordFileConvertSrv.exe] ERR> 轉檔作業失敗. 從 "D:\NTAKWeb\NTAK_DDQS\Exec\Manager\FileStore\99年度簡再字第9號.doc" 轉換至 "D:\NTAKWeb\NTAK_DDQS\Exec\ConvertArea\99年度簡再字第9號.doc.txt" 時發生錯誤, 原因: Variant does not reference an automation object
[20141107-102837 WordFileConvertSrv.exe] ERR> 轉檔作業失敗. 從 "D:\NTAKWeb\NTAK_DDQS\Exec\Manager\FileStore\IE8302100730陳景生101本稅-短報5%－更正後.doc" 轉換至 "D:\NTAKWeb\NTAK_DDQS\Exec\ConvertArea\IE8302100730陳景生101本稅-短報5%－更正後.doc.txt" 時發生錯誤, 原因: Variant does not reference an automation object
[20141107-102837 WordFileConvertSrv.exe] ERR> 轉檔作業失敗. 從 "D:\NTAKWeb\NTAK_DDQS\Exec\Manager\FileStore\JVP-LST.doc" 轉換至 "D:\NTAKWeb\NTAK_DDQS\Exec\ConvertArea\JVP-LST.doc.txt" 時發生錯誤, 原因: Variant does not reference an automation object
[20141107-102837 WordFileConvertSrv.exe] ERR> 轉檔作業失敗. 從 "D:\NTAKWeb\NTAK_DDQS\Exec\Manager\FileStore\NE0402400815邱翠蓮99罰鍰-未據實申報扣繳憑單20%-維持.doc" 轉換至 "D:\NTAKWeb\NTAK_DDQS\Exec\ConvertArea\NE0402400815邱翠蓮99罰鍰-未據實申報扣繳憑單20%-維持.doc.txt" 時發生錯誤, 原因: Variant does not reference an automation object
[20141107-102837 WordFileConvertSrv.exe] ERR> 轉檔作業失敗. 從 "D:\NTAKWeb\NTAK_DDQS\Exec\Manager\FileStore\NE0403100144章一民101年復查決定書-稿.doc" 轉換至 "D:\NTAKWeb\NTAK_DDQS\Exec\ConvertArea\NE0403100144章一民101年復查決定書-稿.doc.txt" 時發生錯誤, 原因: Variant does not reference an automation object
[20141107-102837 WordFileConvertSrv.exe] ERR> 轉檔作業失敗. 從 "D:\NTAKWeb\NTAK_DDQS\Exec\Manager\FileStore\NE8302100123莊全勝100免稅額-追減-核定.doc" 轉換至 "D:\NTAKWeb\NTAK_DDQS\Exec\ConvertArea\NE8302100123莊全勝100免稅額-追減-核定.doc.txt" 時發生錯誤, 原因: Variant does not reference an automation object
[20141107-102837 WordFileConvertSrv.exe] ERR> 轉檔作業失敗. 從 "D:\NTAKWeb\NTAK_DDQS\Exec\Manager\FileStore\NE8302400498潘&#21843;銘100罰鍰-委託他人代為申報-維持.doc" 轉換至 "D:\NTAKWeb\NTAK_DDQS\Exec\ConvertArea\NE8302400498潘&#21843;銘100罰鍰-委託他人代為申報-維持.doc.txt" 時發生錯誤, 原因: Variant does not reference an automation object
[20141107-102837 WordFileConvertSrv.exe] ERR> 轉檔作業失敗. 從 "D:\NTAKWeb\NTAK_DDQS\Exec\Manager\FileStore\何海鷗101虛列免稅額決定書(本+罰)正本.doc" 轉換至 "D:\NTAKWeb\NTAK_DDQS\Exec\ConvertArea\何海鷗101虛列免稅額決定書(本+罰)正本.doc.txt" 時發生錯誤, 原因: Variant does not reference an automation object
[20141107-102837 WordFileConvertSrv.exe] ERR> 轉檔作業失敗. 從 "D:\NTAKWeb\NTAK_DDQS\Exec\Manager\FileStore\佳勝營造(第09903392號)-94年度.doc" 轉換至 "D:\NTAKWeb\NTAK_DDQS\Exec\ConvertArea\佳勝營造(第09903392號)-94年度.doc.txt" 時發生錯誤, 原因: Variant does not reference an automation object
[20141107-102837 WordFileConvertSrv.exe] ERR> 轉檔作業失敗. 從 "D:\NTAKWeb\NTAK_DDQS\Exec\Manager\FileStore\北方之星(第09800030號)-89年度.doc" 轉換至 "D:\NTAKWeb\NTAK_DDQS\Exec\ConvertArea\北方之星(第09800030號)-89年度.doc.txt" 時發生錯誤, 原因: Variant does not reference an automation object
[20141107-102837 WordFileConvertSrv.exe] ERR> 轉檔作業失敗. 從 "D:\NTAKWeb\NTAK_DDQS\Exec\Manager\FileStore\呂冠霖(第09704361~09704365號)-91~95年度.doc" 轉換至 "D:\NTAKWeb\NTAK_DDQS\Exec\ConvertArea\呂冠霖(第09704361~09704365號)-91~95年度.doc.txt" 時發生錯誤, 原因: Variant does not reference an automation object
[20141107-102837 WordFileConvertSrv.exe] ERR> 轉檔作業失敗. 從 "D:\NTAKWeb\NTAK_DDQS\Exec\Manager\FileStore\周王金珍(第09800157號)-94年度.doc" 轉換至 "D:\NTAKWeb\NTAK_DDQS\Exec\ConvertArea\周王金珍(第09800157號)-94年度.doc.txt" 時發生錯誤, 原因: Variant does not reference an automation object
[20141107-102837 WordFileConvertSrv.exe] ERR> 轉檔作業失敗. 從 "D:\NTAKWeb\NTAK_DDQS\Exec\Manager\FileStore\廖東建(第10001282號)-98年度.doc" 轉換至 "D:\NTAKWeb\NTAK_DDQS\Exec\ConvertArea\廖東建(第10001282號)-98年度.doc.txt" 時發生錯誤, 原因: Variant does not reference an automation object
[20141107-102837 WordFileConvertSrv.exe] ERR> 轉檔作業失敗. 從 "D:\NTAKWeb\NTAK_DDQS\Exec\Manager\FileStore\廣建95營所稅決定書(虛銷8%).doc" 轉換至 "D:\NTAKWeb\NTAK_DDQS\Exec\ConvertArea\廣建95營所稅決定書(虛銷8%).doc.txt" 時發生錯誤, 原因: Variant does not reference an automation object
[20141107-102837 WordFileConvertSrv.exe] ERR> 轉檔作業失敗. 從 "D:\NTAKWeb\NTAK_DDQS\Exec\Manager\FileStore\彭宴祥(第09801703號)-96年度.doc" 轉換至 "D:\NTAKWeb\NTAK_DDQS\Exec\ConvertArea\彭宴祥(第09801703號)-96年度.doc.txt" 時發生錯誤, 原因: Variant does not reference an automation object
[20141107-102837 WordFileConvertSrv.exe] ERR> 轉檔作業失敗. 從 "D:\NTAKWeb\NTAK_DDQS\Exec\Manager\FileStore\復查決定-函洪俊良93信託營利所得-實質課稅-核課期間.doc" 轉換至 "D:\NTAKWeb\NTAK_DDQS\Exec\ConvertArea\復查決定-函洪俊良93信託營利所得-實質課稅-核課期間.doc.txt" 時發生錯誤, 原因: Variant does not reference an automation object
[20141107-102837 WordFileConvertSrv.exe] ERR> 轉檔作業失敗. 從 "D:\NTAKWeb\NTAK_DDQS\Exec\Manager\FileStore\日月光電子100年度營所稅復查決定書.doc" 轉換至 "D:\NTAKWeb\NTAK_DDQS\Exec\ConvertArea\日月光電子100年度營所稅復查決定書.doc.txt" 時發生錯誤, 原因: Variant does not reference an automation object
[20141107-102837 WordFileConvertSrv.exe] ERR> 轉檔作業失敗. 從 "D:\NTAKWeb\NTAK_DDQS\Exec\Manager\FileStore\李淑&#32137;決定書.doc" 轉換至 "D:\NTAKWeb\NTAK_DDQS\Exec\ConvertArea\李淑&#32137;決定書.doc.txt" 時發生錯誤, 原因: Variant does not reference an automation object
[20141107-102837 WordFileConvertSrv.exe] ERR> 轉檔作業失敗. 從 "D:\NTAKWeb\NTAK_DDQS\Exec\Manager\FileStore\李清 復查決定書.doc.doc" 轉換至 "D:\NTAKWeb\NTAK_DDQS\Exec\ConvertArea\李清 復查決定書.doc.doc.txt" 時發生錯誤, 原因: Variant does not reference an automation object
[20141107-102837 WordFileConvertSrv.exe] ERR> 轉檔作業失敗. 從 "D:\NTAKWeb\NTAK_DDQS\Exec\Manager\FileStore\李清&#23791;復查決定書.doc" 轉換至 "D:\NTAKWeb\NTAK_DDQS\Exec\ConvertArea\李清&#23791;復查決定書.doc.txt" 時發生錯誤, 原因: Variant does not reference an automation object
[20141107-102837 WordFileConvertSrv.exe] ERR> 轉檔作業失敗. 從 "D:\NTAKWeb\NTAK_DDQS\Exec\Manager\FileStore\林&#37979;宏決定書.doc" 轉換至 "D:\NTAKWeb\NTAK_DDQS\Exec\ConvertArea\林&#37979;宏決定書.doc.txt" 時發生錯誤, 原因: Variant does not reference an automation object
[20141107-102837 WordFileConvertSrv.exe] ERR> 轉檔作業失敗. 從 "D:\NTAKWeb\NTAK_DDQS\Exec\Manager\FileStore\林奇峰95年度復查報告確定版.doc" 轉換至 "D:\NTAKWeb\NTAK_DDQS\Exec\ConvertArea\林奇峰95年度復查報告確定版.doc.txt" 時發生錯誤, 原因: Variant does not reference an automation object
[20141107-102837 WordFileConvertSrv.exe] ERR> 轉檔作業失敗. 從 "D:\NTAKWeb\NTAK_DDQS\Exec\Manager\FileStore\林宜靜(第09903210號)-94~96年度.doc" 轉換至 "D:\NTAKWeb\NTAK_DDQS\Exec\ConvertArea\林宜靜(第09903210號)-94~96年度.doc.txt" 時發生錯誤, 原因: Variant does not reference an automation object
[20141107-102837 WordFileConvertSrv.exe] ERR> 轉檔作業失敗. 從 "D:\NTAKWeb\NTAK_DDQS\Exec\Manager\FileStore\林茂雄98年度綜合所得稅正本.doc" 轉換至 "D:\NTAKWeb\NTAK_DDQS\Exec\ConvertArea\林茂雄98年度綜合所得稅正本.doc.txt" 時發生錯誤, 原因: Variant does not reference an automation object
[20141107-102837 WordFileConvertSrv.exe] ERR> 轉檔作業失敗. 從 "D:\NTAKWeb\NTAK_DDQS\Exec\Manager\FileStore\林麗俐(第10002578號)-93年度.doc" 轉換至 "D:\NTAKWeb\NTAK_DDQS\Exec\ConvertArea\林麗俐(第10002578號)-93年度.doc.txt" 時發生錯誤, 原因: Variant does not reference an automation object
[20141107-102837 WordFileConvertSrv.exe] ERR> 轉檔作業失敗. 從 "D:\NTAKWeb\NTAK_DDQS\Exec\Manager\FileStore\楊肅泰(第09804135號)-96年度.doc" 轉換至 "D:\NTAKWeb\NTAK_DDQS\Exec\ConvertArea\楊肅泰(第09804135號)-96年度.doc.txt" 時發生錯誤, 原因: Variant does not reference an automation object
[20141107-102837 WordFileConvertSrv.exe] ERR> 轉檔作業失敗. 從 "D:\NTAKWeb\NTAK_DDQS\Exec\Manager\FileStore\歐陽建華(第09902018號)-88年度.doc" 轉換至 "D:\NTAKWeb\NTAK_DDQS\Exec\ConvertArea\歐陽建華(第09902018號)-88年度.doc.txt" 時發生錯誤, 原因: Variant does not reference an automation object
[20141107-102837 WordFileConvertSrv.exe] ERR> 轉檔作業失敗. 從 "D:\NTAKWeb\NTAK_DDQS\Exec\Manager\FileStore\武穎決~1.DOC" 轉換至 "D:\NTAKWeb\NTAK_DDQS\Exec\ConvertArea\武穎決~1.DOC.txt" 時發生錯誤, 原因: Variant does not reference an automation object
[20141107-102837 WordFileConvertSrv.exe] ERR> 轉檔作業失敗. 從 "D:\NTAKWeb\NTAK_DDQS\Exec\Manager\FileStore\潘&#21843;銘100罰鍰-委託他人代為申報-維持.doc" 轉換至 "D:\NTAKWeb\NTAK_DDQS\Exec\ConvertArea\潘&#21843;銘100罰鍰-委託他人代為申報-維持.doc.txt" 時發生錯誤, 原因: Variant does not reference an automation object
[20141107-102837 WordFileConvertSrv.exe] ERR> 轉檔作業失敗. 從 "D:\NTAKWeb\NTAK_DDQS\Exec\Manager\FileStore\王&#28702;苡101年特銷稅罰鍰決定書-函.docx" 轉換至 "D:\NTAKWeb\NTAK_DDQS\Exec\ConvertArea\王&#28702;苡101年特銷稅罰鍰決定書-函.docx.txt" 時發生錯誤, 原因: Variant does not reference an automation object
[20141107-102837 WordFileConvertSrv.exe] ERR> 轉檔作業失敗. 從 "D:\NTAKWeb\NTAK_DDQS\Exec\Manager\FileStore\白美香(第09803188號)-96年度.doc" 轉換至 "D:\NTAKWeb\NTAK_DDQS\Exec\ConvertArea\白美香(第09803188號)-96年度.doc.txt" 時發生錯誤, 原因: Variant does not reference an automation object
[20141107-102837 WordFileConvertSrv.exe] ERR> 轉檔作業失敗. 從 "D:\NTAKWeb\NTAK_DDQS\Exec\Manager\FileStore\蘇宏典(第10001702號)-95年度.doc" 轉換至 "D:\NTAKWeb\NTAK_DDQS\Exec\ConvertArea\蘇宏典(第10001702號)-95年度.doc.txt" 時發生錯誤, 原因: Variant does not reference an automation object
[20141107-102837 WordFileConvertSrv.exe] ERR> 轉檔作業失敗. 從 "D:\NTAKWeb\NTAK_DDQS\Exec\Manager\FileStore\達旺廣告(第09803394號)-95年度.doc" 轉換至 "D:\NTAKWeb\NTAK_DDQS\Exec\ConvertArea\達旺廣告(第09803394號)-95年度.doc.txt" 時發生錯誤, 原因: Variant does not reference an automation object
[20141107-102837 WordFileConvertSrv.exe] ERR> 轉檔作業失敗. 從 "D:\NTAKWeb\NTAK_DDQS\Exec\Manager\FileStore\鍇億國際95營所稅決定書(虛銷8%).doc" 轉換至 "D:\NTAKWeb\NTAK_DDQS\Exec\ConvertArea\鍇億國際95營所稅決定書(虛銷8%).doc.txt" 時發生錯誤, 原因: Variant does not reference an automation object
[20141107-102837 WordFileConvertSrv.exe] ERR> 轉檔作業失敗. 從 "D:\NTAKWeb\NTAK_DDQS\Exec\Manager\FileStore\鍇億國際95營所稅決定書虛銷8%.doc" 轉換至 "D:\NTAKWeb\NTAK_DDQS\Exec\ConvertArea\鍇億國際95營所稅決定書虛銷8%.doc.txt" 時發生錯誤, 原因: Variant does not reference an automation object
[20141107-102837 WordFileConvertSrv.exe] ERR> 轉檔作業失敗. 從 "D:\NTAKWeb\NTAK_DDQS\Exec\Manager\FileStore\陳麗文(第09801332號)-96年度.doc" 轉換至 "D:\NTAKWeb\NTAK_DDQS\Exec\ConvertArea\陳麗文(第09801332號)-96年度.doc.txt" 時發生錯誤, 原因: Variant does not reference an automation object
[20141107-102837 WordFileConvertSrv.exe] ERR> 轉檔作業失敗. 從 "D:\NTAKWeb\NTAK_DDQS\Exec\Manager\FileStore\黃&#28702;瑢復查決定書-海外所得.doc" 轉換至 "D:\NTAKWeb\NTAK_DDQS\Exec\ConvertArea\黃&#28702;瑢復查決定書-海外所得.doc.txt" 時發生錯誤, 原因: Variant does not reference an automation object
[20141107-102837 WordFileConvertSrv.exe] ERR> 轉檔作業失敗. 從 "D:\NTAKWeb\NTAK_DDQS\Exec\Manager\FileStore\黃鳳珠(第09703642號)-95年度.doc" 轉換至 "D:\NTAKWeb\NTAK_DDQS\Exec\ConvertArea\黃鳳珠(第09703642號)-95年度.doc.txt" 時發生錯誤, 原因: Variant does not reference an automation object
[20141107-102837 WordFileConvertSrv.exe] ERR> 轉檔作業失敗. 從 "D:\NTAKWeb\NTAK_DDQS\Exec\Manager\FileStore\&#40644;武穎決定書.doc" 轉換至 "D:\NTAKWeb\NTAK_DDQS\Exec\ConvertArea\&#40644;武穎決定書.doc.txt" 時發生錯誤, 原因: Variant does not reference an automation object
[20141107-102837 WordFileConvertSrv.exe] ERR> 轉檔作業失敗. 從 "D:\NTAKWeb\NTAK_DDQS\Exec\Manager\FileStore\09700128300.doc" 轉換至 "D:\NTAKWeb\NTAK_DDQS\Exec\ConvertArea\09700128300.doc.txt" 時發生錯誤, 原因: Variant does not reference an automation object
[20141107-102837 WordFileConvertSrv.exe] ERR> 轉檔作業失敗. 從 "D:\NTAKWeb\NTAK_DDQS\Exec\Manager\FileStore\09700398060.doc" 轉換至 "D:\NTAKWeb\NTAK_DDQS\Exec\ConvertArea\09700398060.doc.txt" 時發生錯誤, 原因: Variant does not reference an automation object
[20141107-102837 WordFileConvertSrv.exe] ERR> 轉檔作業失敗. 從 "D:\NTAKWeb\NTAK_DDQS\Exec\Manager\FileStore\1-1020924洪瑞&#23791;君96年度復查決定書-函.doc" 轉換至 "D:\NTAKWeb\NTAK_DDQS\Exec\ConvertArea\1-1020924洪瑞&#23791;君96年度復查決定書-函.doc.txt" 時發生錯誤, 原因: Variant does not reference an automation object
[20141107-102837 WordFileConvertSrv.exe] ERR> 轉檔作業失敗. 從 "D:\NTAKWeb\NTAK_DDQS\Exec\Manager\FileStore\100-2-21鍾泰營造有限公司營業稅罰鍰(復查決定書-重繕(發文).doc" 轉換至 "D:\NTAKWeb\NTAK_DDQS\Exec\ConvertArea\100-2-21鍾泰營造有限公司營業稅罰鍰(復查決定書-重繕(發文).doc.txt" 時發生錯誤, 原因: Variant does not reference an automation object
[20141107-102837 WordFileConvertSrv.exe] ERR> 轉檔作業失敗. 從 "D:\NTAKWeb\NTAK_DDQS\Exec\Manager\FileStore\100年度判字第1949號.doc" 轉換至 "D:\NTAKWeb\NTAK_DDQS\Exec\ConvertArea\100年度判字第1949號.doc.txt" 時發生錯誤, 原因: Variant does not reference an automation object
[20141107-102837 WordFileConvertSrv.exe] ERR> 轉檔作業失敗. 從 "D:\NTAKWeb\NTAK_DDQS\Exec\Manager\FileStore\100年度復查決定書稿發文.doc" 轉換至 "D:\NTAKWeb\NTAK_DDQS\Exec\ConvertArea\100年度復查決定書稿發文.doc.txt" 時發生錯誤, 原因: Variant does not reference an automation object
[20141107-102837 WordFileConvertSrv.exe] ERR> 轉檔作業失敗. 從 "D:\NTAKWeb\NTAK_DDQS\Exec\Manager\FileStore\100年度訴字第444號.doc" 轉換至 "D:\NTAKWeb\NTAK_DDQS\Exec\ConvertArea\100年度訴字第444號.doc.txt" 時發生錯誤, 原因: Variant does not reference an automation object
[20141107-102837 WordFileConvertSrv.exe] ERR> 轉檔作業失敗. 從 "D:\NTAKWeb\NTAK_DDQS\Exec\Manager\FileStore\102.4.29-陳&#28913;泰(陳吳芬釵)100年度綜所稅復查決定書.doc" 轉換至 "D:\NTAKWeb\NTAK_DDQS\Exec\ConvertArea\102.4.29-陳&#28913;泰(陳吳芬釵)100年度綜所稅復查決定書.doc.txt" 時發生錯誤, 原因: Variant does not reference an automation object
[20141107-102837 WordFileConvertSrv.exe] ERR> 轉檔作業失敗. 從 "D:\NTAKWeb\NTAK_DDQS\Exec\Manager\FileStore\10201614.doc" 轉換至 "D:\NTAKWeb\NTAK_DDQS\Exec\ConvertArea\10201614.doc.txt" 時發生錯誤, 原因: Variant does not reference an automation object
[20141107-102837 WordFileConvertSrv.exe] ERR> 轉檔作業失敗. 從 "D:\NTAKWeb\NTAK_DDQS\Exec\Manager\FileStore\1020716張孟信99年度綜所稅復查決定書(復查會決議修正).doc" 轉換至 "D:\NTAKWeb\NTAK_DDQS\Exec\ConvertArea\1020716張孟信99年度綜所稅復查決定書(復查會決議修正).doc.txt" 時發生錯誤, 原因: Variant does not reference an automation object
[20141107-102837 WordFileConvertSrv.exe] ERR> 轉檔作業失敗. 從 "D:\NTAKWeb\NTAK_DDQS\Exec\Manager\FileStore\1021030黃振銘君99年度綜所稅復查決定書.doc" 轉換至 "D:\NTAKWeb\NTAK_DDQS\Exec\ConvertArea\1021030黃振銘君99年度綜所稅復查決定書.doc.txt" 時發生錯誤, 原因: Variant does not reference an automation object
[20141107-102837 WordFileConvertSrv.exe] ERR> 轉檔作業失敗. 從 "D:\NTAKWeb\NTAK_DDQS\Exec\Manager\FileStore\103.06.23發文-黃小芳101年綜所稅決定書稿.doc" 轉換至 "D:\NTAKWeb\NTAK_DDQS\Exec\ConvertArea\103.06.23發文-黃小芳101年綜所稅決定書稿.doc.txt" 時發生錯誤, 原因: Variant does not reference an automation object
[20141107-102837 WordFileConvertSrv.exe] ERR> 轉檔作業失敗. 從 "D:\NTAKWeb\NTAK_DDQS\Exec\Manager\FileStore\103.4.25發文-陳振昌100年綜所稅決定書(罰鍰).doc" 轉換至 "D:\NTAKWeb\NTAK_DDQS\Exec\ConvertArea\103.4.25發文-陳振昌100年綜所稅決定書(罰鍰).doc.txt" 時發生錯誤, 原因: Variant does not reference an automation object
[20141107-102837 WordFileConvertSrv.exe] ERR> 轉檔作業失敗. 從 "D:\NTAKWeb\NTAK_DDQS\Exec\Manager\FileStore\10300120.doc" 轉換至 "D:\NTAKWeb\NTAK_DDQS\Exec\ConvertArea\10300120.doc.txt" 時發生錯誤, 原因: Variant does not reference an automation object
[20141107-102837 WordFileConvertSrv.exe] ERR> 轉檔作業失敗. 從 "D:\NTAKWeb\NTAK_DDQS\Exec\Manager\FileStore\1030912江昌101營所稅(漏報其他收入) 罰鍰復查決定書(發文).doc" 轉換至 "D:\NTAKWeb\NTAK_DDQS\Exec\ConvertArea\1030912江昌101營所稅(漏報其他收入) 罰鍰復查決定書(發文).doc.txt" 時發生錯誤, 原因: Variant does not reference an automation object
[20141107-102837 WordFileConvertSrv.exe] ERR> 轉檔作業失敗. 從 "D:\NTAKWeb\NTAK_DDQS\Exec\Manager\FileStore\95年度訴字第160號(2).doc" 轉換至 "D:\NTAKWeb\NTAK_DDQS\Exec\ConvertArea\95年度訴字第160號(2).doc.txt" 時發生錯誤, 原因: Variant does not reference an automation object
[20141107-102837 WordFileConvertSrv.exe] ERR> 轉檔作業失敗. 從 "D:\NTAKWeb\NTAK_DDQS\Exec\Manager\FileStore\98年度再字第37號.doc" 轉換至 "D:\NTAKWeb\NTAK_DDQS\Exec\ConvertArea\98年度再字第37號.doc.txt" 時發生錯誤, 原因: Variant does not reference an automation object
[20141107-102837 WordFileConvertSrv.exe] ERR> 轉檔作業失敗. 從 "D:\NTAKWeb\NTAK_DDQS\Exec\Manager\FileStore\98年度簡再字第13號(2).doc" 轉換至 "D:\NTAKWeb\NTAK_DDQS\Exec\ConvertArea\98年度簡再字第13號(2).doc.txt" 時發生錯誤, 原因: Variant does not reference an automation object
[20141107-102837 WordFileConvertSrv.exe] ERR> 轉檔作業失敗. 從 "D:\NTAKWeb\NTAK_DDQS\Exec\Manager\FileStore\99年度簡再字第9號.doc" 轉換至 "D:\NTAKWeb\NTAK_DDQS\Exec\ConvertArea\99年度簡再字第9號.doc.txt" 時發生錯誤, 原因: Variant does not reference an automation object
[20141107-102837 WordFileConvertSrv.exe] ERR> 轉檔作業失敗. 從 "D:\NTAKWeb\NTAK_DDQS\Exec\Manager\FileStore\IE8302100730陳景生101本稅-短報5%－更正後.doc" 轉換至 "D:\NTAKWeb\NTAK_DDQS\Exec\ConvertArea\IE8302100730陳景生101本稅-短報5%－更正後.doc.txt" 時發生錯誤, 原因: Variant does not reference an automation object
[20141107-102837 WordFileConvertSrv.exe] ERR> 轉檔作業失敗. 從 "D:\NTAKWeb\NTAK_DDQS\Exec\Manager\FileStore\JVP-LST.doc" 轉換至 "D:\NTAKWeb\NTAK_DDQS\Exec\ConvertArea\JVP-LST.doc.txt" 時發生錯誤, 原因: Variant does not reference an automation object
[20141107-102837 WordFileConvertSrv.exe] ERR> 轉檔作業失敗. 從 "D:\NTAKWeb\NTAK_DDQS\Exec\Manager\FileStore\NE0402400815邱翠蓮99罰鍰-未據實申報扣繳憑單20%-維持.doc" 轉換至 "D:\NTAKWeb\NTAK_DDQS\Exec\ConvertArea\NE0402400815邱翠蓮99罰鍰-未據實申報扣繳憑單20%-維持.doc.txt" 時發生錯誤, 原因: Variant does not reference an automation object
[20141107-102837 WordFileConvertSrv.exe] ERR> 轉檔作業失敗. 從 "D:\NTAKWeb\NTAK_DDQS\Exec\Manager\FileStore\NE0403100144章一民101年復查決定書-稿.doc" 轉換至 "D:\NTAKWeb\NTAK_DDQS\Exec\ConvertArea\NE0403100144章一民101年復查決定書-稿.doc.txt" 時發生錯誤, 原因: Variant does not reference an automation object
[20141107-102837 WordFileConvertSrv.exe] ERR> 轉檔作業失敗. 從 "D:\NTAKWeb\NTAK_DDQS\Exec\Manager\FileStore\NE8302100123莊全勝100免稅額-追減-核定.doc" 轉換至 "D:\NTAKWeb\NTAK_DDQS\Exec\ConvertArea\NE8302100123莊全勝100免稅額-追減-核定.doc.txt" 時發生錯誤, 原因: Variant does not reference an automation object
[20141107-102837 WordFileConvertSrv.exe] ERR> 轉檔作業失敗. 從 "D:\NTAKWeb\NTAK_DDQS\Exec\Manager\FileStore\NE8302400498潘&#21843;銘100罰鍰-委託他人代為申報-維持.doc" 轉換至 "D:\NTAKWeb\NTAK_DDQS\Exec\ConvertArea\NE8302400498潘&#21843;銘100罰鍰-委託他人代為申報-維持.doc.txt" 時發生錯誤, 原因: Variant does not reference an automation object
[20141107-102837 WordFileConvertSrv.exe] ERR> 轉檔作業失敗. 從 "D:\NTAKWeb\NTAK_DDQS\Exec\Manager\FileStore\何海鷗101虛列免稅額決定書(本+罰)正本.doc" 轉換至 "D:\NTAKWeb\NTAK_DDQS\Exec\ConvertArea\何海鷗101虛列免稅額決定書(本+罰)正本.doc.txt" 時發生錯誤, 原因: Variant does not reference an automation object
[20141107-102837 WordFileConvertSrv.exe] ERR> 轉檔作業失敗. 從 "D:\NTAKWeb\NTAK_DDQS\Exec\Manager\FileStore\佳勝營造(第09903392號)-94年度.doc" 轉換至 "D:\NTAKWeb\NTAK_DDQS\Exec\ConvertArea\佳勝營造(第09903392號)-94年度.doc.txt" 時發生錯誤, 原因: Variant does not reference an automation object
[20141107-102837 WordFileConvertSrv.exe] ERR> 轉檔作業失敗. 從 "D:\NTAKWeb\NTAK_DDQS\Exec\Manager\FileStore\北方之星(第09800030號)-89年度.doc" 轉換至 "D:\NTAKWeb\NTAK_DDQS\Exec\ConvertArea\北方之星(第09800030號)-89年度.doc.txt" 時發生錯誤, 原因: Variant does not reference an automation object
[20141107-102837 WordFileConvertSrv.exe] ERR> 轉檔作業失敗. 從 "D:\NTAKWeb\NTAK_DDQS\Exec\Manager\FileStore\呂冠霖(第09704361~09704365號)-91~95年度.doc" 轉換至 "D:\NTAKWeb\NTAK_DDQS\Exec\ConvertArea\呂冠霖(第09704361~09704365號)-91~95年度.doc.txt" 時發生錯誤, 原因: Variant does not reference an automation object
[20141107-102837 WordFileConvertSrv.exe] ERR> 轉檔作業失敗. 從 "D:\NTAKWeb\NTAK_DDQS\Exec\Manager\FileStore\周王金珍(第09800157號)-94年度.doc" 轉換至 "D:\NTAKWeb\NTAK_DDQS\Exec\ConvertArea\周王金珍(第09800157號)-94年度.doc.txt" 時發生錯誤, 原因: Variant does not reference an automation object
[20141107-102837 WordFileConvertSrv.exe] ERR> 轉檔作業失敗. 從 "D:\NTAKWeb\NTAK_DDQS\Exec\Manager\FileStore\廖東建(第10001282號)-98年度.doc" 轉換至 "D:\NTAKWeb\NTAK_DDQS\Exec\ConvertArea\廖東建(第10001282號)-98年度.doc.txt" 時發生錯誤, 原因: Variant does not reference an automation object
[20141107-102837 WordFileConvertSrv.exe] ERR> 轉檔作業失敗. 從 "D:\NTAKWeb\NTAK_DDQS\Exec\Manager\FileStore\廣建95營所稅決定書(虛銷8%).doc" 轉換至 "D:\NTAKWeb\NTAK_DDQS\Exec\ConvertArea\廣建95營所稅決定書(虛銷8%).doc.txt" 時發生錯誤, 原因: Variant does not reference an automation object
[20141107-102837 WordFileConvertSrv.exe] ERR> 轉檔作業失敗. 從 "D:\NTAKWeb\NTAK_DDQS\Exec\Manager\FileStore\彭宴祥(第09801703號)-96年度.doc" 轉換至 "D:\NTAKWeb\NTAK_DDQS\Exec\ConvertArea\彭宴祥(第09801703號)-96年度.doc.txt" 時發生錯誤, 原因: Variant does not reference an automation object
[20141107-102837 WordFileConvertSrv.exe] ERR> 轉檔作業失敗. 從 "D:\NTAKWeb\NTAK_DDQS\Exec\Manager\FileStore\復查決定-函洪俊良93信託營利所得-實質課稅-核課期間.doc" 轉換至 "D:\NTAKWeb\NTAK_DDQS\Exec\ConvertArea\復查決定-函洪俊良93信託營利所得-實質課稅-核課期間.doc.txt" 時發生錯誤, 原因: Variant does not reference an automation object
[20141107-102837 WordFileConvertSrv.exe] ERR> 轉檔作業失敗. 從 "D:\NTAKWeb\NTAK_DDQS\Exec\Manager\FileStore\日月光電子100年度營所稅復查決定書.doc" 轉換至 "D:\NTAKWeb\NTAK_DDQS\Exec\ConvertArea\日月光電子100年度營所稅復查決定書.doc.txt" 時發生錯誤, 原因: Variant does not reference an automation object
[20141107-102837 WordFileConvertSrv.exe] ERR> 轉檔作業失敗. 從 "D:\NTAKWeb\NTAK_DDQS\Exec\Manager\FileStore\李淑&#32137;決定書.doc" 轉換至 "D:\NTAKWeb\NTAK_DDQS\Exec\ConvertArea\李淑&#32137;決定書.doc.txt" 時發生錯誤, 原因: Variant does not reference an automation object
[20141107-102837 WordFileConvertSrv.exe] ERR> 轉檔作業失敗. 從 "D:\NTAKWeb\NTAK_DDQS\Exec\Manager\FileStore\李清 復查決定書.doc.doc" 轉換至 "D:\NTAKWeb\NTAK_DDQS\Exec\ConvertArea\李清 復查決定書.doc.doc.txt" 時發生錯誤, 原因: Variant does not reference an automation object
[20141107-102837 WordFileConvertSrv.exe] ERR> 轉檔作業失敗. 從 "D:\NTAKWeb\NTAK_DDQS\Exec\Manager\FileStore\李清&#23791;復查決定書.doc" 轉換至 "D:\NTAKWeb\NTAK_DDQS\Exec\ConvertArea\李清&#23791;復查決定書.doc.txt" 時發生錯誤, 原因: Variant does not reference an automation object
[20141107-102837 WordFileConvertSrv.exe] ERR> 轉檔作業失敗. 從 "D:\NTAKWeb\NTAK_DDQS\Exec\Manager\FileStore\林&#37979;宏決定書.doc" 轉換至 "D:\NTAKWeb\NTAK_DDQS\Exec\ConvertArea\林&#37979;宏決定書.doc.txt" 時發生錯誤, 原因: Variant does not reference an automation object
[20141107-102837 WordFileConvertSrv.exe] ERR> 轉檔作業失敗. 從 "D:\NTAKWeb\NTAK_DDQS\Exec\Manager\FileStore\林奇峰95年度復查報告確定版.doc" 轉換至 "D:\NTAKWeb\NTAK_DDQS\Exec\ConvertArea\林奇峰95年度復查報告確定版.doc.txt" 時發生錯誤, 原因: Variant does not reference an automation object
[20141107-102837 WordFileConvertSrv.exe] ERR> 轉檔作業失敗. 從 "D:\NTAKWeb\NTAK_DDQS\Exec\Manager\FileStore\林宜靜(第09903210號)-94~96年度.doc" 轉換至 "D:\NTAKWeb\NTAK_DDQS\Exec\ConvertArea\林宜靜(第09903210號)-94~96年度.doc.txt" 時發生錯誤, 原因: Variant does not reference an automation object
[20141107-102837 WordFileConvertSrv.exe] ERR> 轉檔作業失敗. 從 "D:\NTAKWeb\NTAK_DDQS\Exec\Manager\FileStore\林茂雄98年度綜合所得稅正本.doc" 轉換至 "D:\NTAKWeb\NTAK_DDQS\Exec\ConvertArea\林茂雄98年度綜合所得稅正本.doc.txt" 時發生錯誤, 原因: Variant does not reference an automation object
[20141107-102837 WordFileConvertSrv.exe] ERR> 轉檔作業失敗. 從 "D:\NTAKWeb\NTAK_DDQS\Exec\Manager\FileStore\林麗俐(第10002578號)-93年度.doc" 轉換至 "D:\NTAKWeb\NTAK_DDQS\Exec\ConvertArea\林麗俐(第10002578號)-93年度.doc.txt" 時發生錯誤, 原因: Variant does not reference an automation object
[20141107-102837 WordFileConvertSrv.exe] ERR> 轉檔作業失敗. 從 "D:\NTAKWeb\NTAK_DDQS\Exec\Manager\FileStore\楊肅泰(第09804135號)-96年度.doc" 轉換至 "D:\NTAKWeb\NTAK_DDQS\Exec\ConvertArea\楊肅泰(第09804135號)-96年度.doc.txt" 時發生錯誤, 原因: Variant does not reference an automation object
[20141107-102837 WordFileConvertSrv.exe] ERR> 轉檔作業失敗. 從 "D:\NTAKWeb\NTAK_DDQS\Exec\Manager\FileStore\歐陽建華(第09902018號)-88年度.doc" 轉換至 "D:\NTAKWeb\NTAK_DDQS\Exec\ConvertArea\歐陽建華(第09902018號)-88年度.doc.txt" 時發生錯誤, 原因: Variant does not reference an automation object
[20141107-102837 WordFileConvertSrv.exe] ERR> 轉檔作業失敗. 從 "D:\NTAKWeb\NTAK_DDQS\Exec\Manager\FileStore\武穎決~1.DOC" 轉換至 "D:\NTAKWeb\NTAK_DDQS\Exec\ConvertArea\武穎決~1.DOC.txt" 時發生錯誤, 原因: Variant does not reference an automation object
[20141107-102837 WordFileConvertSrv.exe] ERR> 轉檔作業失敗. 從 "D:\NTAKWeb\NTAK_DDQS\Exec\Manager\FileStore\潘&#21843;銘100罰鍰-委託他人代為申報-維持.doc" 轉換至 "D:\NTAKWeb\NTAK_DDQS\Exec\ConvertArea\潘&#21843;銘100罰鍰-委託他人代為申報-維持.doc.txt" 時發生錯誤, 原因: Variant does not reference an automation object
[20141107-102837 WordFileConvertSrv.exe] ERR> 轉檔作業失敗. 從 "D:\NTAKWeb\NTAK_DDQS\Exec\Manager\FileStore\王&#28702;苡101年特銷稅罰鍰決定書-函.docx" 轉換至 "D:\NTAKWeb\NTAK_DDQS\Exec\ConvertArea\王&#28702;苡101年特銷稅罰鍰決定書-函.docx.txt" 時發生錯誤, 原因: Variant does not reference an automation object
[20141107-102837 WordFileConvertSrv.exe] ERR> 轉檔作業失敗. 從 "D:\NTAKWeb\NTAK_DDQS\Exec\Manager\FileStore\白美香(第09803188號)-96年度.doc" 轉換至 "D:\NTAKWeb\NTAK_DDQS\Exec\ConvertArea\白美香(第09803188號)-96年度.doc.txt" 時發生錯誤, 原因: Variant does not reference an automation object
[20141107-102837 WordFileConvertSrv.exe] ERR> 轉檔作業失敗. 從 "D:\NTAKWeb\NTAK_DDQS\Exec\Manager\FileStore\蘇宏典(第10001702號)-95年度.doc" 轉換至 "D:\NTAKWeb\NTAK_DDQS\Exec\ConvertArea\蘇宏典(第10001702號)-95年度.doc.txt" 時發生錯誤, 原因: Variant does not reference an automation object
[20141107-102837 WordFileConvertSrv.exe] ERR> 轉檔作業失敗. 從 "D:\NTAKWeb\NTAK_DDQS\Exec\Manager\FileStore\達旺廣告(第09803394號)-95年度.doc" 轉換至 "D:\NTAKWeb\NTAK_DDQS\Exec\ConvertArea\達旺廣告(第09803394號)-95年度.doc.txt" 時發生錯誤, 原因: Variant does not reference an automation object
[20141107-102837 WordFileConvertSrv.exe] ERR> 轉檔作業失敗. 從 "D:\NTAKWeb\NTAK_DDQS\Exec\Manager\FileStore\鍇億國際95營所稅決定書(虛銷8%).doc" 轉換至 "D:\NTAKWeb\NTAK_DDQS\Exec\ConvertArea\鍇億國際95營所稅決定書(虛銷8%).doc.txt" 時發生錯誤, 原因: Variant does not reference an automation object
[20141107-102837 WordFileConvertSrv.exe] ERR> 轉檔作業失敗. 從 "D:\NTAKWeb\NTAK_DDQS\Exec\Manager\FileStore\鍇億國際95營所稅決定書虛銷8%.doc" 轉換至 "D:\NTAKWeb\NTAK_DDQS\Exec\ConvertArea\鍇億國際95營所稅決定書虛銷8%.doc.txt" 時發生錯誤, 原因: Variant does not reference an automation object
[20141107-102837 WordFileConvertSrv.exe] ERR> 轉檔作業失敗. 從 "D:\NTAKWeb\NTAK_DDQS\Exec\Manager\FileStore\陳麗文(第09801332號)-96年度.doc" 轉換至 "D:\NTAKWeb\NTAK_DDQS\Exec\ConvertArea\陳麗文(第09801332號)-96年度.doc.txt" 時發生錯誤, 原因: Variant does not reference an automation object
[20141107-102837 WordFileConvertSrv.exe] ERR> 轉檔作業失敗. 從 "D:\NTAKWeb\NTAK_DDQS\Exec\Manager\FileStore\黃&#28702;瑢復查決定書-海外所得.doc" 轉換至 "D:\NTAKWeb\NTAK_DDQS\Exec\ConvertArea\黃&#28702;瑢復查決定書-海外所得.doc.txt" 時發生錯誤, 原因: Variant does not reference an automation object
[20141107-102837 WordFileConvertSrv.exe] ERR> 轉檔作業失敗. 從 "D:\NTAKWeb\NTAK_DDQS\Exec\Manager\FileStore\黃鳳珠(第09703642號)-95年度.doc" 轉換至 "D:\NTAKWeb\NTAK_DDQS\Exec\ConvertArea\黃鳳珠(第09703642號)-95年度.doc.txt" 時發生錯誤, 原因: Variant does not reference an automation object
[20141107-102952 WordFileConvertSrv.exe] ERR> 轉檔作業失敗. 從 "D:\NTAKWeb\NTAK_DDQS\Exec\Manager\FileStore\&#40644;武穎決定書.doc" 轉換至 "D:\NTAKWeb\NTAK_DDQS\Exec\ConvertArea\&#40644;武穎決定書.doc.txt" 時發生錯誤, 原因: Variant does not reference an automation object
[20141107-102952 WordFileConvertSrv.exe] ERR> 轉檔作業失敗. 從 "D:\NTAKWeb\NTAK_DDQS\Exec\Manager\FileStore\09700128300.doc" 轉換至 "D:\NTAKWeb\NTAK_DDQS\Exec\ConvertArea\09700128300.doc.txt" 時發生錯誤, 原因: Variant does not reference an automation object
[20141107-102952 WordFileConvertSrv.exe] ERR> 轉檔作業失敗. 從 "D:\NTAKWeb\NTAK_DDQS\Exec\Manager\FileStore\09700398060.doc" 轉換至 "D:\NTAKWeb\NTAK_DDQS\Exec\ConvertArea\09700398060.doc.txt" 時發生錯誤, 原因: Variant does not reference an automation object
[20141107-102952 WordFileConvertSrv.exe] ERR> 轉檔作業失敗. 從 "D:\NTAKWeb\NTAK_DDQS\Exec\Manager\FileStore\1-1020924洪瑞&#23791;君96年度復查決定書-函.doc" 轉換至 "D:\NTAKWeb\NTAK_DDQS\Exec\ConvertArea\1-1020924洪瑞&#23791;君96年度復查決定書-函.doc.txt" 時發生錯誤, 原因: Variant does not reference an automation object
[20141107-102952 WordFileConvertSrv.exe] ERR> 轉檔作業失敗. 從 "D:\NTAKWeb\NTAK_DDQS\Exec\Manager\FileStore\100-2-21鍾泰營造有限公司營業稅罰鍰(復查決定書-重繕(發文).doc" 轉換至 "D:\NTAKWeb\NTAK_DDQS\Exec\ConvertArea\100-2-21鍾泰營造有限公司營業稅罰鍰(復查決定書-重繕(發文).doc.txt" 時發生錯誤, 原因: Variant does not reference an automation object
[20141107-102952 WordFileConvertSrv.exe] ERR> 轉檔作業失敗. 從 "D:\NTAKWeb\NTAK_DDQS\Exec\Manager\FileStore\100年度判字第1949號.doc" 轉換至 "D:\NTAKWeb\NTAK_DDQS\Exec\ConvertArea\100年度判字第1949號.doc.txt" 時發生錯誤, 原因: Variant does not reference an automation object
[20141107-102952 WordFileConvertSrv.exe] ERR> 轉檔作業失敗. 從 "D:\NTAKWeb\NTAK_DDQS\Exec\Manager\FileStore\100年度復查決定書稿發文.doc" 轉換至 "D:\NTAKWeb\NTAK_DDQS\Exec\ConvertArea\100年度復查決定書稿發文.doc.txt" 時發生錯誤, 原因: Variant does not reference an automation object
[20141107-102952 WordFileConvertSrv.exe] ERR> 轉檔作業失敗. 從 "D:\NTAKWeb\NTAK_DDQS\Exec\Manager\FileStore\100年度訴字第444號.doc" 轉換至 "D:\NTAKWeb\NTAK_DDQS\Exec\ConvertArea\100年度訴字第444號.doc.txt" 時發生錯誤, 原因: Variant does not reference an automation object
[20141107-102952 WordFileConvertSrv.exe] ERR> 轉檔作業失敗. 從 "D:\NTAKWeb\NTAK_DDQS\Exec\Manager\FileStore\102.4.29-陳&#28913;泰(陳吳芬釵)100年度綜所稅復查決定書.doc" 轉換至 "D:\NTAKWeb\NTAK_DDQS\Exec\ConvertArea\102.4.29-陳&#28913;泰(陳吳芬釵)100年度綜所稅復查決定書.doc.txt" 時發生錯誤, 原因: Variant does not reference an automation object
[20141107-102952 WordFileConvertSrv.exe] ERR> 轉檔作業失敗. 從 "D:\NTAKWeb\NTAK_DDQS\Exec\Manager\FileStore\10201614.doc" 轉換至 "D:\NTAKWeb\NTAK_DDQS\Exec\ConvertArea\10201614.doc.txt" 時發生錯誤, 原因: Variant does not reference an automation object
[20141107-102952 WordFileConvertSrv.exe] ERR> 轉檔作業失敗. 從 "D:\NTAKWeb\NTAK_DDQS\Exec\Manager\FileStore\1020716張孟信99年度綜所稅復查決定書(復查會決議修正).doc" 轉換至 "D:\NTAKWeb\NTAK_DDQS\Exec\ConvertArea\1020716張孟信99年度綜所稅復查決定書(復查會決議修正).doc.txt" 時發生錯誤, 原因: Variant does not reference an automation object
[20141107-102952 WordFileConvertSrv.exe] ERR> 轉檔作業失敗. 從 "D:\NTAKWeb\NTAK_DDQS\Exec\Manager\FileStore\1021030黃振銘君99年度綜所稅復查決定書.doc" 轉換至 "D:\NTAKWeb\NTAK_DDQS\Exec\ConvertArea\1021030黃振銘君99年度綜所稅復查決定書.doc.txt" 時發生錯誤, 原因: Variant does not reference an automation object
[20141107-102952 WordFileConvertSrv.exe] ERR> 轉檔作業失敗. 從 "D:\NTAKWeb\NTAK_DDQS\Exec\Manager\FileStore\103.06.23發文-黃小芳101年綜所稅決定書稿.doc" 轉換至 "D:\NTAKWeb\NTAK_DDQS\Exec\ConvertArea\103.06.23發文-黃小芳101年綜所稅決定書稿.doc.txt" 時發生錯誤, 原因: Variant does not reference an automation object
[20141107-102952 WordFileConvertSrv.exe] ERR> 轉檔作業失敗. 從 "D:\NTAKWeb\NTAK_DDQS\Exec\Manager\FileStore\103.4.25發文-陳振昌100年綜所稅決定書(罰鍰).doc" 轉換至 "D:\NTAKWeb\NTAK_DDQS\Exec\ConvertArea\103.4.25發文-陳振昌100年綜所稅決定書(罰鍰).doc.txt" 時發生錯誤, 原因: Variant does not reference an automation object
[20141107-102952 WordFileConvertSrv.exe] ERR> 轉檔作業失敗. 從 "D:\NTAKWeb\NTAK_DDQS\Exec\Manager\FileStore\10300120.doc" 轉換至 "D:\NTAKWeb\NTAK_DDQS\Exec\ConvertArea\10300120.doc.txt" 時發生錯誤, 原因: Variant does not reference an automation object
[20141107-102952 WordFileConvertSrv.exe] ERR> 轉檔作業失敗. 從 "D:\NTAKWeb\NTAK_DDQS\Exec\Manager\FileStore\1030912江昌101營所稅(漏報其他收入) 罰鍰復查決定書(發文).doc" 轉換至 "D:\NTAKWeb\NTAK_DDQS\Exec\ConvertArea\1030912江昌101營所稅(漏報其他收入) 罰鍰復查決定書(發文).doc.txt" 時發生錯誤, 原因: Variant does not reference an automation object
[20141107-102952 WordFileConvertSrv.exe] ERR> 轉檔作業失敗. 從 "D:\NTAKWeb\NTAK_DDQS\Exec\Manager\FileStore\95年度訴字第160號(2).doc" 轉換至 "D:\NTAKWeb\NTAK_DDQS\Exec\ConvertArea\95年度訴字第160號(2).doc.txt" 時發生錯誤, 原因: Variant does not reference an automation object
[20141107-102952 WordFileConvertSrv.exe] ERR> 轉檔作業失敗. 從 "D:\NTAKWeb\NTAK_DDQS\Exec\Manager\FileStore\98年度再字第37號.doc" 轉換至 "D:\NTAKWeb\NTAK_DDQS\Exec\ConvertArea\98年度再字第37號.doc.txt" 時發生錯誤, 原因: Variant does not reference an automation object
[20141107-102952 WordFileConvertSrv.exe] ERR> 轉檔作業失敗. 從 "D:\NTAKWeb\NTAK_DDQS\Exec\Manager\FileStore\98年度簡再字第13號(2).doc" 轉換至 "D:\NTAKWeb\NTAK_DDQS\Exec\ConvertArea\98年度簡再字第13號(2).doc.txt" 時發生錯誤, 原因: Variant does not reference an automation object
[20141107-102952 WordFileConvertSrv.exe] ERR> 轉檔作業失敗. 從 "D:\NTAKWeb\NTAK_DDQS\Exec\Manager\FileStore\99年度簡再字第9號.doc" 轉換至 "D:\NTAKWeb\NTAK_DDQS\Exec\ConvertArea\99年度簡再字第9號.doc.txt" 時發生錯誤, 原因: Variant does not reference an automation object
[20141107-102952 WordFileConvertSrv.exe] ERR> 轉檔作業失敗. 從 "D:\NTAKWeb\NTAK_DDQS\Exec\Manager\FileStore\IE8302100730陳景生101本稅-短報5%－更正後.doc" 轉換至 "D:\NTAKWeb\NTAK_DDQS\Exec\ConvertArea\IE8302100730陳景生101本稅-短報5%－更正後.doc.txt" 時發生錯誤, 原因: Variant does not reference an automation object
[20141107-102952 WordFileConvertSrv.exe] ERR> 轉檔作業失敗. 從 "D:\NTAKWeb\NTAK_DDQS\Exec\Manager\FileStore\JVP-LST.doc" 轉換至 "D:\NTAKWeb\NTAK_DDQS\Exec\ConvertArea\JVP-LST.doc.txt" 時發生錯誤, 原因: Variant does not reference an automation object
[20141107-102952 WordFileConvertSrv.exe] ERR> 轉檔作業失敗. 從 "D:\NTAKWeb\NTAK_DDQS\Exec\Manager\FileStore\NE0402400815邱翠蓮99罰鍰-未據實申報扣繳憑單20%-維持.doc" 轉換至 "D:\NTAKWeb\NTAK_DDQS\Exec\ConvertArea\NE0402400815邱翠蓮99罰鍰-未據實申報扣繳憑單20%-維持.doc.txt" 時發生錯誤, 原因: Variant does not reference an automation object
[20141107-102952 WordFileConvertSrv.exe] ERR> 轉檔作業失敗. 從 "D:\NTAKWeb\NTAK_DDQS\Exec\Manager\FileStore\NE0403100144章一民101年復查決定書-稿.doc" 轉換至 "D:\NTAKWeb\NTAK_DDQS\Exec\ConvertArea\NE0403100144章一民101年復查決定書-稿.doc.txt" 時發生錯誤, 原因: Variant does not reference an automation object
[20141107-102952 WordFileConvertSrv.exe] ERR> 轉檔作業失敗. 從 "D:\NTAKWeb\NTAK_DDQS\Exec\Manager\FileStore\NE8302100123莊全勝100免稅額-追減-核定.doc" 轉換至 "D:\NTAKWeb\NTAK_DDQS\Exec\ConvertArea\NE8302100123莊全勝100免稅額-追減-核定.doc.txt" 時發生錯誤, 原因: Variant does not reference an automation object
[20141107-102952 WordFileConvertSrv.exe] ERR> 轉檔作業失敗. 從 "D:\NTAKWeb\NTAK_DDQS\Exec\Manager\FileStore\NE8302400498潘&#21843;銘100罰鍰-委託他人代為申報-維持.doc" 轉換至 "D:\NTAKWeb\NTAK_DDQS\Exec\ConvertArea\NE8302400498潘&#21843;銘100罰鍰-委託他人代為申報-維持.doc.txt" 時發生錯誤, 原因: Variant does not reference an automation object
[20141107-102952 WordFileConvertSrv.exe] ERR> 轉檔作業失敗. 從 "D:\NTAKWeb\NTAK_DDQS\Exec\Manager\FileStore\何海鷗101虛列免稅額決定書(本+罰)正本.doc" 轉換至 "D:\NTAKWeb\NTAK_DDQS\Exec\ConvertArea\何海鷗101虛列免稅額決定書(本+罰)正本.doc.txt" 時發生錯誤, 原因: Variant does not reference an automation object
[20141107-102952 WordFileConvertSrv.exe] ERR> 轉檔作業失敗. 從 "D:\NTAKWeb\NTAK_DDQS\Exec\Manager\FileStore\佳勝營造(第09903392號)-94年度.doc" 轉換至 "D:\NTAKWeb\NTAK_DDQS\Exec\ConvertArea\佳勝營造(第09903392號)-94年度.doc.txt" 時發生錯誤, 原因: Variant does not reference an automation object
[20141107-102952 WordFileConvertSrv.exe] ERR> 轉檔作業失敗. 從 "D:\NTAKWeb\NTAK_DDQS\Exec\Manager\FileStore\劉蘋芸決定書.doc" 轉換至 "D:\NTAKWeb\NTAK_DDQS\Exec\ConvertArea\劉蘋芸決定書.doc.txt" 時發生錯誤, 原因: Variant does not reference an automation object
[20141107-102952 WordFileConvertSrv.exe] ERR> 轉檔作業失敗. 從 "D:\NTAKWeb\NTAK_DDQS\Exec\Manager\FileStore\北方之星(第09800030號)-89年度.doc" 轉換至 "D:\NTAKWeb\NTAK_DDQS\Exec\ConvertArea\北方之星(第09800030號)-89年度.doc.txt" 時發生錯誤, 原因: Variant does not reference an automation object
[20141107-102952 WordFileConvertSrv.exe] ERR> 轉檔作業失敗. 從 "D:\NTAKWeb\NTAK_DDQS\Exec\Manager\FileStore\呂冠霖(第09704361~09704365號)-91~95年度.doc" 轉換至 "D:\NTAKWeb\NTAK_DDQS\Exec\ConvertArea\呂冠霖(第09704361~09704365號)-91~95年度.doc.txt" 時發生錯誤, 原因: Variant does not reference an automation object
[20141107-102952 WordFileConvertSrv.exe] ERR> 轉檔作業失敗. 從 "D:\NTAKWeb\NTAK_DDQS\Exec\Manager\FileStore\周王金珍(第09800157號)-94年度.doc" 轉換至 "D:\NTAKWeb\NTAK_DDQS\Exec\ConvertArea\周王金珍(第09800157號)-94年度.doc.txt" 時發生錯誤, 原因: Variant does not reference an automation object
[20141107-102952 WordFileConvertSrv.exe] ERR> 轉檔作業失敗. 從 "D:\NTAKWeb\NTAK_DDQS\Exec\Manager\FileStore\廖東建(第10001282號)-98年度.doc" 轉換至 "D:\NTAKWeb\NTAK_DDQS\Exec\ConvertArea\廖東建(第10001282號)-98年度.doc.txt" 時發生錯誤, 原因: Variant does not reference an automation object
[20141107-102952 WordFileConvertSrv.exe] ERR> 轉檔作業失敗. 從 "D:\NTAKWeb\NTAK_DDQS\Exec\Manager\FileStore\廣建95營所稅決定書(虛銷8%).doc" 轉換至 "D:\NTAKWeb\NTAK_DDQS\Exec\ConvertArea\廣建95營所稅決定書(虛銷8%).doc.txt" 時發生錯誤, 原因: Variant does not reference an automation object
[20141107-102952 WordFileConvertSrv.exe] ERR> 轉檔作業失敗. 從 "D:\NTAKWeb\NTAK_DDQS\Exec\Manager\FileStore\彭宴祥(第09801703號)-96年度.doc" 轉換至 "D:\NTAKWeb\NTAK_DDQS\Exec\ConvertArea\彭宴祥(第09801703號)-96年度.doc.txt" 時發生錯誤, 原因: Variant does not reference an automation object
[20141107-102952 WordFileConvertSrv.exe] ERR> 轉檔作業失敗. 從 "D:\NTAKWeb\NTAK_DDQS\Exec\Manager\FileStore\復查決定-函洪俊良93信託營利所得-實質課稅-核課期間.doc" 轉換至 "D:\NTAKWeb\NTAK_DDQS\Exec\ConvertArea\復查決定-函洪俊良93信託營利所得-實質課稅-核課期間.doc.txt" 時發生錯誤, 原因: Variant does not reference an automation object
[20141107-102952 WordFileConvertSrv.exe] ERR> 轉檔作業失敗. 從 "D:\NTAKWeb\NTAK_DDQS\Exec\Manager\FileStore\日月光電子100年度營所稅復查決定書.doc" 轉換至 "D:\NTAKWeb\NTAK_DDQS\Exec\ConvertArea\日月光電子100年度營所稅復查決定書.doc.txt" 時發生錯誤, 原因: Variant does not reference an automation object
[20141107-102952 WordFileConvertSrv.exe] ERR> 轉檔作業失敗. 從 "D:\NTAKWeb\NTAK_DDQS\Exec\Manager\FileStore\李淑&#32137;決定書.doc" 轉換至 "D:\NTAKWeb\NTAK_DDQS\Exec\ConvertArea\李淑&#32137;決定書.doc.txt" 時發生錯誤, 原因: Variant does not reference an automation object
[20141107-102952 WordFileConvertSrv.exe] ERR> 轉檔作業失敗. 從 "D:\NTAKWeb\NTAK_DDQS\Exec\Manager\FileStore\李清 復查決定書.doc.doc" 轉換至 "D:\NTAKWeb\NTAK_DDQS\Exec\ConvertArea\李清 復查決定書.doc.doc.txt" 時發生錯誤, 原因: Variant does not reference an automation object
[20141107-102952 WordFileConvertSrv.exe] ERR> 轉檔作業失敗. 從 "D:\NTAKWeb\NTAK_DDQS\Exec\Manager\FileStore\李清&#23791;復查決定書.doc" 轉換至 "D:\NTAKWeb\NTAK_DDQS\Exec\ConvertArea\李清&#23791;復查決定書.doc.txt" 時發生錯誤, 原因: Variant does not reference an automation object
[20141107-102952 WordFileConvertSrv.exe] ERR> 轉檔作業失敗. 從 "D:\NTAKWeb\NTAK_DDQS\Exec\Manager\FileStore\林&#37979;宏決定書.doc" 轉換至 "D:\NTAKWeb\NTAK_DDQS\Exec\ConvertArea\林&#37979;宏決定書.doc.txt" 時發生錯誤, 原因: Variant does not reference an automation object
[20141107-102952 WordFileConvertSrv.exe] ERR> 轉檔作業失敗. 從 "D:\NTAKWeb\NTAK_DDQS\Exec\Manager\FileStore\林奇峰95年度復查報告確定版.doc" 轉換至 "D:\NTAKWeb\NTAK_DDQS\Exec\ConvertArea\林奇峰95年度復查報告確定版.doc.txt" 時發生錯誤, 原因: Variant does not reference an automation object
[20141107-102952 WordFileConvertSrv.exe] ERR> 轉檔作業失敗. 從 "D:\NTAKWeb\NTAK_DDQS\Exec\Manager\FileStore\林宜靜(第09903210號)-94~96年度.doc" 轉換至 "D:\NTAKWeb\NTAK_DDQS\Exec\ConvertArea\林宜靜(第09903210號)-94~96年度.doc.txt" 時發生錯誤, 原因: Variant does not reference an automation object
[20141107-102952 WordFileConvertSrv.exe] ERR> 轉檔作業失敗. 從 "D:\NTAKWeb\NTAK_DDQS\Exec\Manager\FileStore\林茂雄98年度綜合所得稅正本.doc" 轉換至 "D:\NTAKWeb\NTAK_DDQS\Exec\ConvertArea\林茂雄98年度綜合所得稅正本.doc.txt" 時發生錯誤, 原因: Variant does not reference an automation object
[20141107-102952 WordFileConvertSrv.exe] ERR> 轉檔作業失敗. 從 "D:\NTAKWeb\NTAK_DDQS\Exec\Manager\FileStore\林麗俐(第10002578號)-93年度.doc" 轉換至 "D:\NTAKWeb\NTAK_DDQS\Exec\ConvertArea\林麗俐(第10002578號)-93年度.doc.txt" 時發生錯誤, 原因: Variant does not reference an automation object
[20141107-102952 WordFileConvertSrv.exe] ERR> 轉檔作業失敗. 從 "D:\NTAKWeb\NTAK_DDQS\Exec\Manager\FileStore\楊肅泰(第09804135號)-96年度.doc" 轉換至 "D:\NTAKWeb\NTAK_DDQS\Exec\ConvertArea\楊肅泰(第09804135號)-96年度.doc.txt" 時發生錯誤, 原因: Variant does not reference an automation object
[20141107-102952 WordFileConvertSrv.exe] ERR> 轉檔作業失敗. 從 "D:\NTAKWeb\NTAK_DDQS\Exec\Manager\FileStore\歐陽建華(第09902018號)-88年度.doc" 轉換至 "D:\NTAKWeb\NTAK_DDQS\Exec\ConvertArea\歐陽建華(第09902018號)-88年度.doc.txt" 時發生錯誤, 原因: Variant does not reference an automation object
[20141107-102952 WordFileConvertSrv.exe] ERR> 轉檔作業失敗. 從 "D:\NTAKWeb\NTAK_DDQS\Exec\Manager\FileStore\武穎決~1.DOC" 轉換至 "D:\NTAKWeb\NTAK_DDQS\Exec\ConvertArea\武穎決~1.DOC.txt" 時發生錯誤, 原因: Variant does not reference an automation object
[20141107-102952 WordFileConvertSrv.exe] ERR> 轉檔作業失敗. 從 "D:\NTAKWeb\NTAK_DDQS\Exec\Manager\FileStore\潘&#21843;銘100罰鍰-委託他人代為申報-維持.doc" 轉換至 "D:\NTAKWeb\NTAK_DDQS\Exec\ConvertArea\潘&#21843;銘100罰鍰-委託他人代為申報-維持.doc.txt" 時發生錯誤, 原因: Variant does not reference an automation object
[20141107-102952 WordFileConvertSrv.exe] ERR> 轉檔作業失敗. 從 "D:\NTAKWeb\NTAK_DDQS\Exec\Manager\FileStore\王&#28702;苡101年特銷稅罰鍰決定書-函.docx" 轉換至 "D:\NTAKWeb\NTAK_DDQS\Exec\ConvertArea\王&#28702;苡101年特銷稅罰鍰決定書-函.docx.txt" 時發生錯誤, 原因: Variant does not reference an automation object
[20141107-102952 WordFileConvertSrv.exe] ERR> 轉檔作業失敗. 從 "D:\NTAKWeb\NTAK_DDQS\Exec\Manager\FileStore\白美香(第09803188號)-96年度.doc" 轉換至 "D:\NTAKWeb\NTAK_DDQS\Exec\ConvertArea\白美香(第09803188號)-96年度.doc.txt" 時發生錯誤, 原因: Variant does not reference an automation object
[20141107-102952 WordFileConvertSrv.exe] ERR> 轉檔作業失敗. 從 "D:\NTAKWeb\NTAK_DDQS\Exec\Manager\FileStore\蘇宏典(第10001702號)-95年度.doc" 轉換至 "D:\NTAKWeb\NTAK_DDQS\Exec\ConvertArea\蘇宏典(第10001702號)-95年度.doc.txt" 時發生錯誤, 原因: Variant does not reference an automation object
[20141107-102952 WordFileConvertSrv.exe] ERR> 轉檔作業失敗. 從 "D:\NTAKWeb\NTAK_DDQS\Exec\Manager\FileStore\達旺廣告(第09803394號)-95年度.doc" 轉換至 "D:\NTAKWeb\NTAK_DDQS\Exec\ConvertArea\達旺廣告(第09803394號)-95年度.doc.txt" 時發生錯誤, 原因: Variant does not reference an automation object
[20141107-102952 WordFileConvertSrv.exe] ERR> 轉檔作業失敗. 從 "D:\NTAKWeb\NTAK_DDQS\Exec\Manager\FileStore\鍇億國際95營所稅決定書(虛銷8%).doc" 轉換至 "D:\NTAKWeb\NTAK_DDQS\Exec\ConvertArea\鍇億國際95營所稅決定書(虛銷8%).doc.txt" 時發生錯誤, 原因: Variant does not reference an automation object
[20141107-102952 WordFileConvertSrv.exe] ERR> 轉檔作業失敗. 從 "D:\NTAKWeb\NTAK_DDQS\Exec\Manager\FileStore\鍇億國際95營所稅決定書虛銷8%.doc" 轉換至 "D:\NTAKWeb\NTAK_DDQS\Exec\ConvertArea\鍇億國際95營所稅決定書虛銷8%.doc.txt" 時發生錯誤, 原因: Variant does not reference an automation object
[20141107-102952 WordFileConvertSrv.exe] ERR> 轉檔作業失敗. 從 "D:\NTAKWeb\NTAK_DDQS\Exec\Manager\FileStore\陳麗文(第09801332號)-96年度.doc" 轉換至 "D:\NTAKWeb\NTAK_DDQS\Exec\ConvertArea\陳麗文(第09801332號)-96年度.doc.txt" 時發生錯誤, 原因: Variant does not reference an automation object
[20141107-102952 WordFileConvertSrv.exe] ERR> 轉檔作業失敗. 從 "D:\NTAKWeb\NTAK_DDQS\Exec\Manager\FileStore\黃&#28702;瑢復查決定書-海外所得.doc" 轉換至 "D:\NTAKWeb\NTAK_DDQS\Exec\ConvertArea\黃&#28702;瑢復查決定書-海外所得.doc.txt" 時發生錯誤, 原因: Variant does not reference an automation object
[20141107-102952 WordFileConvertSrv.exe] ERR> 轉檔作業失敗. 從 "D:\NTAKWeb\NTAK_DDQS\Exec\Manager\FileStore\黃鳳珠(第09703642號)-95年度.doc" 轉換至 "D:\NTAKWeb\NTAK_DDQS\Exec\ConvertArea\黃鳳珠(第09703642號)-95年度.doc.txt" 時發生錯誤, 原因: Variant does not reference an automation object
[20141107-103029 WordFileConvertSrv.exe] ERR> 轉檔作業失敗. 從 "D:\NTAKWeb\NTAK_DDQS\Exec\Manager\FileStore\&#40644;武穎決定書.doc" 轉換至 "D:\NTAKWeb\NTAK_DDQS\Exec\ConvertArea\&#40644;武穎決定書.doc.txt" 時發生錯誤, 原因: Variant does not reference an automation object
[20141107-103029 WordFileConvertSrv.exe] ERR> 轉檔作業失敗. 從 "D:\NTAKWeb\NTAK_DDQS\Exec\Manager\FileStore\09700128300.doc" 轉換至 "D:\NTAKWeb\NTAK_DDQS\Exec\ConvertArea\09700128300.doc.txt" 時發生錯誤, 原因: Variant does not reference an automation object
[20141107-103029 WordFileConvertSrv.exe] ERR> 轉檔作業失敗. 從 "D:\NTAKWeb\NTAK_DDQS\Exec\Manager\FileStore\09700398060.doc" 轉換至 "D:\NTAKWeb\NTAK_DDQS\Exec\ConvertArea\09700398060.doc.txt" 時發生錯誤, 原因: Variant does not reference an automation object
[20141107-103029 WordFileConvertSrv.exe] ERR> 轉檔作業失敗. 從 "D:\NTAKWeb\NTAK_DDQS\Exec\Manager\FileStore\1-1020924洪瑞&#23791;君96年度復查決定書-函.doc" 轉換至 "D:\NTAKWeb\NTAK_DDQS\Exec\ConvertArea\1-1020924洪瑞&#23791;君96年度復查決定書-函.doc.txt" 時發生錯誤, 原因: Variant does not reference an automation object
[20141107-103029 WordFileConvertSrv.exe] ERR> 轉檔作業失敗. 從 "D:\NTAKWeb\NTAK_DDQS\Exec\Manager\FileStore\100-2-21鍾泰營造有限公司營業稅罰鍰(復查決定書-重繕(發文).doc" 轉換至 "D:\NTAKWeb\NTAK_DDQS\Exec\ConvertArea\100-2-21鍾泰營造有限公司營業稅罰鍰(復查決定書-重繕(發文).doc.txt" 時發生錯誤, 原因: Variant does not reference an automation object
[20141107-103029 WordFileConvertSrv.exe] ERR> 轉檔作業失敗. 從 "D:\NTAKWeb\NTAK_DDQS\Exec\Manager\FileStore\100年度判字第1949號.doc" 轉換至 "D:\NTAKWeb\NTAK_DDQS\Exec\ConvertArea\100年度判字第1949號.doc.txt" 時發生錯誤, 原因: Variant does not reference an automation object
[20141107-103029 WordFileConvertSrv.exe] ERR> 轉檔作業失敗. 從 "D:\NTAKWeb\NTAK_DDQS\Exec\Manager\FileStore\100年度復查決定書稿發文.doc" 轉換至 "D:\NTAKWeb\NTAK_DDQS\Exec\ConvertArea\100年度復查決定書稿發文.doc.txt" 時發生錯誤, 原因: Variant does not reference an automation object
[20141107-103029 WordFileConvertSrv.exe] ERR> 轉檔作業失敗. 從 "D:\NTAKWeb\NTAK_DDQS\Exec\Manager\FileStore\100年度訴字第444號.doc" 轉換至 "D:\NTAKWeb\NTAK_DDQS\Exec\ConvertArea\100年度訴字第444號.doc.txt" 時發生錯誤, 原因: Variant does not reference an automation object
[20141107-103029 WordFileConvertSrv.exe] ERR> 轉檔作業失敗. 從 "D:\NTAKWeb\NTAK_DDQS\Exec\Manager\FileStore\102.4.29-陳&#28913;泰(陳吳芬釵)100年度綜所稅復查決定書.doc" 轉換至 "D:\NTAKWeb\NTAK_DDQS\Exec\ConvertArea\102.4.29-陳&#28913;泰(陳吳芬釵)100年度綜所稅復查決定書.doc.txt" 時發生錯誤, 原因: Variant does not reference an automation object
[20141107-103029 WordFileConvertSrv.exe] ERR> 轉檔作業失敗. 從 "D:\NTAKWeb\NTAK_DDQS\Exec\Manager\FileStore\10201614.doc" 轉換至 "D:\NTAKWeb\NTAK_DDQS\Exec\ConvertArea\10201614.doc.txt" 時發生錯誤, 原因: Variant does not reference an automation object
[20141107-103029 WordFileConvertSrv.exe] ERR> 轉檔作業失敗. 從 "D:\NTAKWeb\NTAK_DDQS\Exec\Manager\FileStore\1020716張孟信99年度綜所稅復查決定書(復查會決議修正).doc" 轉換至 "D:\NTAKWeb\NTAK_DDQS\Exec\ConvertArea\1020716張孟信99年度綜所稅復查決定書(復查會決議修正).doc.txt" 時發生錯誤, 原因: Variant does not reference an automation object
[20141107-103029 WordFileConvertSrv.exe] ERR> 轉檔作業失敗. 從 "D:\NTAKWeb\NTAK_DDQS\Exec\Manager\FileStore\1021030黃振銘君99年度綜所稅復查決定書.doc" 轉換至 "D:\NTAKWeb\NTAK_DDQS\Exec\ConvertArea\1021030黃振銘君99年度綜所稅復查決定書.doc.txt" 時發生錯誤, 原因: Variant does not reference an automation object
[20141107-103029 WordFileConvertSrv.exe] ERR> 轉檔作業失敗. 從 "D:\NTAKWeb\NTAK_DDQS\Exec\Manager\FileStore\103.06.23發文-黃小芳101年綜所稅決定書稿.doc" 轉換至 "D:\NTAKWeb\NTAK_DDQS\Exec\ConvertArea\103.06.23發文-黃小芳101年綜所稅決定書稿.doc.txt" 時發生錯誤, 原因: Variant does not reference an automation object
[20141107-103029 WordFileConvertSrv.exe] ERR> 轉檔作業失敗. 從 "D:\NTAKWeb\NTAK_DDQS\Exec\Manager\FileStore\103.4.25發文-陳振昌100年綜所稅決定書(罰鍰).doc" 轉換至 "D:\NTAKWeb\NTAK_DDQS\Exec\ConvertArea\103.4.25發文-陳振昌100年綜所稅決定書(罰鍰).doc.txt" 時發生錯誤, 原因: Variant does not reference an automation object
[20141107-103029 WordFileConvertSrv.exe] ERR> 轉檔作業失敗. 從 "D:\NTAKWeb\NTAK_DDQS\Exec\Manager\FileStore\10300120.doc" 轉換至 "D:\NTAKWeb\NTAK_DDQS\Exec\ConvertArea\10300120.doc.txt" 時發生錯誤, 原因: Variant does not reference an automation object
[20141107-103029 WordFileConvertSrv.exe] ERR> 轉檔作業失敗. 從 "D:\NTAKWeb\NTAK_DDQS\Exec\Manager\FileStore\1030912江昌101營所稅(漏報其他收入) 罰鍰復查決定書(發文).doc" 轉換至 "D:\NTAKWeb\NTAK_DDQS\Exec\ConvertArea\1030912江昌101營所稅(漏報其他收入) 罰鍰復查決定書(發文).doc.txt" 時發生錯誤, 原因: Variant does not reference an automation object
[20141107-103029 WordFileConvertSrv.exe] ERR> 轉檔作業失敗. 從 "D:\NTAKWeb\NTAK_DDQS\Exec\Manager\FileStore\95年度訴字第160號(2).doc" 轉換至 "D:\NTAKWeb\NTAK_DDQS\Exec\ConvertArea\95年度訴字第160號(2).doc.txt" 時發生錯誤, 原因: Variant does not reference an automation object
[20141107-103029 WordFileConvertSrv.exe] ERR> 轉檔作業失敗. 從 "D:\NTAKWeb\NTAK_DDQS\Exec\Manager\FileStore\98年度再字第37號.doc" 轉換至 "D:\NTAKWeb\NTAK_DDQS\Exec\ConvertArea\98年度再字第37號.doc.txt" 時發生錯誤, 原因: Variant does not reference an automation object
[20141107-103029 WordFileConvertSrv.exe] ERR> 轉檔作業失敗. 從 "D:\NTAKWeb\NTAK_DDQS\Exec\Manager\FileStore\98年度簡再字第13號(2).doc" 轉換至 "D:\NTAKWeb\NTAK_DDQS\Exec\ConvertArea\98年度簡再字第13號(2).doc.txt" 時發生錯誤, 原因: Variant does not reference an automation object
[20141107-103029 WordFileConvertSrv.exe] ERR> 轉檔作業失敗. 從 "D:\NTAKWeb\NTAK_DDQS\Exec\Manager\FileStore\99年度簡再字第9號.doc" 轉換至 "D:\NTAKWeb\NTAK_DDQS\Exec\ConvertArea\99年度簡再字第9號.doc.txt" 時發生錯誤, 原因: Variant does not reference an automation object
[20141107-103029 WordFileConvertSrv.exe] ERR> 轉檔作業失敗. 從 "D:\NTAKWeb\NTAK_DDQS\Exec\Manager\FileStore\IE8302100730陳景生101本稅-短報5%－更正後.doc" 轉換至 "D:\NTAKWeb\NTAK_DDQS\Exec\ConvertArea\IE8302100730陳景生101本稅-短報5%－更正後.doc.txt" 時發生錯誤, 原因: Variant does not reference an automation object
[20141107-103029 WordFileConvertSrv.exe] ERR> 轉檔作業失敗. 從 "D:\NTAKWeb\NTAK_DDQS\Exec\Manager\FileStore\JVP-LST.doc" 轉換至 "D:\NTAKWeb\NTAK_DDQS\Exec\ConvertArea\JVP-LST.doc.txt" 時發生錯誤, 原因: Variant does not reference an automation object
[20141107-103029 WordFileConvertSrv.exe] ERR> 轉檔作業失敗. 從 "D:\NTAKWeb\NTAK_DDQS\Exec\Manager\FileStore\NE0402400815邱翠蓮99罰鍰-未據實申報扣繳憑單20%-維持.doc" 轉換至 "D:\NTAKWeb\NTAK_DDQS\Exec\ConvertArea\NE0402400815邱翠蓮99罰鍰-未據實申報扣繳憑單20%-維持.doc.txt" 時發生錯誤, 原因: Variant does not reference an automation object
[20141107-103029 WordFileConvertSrv.exe] ERR> 轉檔作業失敗. 從 "D:\NTAKWeb\NTAK_DDQS\Exec\Manager\FileStore\NE0403100144章一民101年復查決定書-稿.doc" 轉換至 "D:\NTAKWeb\NTAK_DDQS\Exec\ConvertArea\NE0403100144章一民101年復查決定書-稿.doc.txt" 時發生錯誤, 原因: Variant does not reference an automation object
[20141107-103029 WordFileConvertSrv.exe] ERR> 轉檔作業失敗. 從 "D:\NTAKWeb\NTAK_DDQS\Exec\Manager\FileStore\NE8302100123莊全勝100免稅額-追減-核定.doc" 轉換至 "D:\NTAKWeb\NTAK_DDQS\Exec\ConvertArea\NE8302100123莊全勝100免稅額-追減-核定.doc.txt" 時發生錯誤, 原因: Variant does not reference an automation object
[20141107-103029 WordFileConvertSrv.exe] ERR> 轉檔作業失敗. 從 "D:\NTAKWeb\NTAK_DDQS\Exec\Manager\FileStore\NE8302400498潘&#21843;銘100罰鍰-委託他人代為申報-維持.doc" 轉換至 "D:\NTAKWeb\NTAK_DDQS\Exec\ConvertArea\NE8302400498潘&#21843;銘100罰鍰-委託他人代為申報-維持.doc.txt" 時發生錯誤, 原因: Variant does not reference an automation object
[20141107-103029 WordFileConvertSrv.exe] ERR> 轉檔作業失敗. 從 "D:\NTAKWeb\NTAK_DDQS\Exec\Manager\FileStore\何海鷗101虛列免稅額決定書(本+罰)正本.doc" 轉換至 "D:\NTAKWeb\NTAK_DDQS\Exec\ConvertArea\何海鷗101虛列免稅額決定書(本+罰)正本.doc.txt" 時發生錯誤, 原因: Variant does not reference an automation object
[20141107-103029 WordFileConvertSrv.exe] ERR> 轉檔作業失敗. 從 "D:\NTAKWeb\NTAK_DDQS\Exec\Manager\FileStore\佳勝營造(第09903392號)-94年度.doc" 轉換至 "D:\NTAKWeb\NTAK_DDQS\Exec\ConvertArea\佳勝營造(第09903392號)-94年度.doc.txt" 時發生錯誤, 原因: Variant does not reference an automation object
[20141107-103029 WordFileConvertSrv.exe] ERR> 轉檔作業失敗. 從 "D:\NTAKWeb\NTAK_DDQS\Exec\Manager\FileStore\北方之星(第09800030號)-89年度.doc" 轉換至 "D:\NTAKWeb\NTAK_DDQS\Exec\ConvertArea\北方之星(第09800030號)-89年度.doc.txt" 時發生錯誤, 原因: Variant does not reference an automation object
[20141107-103029 WordFileConvertSrv.exe] ERR> 轉檔作業失敗. 從 "D:\NTAKWeb\NTAK_DDQS\Exec\Manager\FileStore\呂冠霖(第09704361~09704365號)-91~95年度.doc" 轉換至 "D:\NTAKWeb\NTAK_DDQS\Exec\ConvertArea\呂冠霖(第09704361~09704365號)-91~95年度.doc.txt" 時發生錯誤, 原因: Variant does not reference an automation object
[20141107-103029 WordFileConvertSrv.exe] ERR> 轉檔作業失敗. 從 "D:\NTAKWeb\NTAK_DDQS\Exec\Manager\FileStore\周王金珍(第09800157號)-94年度.doc" 轉換至 "D:\NTAKWeb\NTAK_DDQS\Exec\ConvertArea\周王金珍(第09800157號)-94年度.doc.txt" 時發生錯誤, 原因: Variant does not reference an automation object
[20141107-103029 WordFileConvertSrv.exe] ERR> 轉檔作業失敗. 從 "D:\NTAKWeb\NTAK_DDQS\Exec\Manager\FileStore\廖東建(第10001282號)-98年度.doc" 轉換至 "D:\NTAKWeb\NTAK_DDQS\Exec\ConvertArea\廖東建(第10001282號)-98年度.doc.txt" 時發生錯誤, 原因: Variant does not reference an automation object
[20141107-103029 WordFileConvertSrv.exe] ERR> 轉檔作業失敗. 從 "D:\NTAKWeb\NTAK_DDQS\Exec\Manager\FileStore\廣建95營所稅決定書(虛銷8%).doc" 轉換至 "D:\NTAKWeb\NTAK_DDQS\Exec\ConvertArea\廣建95營所稅決定書(虛銷8%).doc.txt" 時發生錯誤, 原因: Variant does not reference an automation object
[20141107-103029 WordFileConvertSrv.exe] ERR> 轉檔作業失敗. 從 "D:\NTAKWeb\NTAK_DDQS\Exec\Manager\FileStore\彭宴祥(第09801703號)-96年度.doc" 轉換至 "D:\NTAKWeb\NTAK_DDQS\Exec\ConvertArea\彭宴祥(第09801703號)-96年度.doc.txt" 時發生錯誤, 原因: Variant does not reference an automation object
[20141107-103029 WordFileConvertSrv.exe] ERR> 轉檔作業失敗. 從 "D:\NTAKWeb\NTAK_DDQS\Exec\Manager\FileStore\復查決定-函洪俊良93信託營利所得-實質課稅-核課期間.doc" 轉換至 "D:\NTAKWeb\NTAK_DDQS\Exec\ConvertArea\復查決定-函洪俊良93信託營利所得-實質課稅-核課期間.doc.txt" 時發生錯誤, 原因: Variant does not reference an automation object
[20141107-103029 WordFileConvertSrv.exe] ERR> 轉檔作業失敗. 從 "D:\NTAKWeb\NTAK_DDQS\Exec\Manager\FileStore\日月光電子100年度營所稅復查決定書.doc" 轉換至 "D:\NTAKWeb\NTAK_DDQS\Exec\ConvertArea\日月光電子100年度營所稅復查決定書.doc.txt" 時發生錯誤, 原因: Variant does not reference an automation object
[20141107-103029 WordFileConvertSrv.exe] ERR> 轉檔作業失敗. 從 "D:\NTAKWeb\NTAK_DDQS\Exec\Manager\FileStore\李淑&#32137;決定書.doc" 轉換至 "D:\NTAKWeb\NTAK_DDQS\Exec\ConvertArea\李淑&#32137;決定書.doc.txt" 時發生錯誤, 原因: Variant does not reference an automation object
[20141107-103029 WordFileConvertSrv.exe] ERR> 轉檔作業失敗. 從 "D:\NTAKWeb\NTAK_DDQS\Exec\Manager\FileStore\李清 復查決定書.doc.doc" 轉換至 "D:\NTAKWeb\NTAK_DDQS\Exec\ConvertArea\李清 復查決定書.doc.doc.txt" 時發生錯誤, 原因: Variant does not reference an automation object
[20141107-103029 WordFileConvertSrv.exe] ERR> 轉檔作業失敗. 從 "D:\NTAKWeb\NTAK_DDQS\Exec\Manager\FileStore\李清&#23791;復查決定書.doc" 轉換至 "D:\NTAKWeb\NTAK_DDQS\Exec\ConvertArea\李清&#23791;復查決定書.doc.txt" 時發生錯誤, 原因: Variant does not reference an automation object
[20141107-103029 WordFileConvertSrv.exe] ERR> 轉檔作業失敗. 從 "D:\NTAKWeb\NTAK_DDQS\Exec\Manager\FileStore\林&#37979;宏決定書.doc" 轉換至 "D:\NTAKWeb\NTAK_DDQS\Exec\ConvertArea\林&#37979;宏決定書.doc.txt" 時發生錯誤, 原因: Variant does not reference an automation object
[20141107-103029 WordFileConvertSrv.exe] ERR> 轉檔作業失敗. 從 "D:\NTAKWeb\NTAK_DDQS\Exec\Manager\FileStore\林奇峰95年度復查報告確定版.doc" 轉換至 "D:\NTAKWeb\NTAK_DDQS\Exec\ConvertArea\林奇峰95年度復查報告確定版.doc.txt" 時發生錯誤, 原因: Variant does not reference an automation object
[20141107-103029 WordFileConvertSrv.exe] ERR> 轉檔作業失敗. 從 "D:\NTAKWeb\NTAK_DDQS\Exec\Manager\FileStore\林宜靜(第09903210號)-94~96年度.doc" 轉換至 "D:\NTAKWeb\NTAK_DDQS\Exec\ConvertArea\林宜靜(第09903210號)-94~96年度.doc.txt" 時發生錯誤, 原因: Variant does not reference an automation object
[20141107-103029 WordFileConvertSrv.exe] ERR> 轉檔作業失敗. 從 "D:\NTAKWeb\NTAK_DDQS\Exec\Manager\FileStore\林茂雄98年度綜合所得稅正本.doc" 轉換至 "D:\NTAKWeb\NTAK_DDQS\Exec\ConvertArea\林茂雄98年度綜合所得稅正本.doc.txt" 時發生錯誤, 原因: Variant does not reference an automation object
[20141107-103029 WordFileConvertSrv.exe] ERR> 轉檔作業失敗. 從 "D:\NTAKWeb\NTAK_DDQS\Exec\Manager\FileStore\林麗俐(第10002578號)-93年度.doc" 轉換至 "D:\NTAKWeb\NTAK_DDQS\Exec\ConvertArea\林麗俐(第10002578號)-93年度.doc.txt" 時發生錯誤, 原因: Variant does not reference an automation object
[20141107-103029 WordFileConvertSrv.exe] ERR> 轉檔作業失敗. 從 "D:\NTAKWeb\NTAK_DDQS\Exec\Manager\FileStore\楊肅泰(第09804135號)-96年度.doc" 轉換至 "D:\NTAKWeb\NTAK_DDQS\Exec\ConvertArea\楊肅泰(第09804135號)-96年度.doc.txt" 時發生錯誤, 原因: Variant does not reference an automation object
[20141107-103029 WordFileConvertSrv.exe] ERR> 轉檔作業失敗. 從 "D:\NTAKWeb\NTAK_DDQS\Exec\Manager\FileStore\歐陽建華(第09902018號)-88年度.doc" 轉換至 "D:\NTAKWeb\NTAK_DDQS\Exec\ConvertArea\歐陽建華(第09902018號)-88年度.doc.txt" 時發生錯誤, 原因: Variant does not reference an automation object
[20141107-103029 WordFileConvertSrv.exe] ERR> 轉檔作業失敗. 從 "D:\NTAKWeb\NTAK_DDQS\Exec\Manager\FileStore\武穎決~1.DOC" 轉換至 "D:\NTAKWeb\NTAK_DDQS\Exec\ConvertArea\武穎決~1.DOC.txt" 時發生錯誤, 原因: Variant does not reference an automation object
[20141107-103029 WordFileConvertSrv.exe] ERR> 轉檔作業失敗. 從 "D:\NTAKWeb\NTAK_DDQS\Exec\Manager\FileStore\潘&#21843;銘100罰鍰-委託他人代為申報-維持.doc" 轉換至 "D:\NTAKWeb\NTAK_DDQS\Exec\ConvertArea\潘&#21843;銘100罰鍰-委託他人代為申報-維持.doc.txt" 時發生錯誤, 原因: Variant does not reference an automation object
[20141107-103029 WordFileConvertSrv.exe] ERR> 轉檔作業失敗. 從 "D:\NTAKWeb\NTAK_DDQS\Exec\Manager\FileStore\王&#28702;苡101年特銷稅罰鍰決定書-函.docx" 轉換至 "D:\NTAKWeb\NTAK_DDQS\Exec\ConvertArea\王&#28702;苡101年特銷稅罰鍰決定書-函.docx.txt" 時發生錯誤, 原因: Variant does not reference an automation object
[20141107-103029 WordFileConvertSrv.exe] ERR> 轉檔作業失敗. 從 "D:\NTAKWeb\NTAK_DDQS\Exec\Manager\FileStore\白美香(第09803188號)-96年度.doc" 轉換至 "D:\NTAKWeb\NTAK_DDQS\Exec\ConvertArea\白美香(第09803188號)-96年度.doc.txt" 時發生錯誤, 原因: Variant does not reference an automation object
[20141107-103029 WordFileConvertSrv.exe] ERR> 轉檔作業失敗. 從 "D:\NTAKWeb\NTAK_DDQS\Exec\Manager\FileStore\蘇宏典(第10001702號)-95年度.doc" 轉換至 "D:\NTAKWeb\NTAK_DDQS\Exec\ConvertArea\蘇宏典(第10001702號)-95年度.doc.txt" 時發生錯誤, 原因: Variant does not reference an automation object
[20141107-103029 WordFileConvertSrv.exe] ERR> 轉檔作業失敗. 從 "D:\NTAKWeb\NTAK_DDQS\Exec\Manager\FileStore\達旺廣告(第09803394號)-95年度.doc" 轉換至 "D:\NTAKWeb\NTAK_DDQS\Exec\ConvertArea\達旺廣告(第09803394號)-95年度.doc.txt" 時發生錯誤, 原因: Variant does not reference an automation object
[20141107-103029 WordFileConvertSrv.exe] ERR> 轉檔作業失敗. 從 "D:\NTAKWeb\NTAK_DDQS\Exec\Manager\FileStore\鍇億國際95營所稅決定書(虛銷8%).doc" 轉換至 "D:\NTAKWeb\NTAK_DDQS\Exec\ConvertArea\鍇億國際95營所稅決定書(虛銷8%).doc.txt" 時發生錯誤, 原因: Variant does not reference an automation object
[20141107-103029 WordFileConvertSrv.exe] ERR> 轉檔作業失敗. 從 "D:\NTAKWeb\NTAK_DDQS\Exec\Manager\FileStore\鍇億國際95營所稅決定書虛銷8%.doc" 轉換至 "D:\NTAKWeb\NTAK_DDQS\Exec\ConvertArea\鍇億國際95營所稅決定書虛銷8%.doc.txt" 時發生錯誤, 原因: Variant does not reference an automation object
[20141107-103029 WordFileConvertSrv.exe] ERR> 轉檔作業失敗. 從 "D:\NTAKWeb\NTAK_DDQS\Exec\Manager\FileStore\陳麗文(第09801332號)-96年度.doc" 轉換至 "D:\NTAKWeb\NTAK_DDQS\Exec\ConvertArea\陳麗文(第09801332號)-96年度.doc.txt" 時發生錯誤, 原因: Variant does not reference an automation object
[20141107-103029 WordFileConvertSrv.exe] ERR> 轉檔作業失敗. 從 "D:\NTAKWeb\NTAK_DDQS\Exec\Manager\FileStore\黃&#28702;瑢復查決定書-海外所得.doc" 轉換至 "D:\NTAKWeb\NTAK_DDQS\Exec\ConvertArea\黃&#28702;瑢復查決定書-海外所得.doc.txt" 時發生錯誤, 原因: Variant does not reference an automation object
[20141107-103029 WordFileConvertSrv.exe] ERR> 轉檔作業失敗. 從 "D:\NTAKWeb\NTAK_DDQS\Exec\Manager\FileStore\黃鳳珠(第09703642號)-95年度.doc" 轉換至 "D:\NTAKWeb\NTAK_DDQS\Exec\ConvertArea\黃鳳珠(第09703642號)-95年度.doc.txt" 時發生錯誤, 原因: Variant does not reference an automation object
[20141107-103029 WordFileConvertSrv.exe] ERR> 轉檔作業失敗. 從 "D:\NTAKWeb\NTAK_DDQS\Exec\Manager\FileStore\&#40644;武穎決定書.doc" 轉換至 "D:\NTAKWeb\NTAK_DDQS\Exec\ConvertArea\&#40644;武穎決定書.doc.txt" 時發生錯誤, 原因: Variant does not reference an automation object
[20141107-103029 WordFileConvertSrv.exe] ERR> 轉檔作業失敗. 從 "D:\NTAKWeb\NTAK_DDQS\Exec\Manager\FileStore\09700128300.doc" 轉換至 "D:\NTAKWeb\NTAK_DDQS\Exec\ConvertArea\09700128300.doc.txt" 時發生錯誤, 原因: Variant does not reference an automation object
[20141107-103029 WordFileConvertSrv.exe] ERR> 轉檔作業失敗. 從 "D:\NTAKWeb\NTAK_DDQS\Exec\Manager\FileStore\09700398060.doc" 轉換至 "D:\NTAKWeb\NTAK_DDQS\Exec\ConvertArea\09700398060.doc.txt" 時發生錯誤, 原因: Variant does not reference an automation object
[20141107-103029 WordFileConvertSrv.exe] ERR> 轉檔作業失敗. 從 "D:\NTAKWeb\NTAK_DDQS\Exec\Manager\FileStore\1-1020924洪瑞&#23791;君96年度復查決定書-函.doc" 轉換至 "D:\NTAKWeb\NTAK_DDQS\Exec\ConvertArea\1-1020924洪瑞&#23791;君96年度復查決定書-函.doc.txt" 時發生錯誤, 原因: Variant does not reference an automation object
[20141107-103029 WordFileConvertSrv.exe] ERR> 轉檔作業失敗. 從 "D:\NTAKWeb\NTAK_DDQS\Exec\Manager\FileStore\100-2-21鍾泰營造有限公司營業稅罰鍰(復查決定書-重繕(發文).doc" 轉換至 "D:\NTAKWeb\NTAK_DDQS\Exec\ConvertArea\100-2-21鍾泰營造有限公司營業稅罰鍰(復查決定書-重繕(發文).doc.txt" 時發生錯誤, 原因: Variant does not reference an automation object
[20141107-103029 WordFileConvertSrv.exe] ERR> 轉檔作業失敗. 從 "D:\NTAKWeb\NTAK_DDQS\Exec\Manager\FileStore\100年度判字第1949號.doc" 轉換至 "D:\NTAKWeb\NTAK_DDQS\Exec\ConvertArea\100年度判字第1949號.doc.txt" 時發生錯誤, 原因: Variant does not reference an automation object
[20141107-103029 WordFileConvertSrv.exe] ERR> 轉檔作業失敗. 從 "D:\NTAKWeb\NTAK_DDQS\Exec\Manager\FileStore\100年度復查決定書稿發文.doc" 轉換至 "D:\NTAKWeb\NTAK_DDQS\Exec\ConvertArea\100年度復查決定書稿發文.doc.txt" 時發生錯誤, 原因: Variant does not reference an automation object
[20141107-103029 WordFileConvertSrv.exe] ERR> 轉檔作業失敗. 從 "D:\NTAKWeb\NTAK_DDQS\Exec\Manager\FileStore\100年度訴字第444號.doc" 轉換至 "D:\NTAKWeb\NTAK_DDQS\Exec\ConvertArea\100年度訴字第444號.doc.txt" 時發生錯誤, 原因: Variant does not reference an automation object
[20141107-103029 WordFileConvertSrv.exe] ERR> 轉檔作業失敗. 從 "D:\NTAKWeb\NTAK_DDQS\Exec\Manager\FileStore\102.4.29-陳&#28913;泰(陳吳芬釵)100年度綜所稅復查決定書.doc" 轉換至 "D:\NTAKWeb\NTAK_DDQS\Exec\ConvertArea\102.4.29-陳&#28913;泰(陳吳芬釵)100年度綜所稅復查決定書.doc.txt" 時發生錯誤, 原因: Variant does not reference an automation object
[20141107-103029 WordFileConvertSrv.exe] ERR> 轉檔作業失敗. 從 "D:\NTAKWeb\NTAK_DDQS\Exec\Manager\FileStore\10201614.doc" 轉換至 "D:\NTAKWeb\NTAK_DDQS\Exec\ConvertArea\10201614.doc.txt" 時發生錯誤, 原因: Variant does not reference an automation object
[20141107-103029 WordFileConvertSrv.exe] ERR> 轉檔作業失敗. 從 "D:\NTAKWeb\NTAK_DDQS\Exec\Manager\FileStore\1020716張孟信99年度綜所稅復查決定書(復查會決議修正).doc" 轉換至 "D:\NTAKWeb\NTAK_DDQS\Exec\ConvertArea\1020716張孟信99年度綜所稅復查決定書(復查會決議修正).doc.txt" 時發生錯誤, 原因: Variant does not reference an automation object
[20141107-103029 WordFileConvertSrv.exe] ERR> 轉檔作業失敗. 從 "D:\NTAKWeb\NTAK_DDQS\Exec\Manager\FileStore\1021030黃振銘君99年度綜所稅復查決定書.doc" 轉換至 "D:\NTAKWeb\NTAK_DDQS\Exec\ConvertArea\1021030黃振銘君99年度綜所稅復查決定書.doc.txt" 時發生錯誤, 原因: Variant does not reference an automation object
[20141107-103029 WordFileConvertSrv.exe] ERR> 轉檔作業失敗. 從 "D:\NTAKWeb\NTAK_DDQS\Exec\Manager\FileStore\103.06.23發文-黃小芳101年綜所稅決定書稿.doc" 轉換至 "D:\NTAKWeb\NTAK_DDQS\Exec\ConvertArea\103.06.23發文-黃小芳101年綜所稅決定書稿.doc.txt" 時發生錯誤, 原因: Variant does not reference an automation object
[20141107-103029 WordFileConvertSrv.exe] ERR> 轉檔作業失敗. 從 "D:\NTAKWeb\NTAK_DDQS\Exec\Manager\FileStore\103.4.25發文-陳振昌100年綜所稅決定書(罰鍰).doc" 轉換至 "D:\NTAKWeb\NTAK_DDQS\Exec\ConvertArea\103.4.25發文-陳振昌100年綜所稅決定書(罰鍰).doc.txt" 時發生錯誤, 原因: Variant does not reference an automation object
[20141107-103029 WordFileConvertSrv.exe] ERR> 轉檔作業失敗. 從 "D:\NTAKWeb\NTAK_DDQS\Exec\Manager\FileStore\10300120.doc" 轉換至 "D:\NTAKWeb\NTAK_DDQS\Exec\ConvertArea\10300120.doc.txt" 時發生錯誤, 原因: Variant does not reference an automation object
[20141107-103029 WordFileConvertSrv.exe] ERR> 轉檔作業失敗. 從 "D:\NTAKWeb\NTAK_DDQS\Exec\Manager\FileStore\1030912江昌101營所稅(漏報其他收入) 罰鍰復查決定書(發文).doc" 轉換至 "D:\NTAKWeb\NTAK_DDQS\Exec\ConvertArea\1030912江昌101營所稅(漏報其他收入) 罰鍰復查決定書(發文).doc.txt" 時發生錯誤, 原因: Variant does not reference an automation object
[20141107-103029 WordFileConvertSrv.exe] ERR> 轉檔作業失敗. 從 "D:\NTAKWeb\NTAK_DDQS\Exec\Manager\FileStore\95年度訴字第160號(2).doc" 轉換至 "D:\NTAKWeb\NTAK_DDQS\Exec\ConvertArea\95年度訴字第160號(2).doc.txt" 時發生錯誤, 原因: Variant does not reference an automation object
[20141107-103029 WordFileConvertSrv.exe] ERR> 轉檔作業失敗. 從 "D:\NTAKWeb\NTAK_DDQS\Exec\Manager\FileStore\98年度再字第37號.doc" 轉換至 "D:\NTAKWeb\NTAK_DDQS\Exec\ConvertArea\98年度再字第37號.doc.txt" 時發生錯誤, 原因: Variant does not reference an automation object
[20141107-103029 WordFileConvertSrv.exe] ERR> 轉檔作業失敗. 從 "D:\NTAKWeb\NTAK_DDQS\Exec\Manager\FileStore\98年度簡再字第13號(2).doc" 轉換至 "D:\NTAKWeb\NTAK_DDQS\Exec\ConvertArea\98年度簡再字第13號(2).doc.txt" 時發生錯誤, 原因: Variant does not reference an automation object
[20141107-103029 WordFileConvertSrv.exe] ERR> 轉檔作業失敗. 從 "D:\NTAKWeb\NTAK_DDQS\Exec\Manager\FileStore\99年度簡再字第9號.doc" 轉換至 "D:\NTAKWeb\NTAK_DDQS\Exec\ConvertArea\99年度簡再字第9號.doc.txt" 時發生錯誤, 原因: Variant does not reference an automation object
[20141107-103029 WordFileConvertSrv.exe] ERR> 轉檔作業失敗. 從 "D:\NTAKWeb\NTAK_DDQS\Exec\Manager\FileStore\IE8302100730陳景生101本稅-短報5%－更正後.doc" 轉換至 "D:\NTAKWeb\NTAK_DDQS\Exec\ConvertArea\IE8302100730陳景生101本稅-短報5%－更正後.doc.txt" 時發生錯誤, 原因: Variant does not reference an automation object
[20141107-103029 WordFileConvertSrv.exe] ERR> 轉檔作業失敗. 從 "D:\NTAKWeb\NTAK_DDQS\Exec\Manager\FileStore\JVP-LST.doc" 轉換至 "D:\NTAKWeb\NTAK_DDQS\Exec\ConvertArea\JVP-LST.doc.txt" 時發生錯誤, 原因: Variant does not reference an automation object
[20141107-103029 WordFileConvertSrv.exe] ERR> 轉檔作業失敗. 從 "D:\NTAKWeb\NTAK_DDQS\Exec\Manager\FileStore\NE0402400815邱翠蓮99罰鍰-未據實申報扣繳憑單20%-維持.doc" 轉換至 "D:\NTAKWeb\NTAK_DDQS\Exec\ConvertArea\NE0402400815邱翠蓮99罰鍰-未據實申報扣繳憑單20%-維持.doc.txt" 時發生錯誤, 原因: Variant does not reference an automation object
[20141107-103029 WordFileConvertSrv.exe] ERR> 轉檔作業失敗. 從 "D:\NTAKWeb\NTAK_DDQS\Exec\Manager\FileStore\NE0403100144章一民101年復查決定書-稿.doc" 轉換至 "D:\NTAKWeb\NTAK_DDQS\Exec\ConvertArea\NE0403100144章一民101年復查決定書-稿.doc.txt" 時發生錯誤, 原因: Variant does not reference an automation object
[20141107-103029 WordFileConvertSrv.exe] ERR> 轉檔作業失敗. 從 "D:\NTAKWeb\NTAK_DDQS\Exec\Manager\FileStore\NE8302100123莊全勝100免稅額-追減-核定.doc" 轉換至 "D:\NTAKWeb\NTAK_DDQS\Exec\ConvertArea\NE8302100123莊全勝100免稅額-追減-核定.doc.txt" 時發生錯誤, 原因: Variant does not reference an automation object
[20141107-103029 WordFileConvertSrv.exe] ERR> 轉檔作業失敗. 從 "D:\NTAKWeb\NTAK_DDQS\Exec\Manager\FileStore\NE8302400498潘&#21843;銘100罰鍰-委託他人代為申報-維持.doc" 轉換至 "D:\NTAKWeb\NTAK_DDQS\Exec\ConvertArea\NE8302400498潘&#21843;銘100罰鍰-委託他人代為申報-維持.doc.txt" 時發生錯誤, 原因: Variant does not reference an automation object
[20141107-103029 WordFileConvertSrv.exe] ERR> 轉檔作業失敗. 從 "D:\NTAKWeb\NTAK_DDQS\Exec\Manager\FileStore\何海鷗101虛列免稅額決定書(本+罰)正本.doc" 轉換至 "D:\NTAKWeb\NTAK_DDQS\Exec\ConvertArea\何海鷗101虛列免稅額決定書(本+罰)正本.doc.txt" 時發生錯誤, 原因: Variant does not reference an automation object
[20141107-103029 WordFileConvertSrv.exe] ERR> 轉檔作業失敗. 從 "D:\NTAKWeb\NTAK_DDQS\Exec\Manager\FileStore\佳勝營造(第09903392號)-94年度.doc" 轉換至 "D:\NTAKWeb\NTAK_DDQS\Exec\ConvertArea\佳勝營造(第09903392號)-94年度.doc.txt" 時發生錯誤, 原因: Variant does not reference an automation object
[20141107-103029 WordFileConvertSrv.exe] ERR> 轉檔作業失敗. 從 "D:\NTAKWeb\NTAK_DDQS\Exec\Manager\FileStore\北方之星(第09800030號)-89年度.doc" 轉換至 "D:\NTAKWeb\NTAK_DDQS\Exec\ConvertArea\北方之星(第09800030號)-89年度.doc.txt" 時發生錯誤, 原因: Variant does not reference an automation object
[20141107-103029 WordFileConvertSrv.exe] ERR> 轉檔作業失敗. 從 "D:\NTAKWeb\NTAK_DDQS\Exec\Manager\FileStore\呂冠霖(第09704361~09704365號)-91~95年度.doc" 轉換至 "D:\NTAKWeb\NTAK_DDQS\Exec\ConvertArea\呂冠霖(第09704361~09704365號)-91~95年度.doc.txt" 時發生錯誤, 原因: Variant does not reference an automation object
[20141107-103029 WordFileConvertSrv.exe] ERR> 轉檔作業失敗. 從 "D:\NTAKWeb\NTAK_DDQS\Exec\Manager\FileStore\周王金珍(第09800157號)-94年度.doc" 轉換至 "D:\NTAKWeb\NTAK_DDQS\Exec\ConvertArea\周王金珍(第09800157號)-94年度.doc.txt" 時發生錯誤, 原因: Variant does not reference an automation object
[20141107-103029 WordFileConvertSrv.exe] ERR> 轉檔作業失敗. 從 "D:\NTAKWeb\NTAK_DDQS\Exec\Manager\FileStore\廖東建(第10001282號)-98年度.doc" 轉換至 "D:\NTAKWeb\NTAK_DDQS\Exec\ConvertArea\廖東建(第10001282號)-98年度.doc.txt" 時發生錯誤, 原因: Variant does not reference an automation object
[20141107-103029 WordFileConvertSrv.exe] ERR> 轉檔作業失敗. 從 "D:\NTAKWeb\NTAK_DDQS\Exec\Manager\FileStore\廣建95營所稅決定書(虛銷8%).doc" 轉換至 "D:\NTAKWeb\NTAK_DDQS\Exec\ConvertArea\廣建95營所稅決定書(虛銷8%).doc.txt" 時發生錯誤, 原因: Variant does not reference an automation object
[20141107-103029 WordFileConvertSrv.exe] ERR> 轉檔作業失敗. 從 "D:\NTAKWeb\NTAK_DDQS\Exec\Manager\FileStore\彭宴祥(第09801703號)-96年度.doc" 轉換至 "D:\NTAKWeb\NTAK_DDQS\Exec\ConvertArea\彭宴祥(第09801703號)-96年度.doc.txt" 時發生錯誤, 原因: Variant does not reference an automation object
[20141107-103029 WordFileConvertSrv.exe] ERR> 轉檔作業失敗. 從 "D:\NTAKWeb\NTAK_DDQS\Exec\Manager\FileStore\復查決定-函洪俊良93信託營利所得-實質課稅-核課期間.doc" 轉換至 "D:\NTAKWeb\NTAK_DDQS\Exec\ConvertArea\復查決定-函洪俊良93信託營利所得-實質課稅-核課期間.doc.txt" 時發生錯誤, 原因: Variant does not reference an automation object
[20141107-103029 WordFileConvertSrv.exe] ERR> 轉檔作業失敗. 從 "D:\NTAKWeb\NTAK_DDQS\Exec\Manager\FileStore\日月光電子100年度營所稅復查決定書.doc" 轉換至 "D:\NTAKWeb\NTAK_DDQS\Exec\ConvertArea\日月光電子100年度營所稅復查決定書.doc.txt" 時發生錯誤, 原因: Variant does not reference an automation object
[20141107-103029 WordFileConvertSrv.exe] ERR> 轉檔作業失敗. 從 "D:\NTAKWeb\NTAK_DDQS\Exec\Manager\FileStore\李淑&#32137;決定書.doc" 轉換至 "D:\NTAKWeb\NTAK_DDQS\Exec\ConvertArea\李淑&#32137;決定書.doc.txt" 時發生錯誤, 原因: Variant does not reference an automation object
[20141107-103029 WordFileConvertSrv.exe] ERR> 轉檔作業失敗. 從 "D:\NTAKWeb\NTAK_DDQS\Exec\Manager\FileStore\李清 復查決定書.doc.doc" 轉換至 "D:\NTAKWeb\NTAK_DDQS\Exec\ConvertArea\李清 復查決定書.doc.doc.txt" 時發生錯誤, 原因: Variant does not reference an automation object
[20141107-103029 WordFileConvertSrv.exe] ERR> 轉檔作業失敗. 從 "D:\NTAKWeb\NTAK_DDQS\Exec\Manager\FileStore\李清&#23791;復查決定書.doc" 轉換至 "D:\NTAKWeb\NTAK_DDQS\Exec\ConvertArea\李清&#23791;復查決定書.doc.txt" 時發生錯誤, 原因: Variant does not reference an automation object
[20141107-103029 WordFileConvertSrv.exe] ERR> 轉檔作業失敗. 從 "D:\NTAKWeb\NTAK_DDQS\Exec\Manager\FileStore\林&#37979;宏決定書.doc" 轉換至 "D:\NTAKWeb\NTAK_DDQS\Exec\ConvertArea\林&#37979;宏決定書.doc.txt" 時發生錯誤, 原因: Variant does not reference an automation object
[20141107-103029 WordFileConvertSrv.exe] ERR> 轉檔作業失敗. 從 "D:\NTAKWeb\NTAK_DDQS\Exec\Manager\FileStore\林奇峰95年度復查報告確定版.doc" 轉換至 "D:\NTAKWeb\NTAK_DDQS\Exec\ConvertArea\林奇峰95年度復查報告確定版.doc.txt" 時發生錯誤, 原因: Variant does not reference an automation object
[20141107-103029 WordFileConvertSrv.exe] ERR> 轉檔作業失敗. 從 "D:\NTAKWeb\NTAK_DDQS\Exec\Manager\FileStore\林宜靜(第09903210號)-94~96年度.doc" 轉換至 "D:\NTAKWeb\NTAK_DDQS\Exec\ConvertArea\林宜靜(第09903210號)-94~96年度.doc.txt" 時發生錯誤, 原因: Variant does not reference an automation object
[20141107-103029 WordFileConvertSrv.exe] ERR> 轉檔作業失敗. 從 "D:\NTAKWeb\NTAK_DDQS\Exec\Manager\FileStore\林茂雄98年度綜合所得稅正本.doc" 轉換至 "D:\NTAKWeb\NTAK_DDQS\Exec\ConvertArea\林茂雄98年度綜合所得稅正本.doc.txt" 時發生錯誤, 原因: Variant does not reference an automation object
[20141107-103029 WordFileConvertSrv.exe] ERR> 轉檔作業失敗. 從 "D:\NTAKWeb\NTAK_DDQS\Exec\Manager\FileStore\林麗俐(第10002578號)-93年度.doc" 轉換至 "D:\NTAKWeb\NTAK_DDQS\Exec\ConvertArea\林麗俐(第10002578號)-93年度.doc.txt" 時發生錯誤, 原因: Variant does not reference an automation object
[20141107-103029 WordFileConvertSrv.exe] ERR> 轉檔作業失敗. 從 "D:\NTAKWeb\NTAK_DDQS\Exec\Manager\FileStore\楊肅泰(第09804135號)-96年度.doc" 轉換至 "D:\NTAKWeb\NTAK_DDQS\Exec\ConvertArea\楊肅泰(第09804135號)-96年度.doc.txt" 時發生錯誤, 原因: Variant does not reference an automation object
[20141107-103029 WordFileConvertSrv.exe] ERR> 轉檔作業失敗. 從 "D:\NTAKWeb\NTAK_DDQS\Exec\Manager\FileStore\歐陽建華(第09902018號)-88年度.doc" 轉換至 "D:\NTAKWeb\NTAK_DDQS\Exec\ConvertArea\歐陽建華(第09902018號)-88年度.doc.txt" 時發生錯誤, 原因: Variant does not reference an automation object
[20141107-103029 WordFileConvertSrv.exe] ERR> 轉檔作業失敗. 從 "D:\NTAKWeb\NTAK_DDQS\Exec\Manager\FileStore\武穎決~1.DOC" 轉換至 "D:\NTAKWeb\NTAK_DDQS\Exec\ConvertArea\武穎決~1.DOC.txt" 時發生錯誤, 原因: Variant does not reference an automation object
[20141107-103029 WordFileConvertSrv.exe] ERR> 轉檔作業失敗. 從 "D:\NTAKWeb\NTAK_DDQS\Exec\Manager\FileStore\潘&#21843;銘100罰鍰-委託他人代為申報-維持.doc" 轉換至 "D:\NTAKWeb\NTAK_DDQS\Exec\ConvertArea\潘&#21843;銘100罰鍰-委託他人代為申報-維持.doc.txt" 時發生錯誤, 原因: Variant does not reference an automation object
[20141107-103029 WordFileConvertSrv.exe] ERR> 轉檔作業失敗. 從 "D:\NTAKWeb\NTAK_DDQS\Exec\Manager\FileStore\王&#28702;苡101年特銷稅罰鍰決定書-函.docx" 轉換至 "D:\NTAKWeb\NTAK_DDQS\Exec\ConvertArea\王&#28702;苡101年特銷稅罰鍰決定書-函.docx.txt" 時發生錯誤, 原因: Variant does not reference an automation object
[20141107-103029 WordFileConvertSrv.exe] ERR> 轉檔作業失敗. 從 "D:\NTAKWeb\NTAK_DDQS\Exec\Manager\FileStore\白美香(第09803188號)-96年度.doc" 轉換至 "D:\NTAKWeb\NTAK_DDQS\Exec\ConvertArea\白美香(第09803188號)-96年度.doc.txt" 時發生錯誤, 原因: Variant does not reference an automation object
[20141107-103029 WordFileConvertSrv.exe] ERR> 轉檔作業失敗. 從 "D:\NTAKWeb\NTAK_DDQS\Exec\Manager\FileStore\蘇宏典(第10001702號)-95年度.doc" 轉換至 "D:\NTAKWeb\NTAK_DDQS\Exec\ConvertArea\蘇宏典(第10001702號)-95年度.doc.txt" 時發生錯誤, 原因: Variant does not reference an automation object
[20141107-103029 WordFileConvertSrv.exe] ERR> 轉檔作業失敗. 從 "D:\NTAKWeb\NTAK_DDQS\Exec\Manager\FileStore\達旺廣告(第09803394號)-95年度.doc" 轉換至 "D:\NTAKWeb\NTAK_DDQS\Exec\ConvertArea\達旺廣告(第09803394號)-95年度.doc.txt" 時發生錯誤, 原因: Variant does not reference an automation object
[20141107-103029 WordFileConvertSrv.exe] ERR> 轉檔作業失敗. 從 "D:\NTAKWeb\NTAK_DDQS\Exec\Manager\FileStore\鍇億國際95營所稅決定書(虛銷8%).doc" 轉換至 "D:\NTAKWeb\NTAK_DDQS\Exec\ConvertArea\鍇億國際95營所稅決定書(虛銷8%).doc.txt" 時發生錯誤, 原因: Variant does not reference an automation object
[20141107-103029 WordFileConvertSrv.exe] ERR> 轉檔作業失敗. 從 "D:\NTAKWeb\NTAK_DDQS\Exec\Manager\FileStore\鍇億國際95營所稅決定書虛銷8%.doc" 轉換至 "D:\NTAKWeb\NTAK_DDQS\Exec\ConvertArea\鍇億國際95營所稅決定書虛銷8%.doc.txt" 時發生錯誤, 原因: Variant does not reference an automation object
[20141107-103029 WordFileConvertSrv.exe] ERR> 轉檔作業失敗. 從 "D:\NTAKWeb\NTAK_DDQS\Exec\Manager\FileStore\陳麗文(第09801332號)-96年度.doc" 轉換至 "D:\NTAKWeb\NTAK_DDQS\Exec\ConvertArea\陳麗文(第09801332號)-96年度.doc.txt" 時發生錯誤, 原因: Variant does not reference an automation object
[20141107-103029 WordFileConvertSrv.exe] ERR> 轉檔作業失敗. 從 "D:\NTAKWeb\NTAK_DDQS\Exec\Manager\FileStore\黃&#28702;瑢復查決定書-海外所得.doc" 轉換至 "D:\NTAKWeb\NTAK_DDQS\Exec\ConvertArea\黃&#28702;瑢復查決定書-海外所得.doc.txt" 時發生錯誤, 原因: Variant does not reference an automation object
[20141107-103029 WordFileConvertSrv.exe] ERR> 轉檔作業失敗. 從 "D:\NTAKWeb\NTAK_DDQS\Exec\Manager\FileStore\黃鳳珠(第09703642號)-95年度.doc" 轉換至 "D:\NTAKWeb\NTAK_DDQS\Exec\ConvertArea\黃鳳珠(第09703642號)-95年度.doc.txt" 時發生錯誤, 原因: Variant does not reference an automation object
[20141110-101632 WordFileConvertSrv.exe] ERR> 轉檔作業失敗. 從 "D:\NTAKWeb\NTAK_DDQS\Exec\Manager\FileStore\&#40644;武穎決定書.doc" 轉換至 "D:\NTAKWeb\NTAK_DDQS\Exec\ConvertArea\&#40644;武穎決定書.doc.txt" 時發生錯誤, 原因: Variant does not reference an automation object
[20141110-101632 WordFileConvertSrv.exe] ERR> 轉檔作業失敗. 從 "D:\NTAKWeb\NTAK_DDQS\Exec\Manager\FileStore\09700128300.doc" 轉換至 "D:\NTAKWeb\NTAK_DDQS\Exec\ConvertArea\09700128300.doc.txt" 時發生錯誤, 原因: Variant does not reference an automation object
[20141110-101632 WordFileConvertSrv.exe] ERR> 轉檔作業失敗. 從 "D:\NTAKWeb\NTAK_DDQS\Exec\Manager\FileStore\09700398060.doc" 轉換至 "D:\NTAKWeb\NTAK_DDQS\Exec\ConvertArea\09700398060.doc.txt" 時發生錯誤, 原因: Variant does not reference an automation object
[20141110-101632 WordFileConvertSrv.exe] ERR> 轉檔作業失敗. 從 "D:\NTAKWeb\NTAK_DDQS\Exec\Manager\FileStore\1-1020924洪瑞&#23791;君96年度復查決定書-函.doc" 轉換至 "D:\NTAKWeb\NTAK_DDQS\Exec\ConvertArea\1-1020924洪瑞&#23791;君96年度復查決定書-函.doc.txt" 時發生錯誤, 原因: Variant does not reference an automation object
[20141110-101632 WordFileConvertSrv.exe] ERR> 轉檔作業失敗. 從 "D:\NTAKWeb\NTAK_DDQS\Exec\Manager\FileStore\100-2-21鍾泰營造有限公司營業稅罰鍰(復查決定書-重繕(發文).doc" 轉換至 "D:\NTAKWeb\NTAK_DDQS\Exec\ConvertArea\100-2-21鍾泰營造有限公司營業稅罰鍰(復查決定書-重繕(發文).doc.txt" 時發生錯誤, 原因: Variant does not reference an automation object
[20141110-101632 WordFileConvertSrv.exe] ERR> 轉檔作業失敗. 從 "D:\NTAKWeb\NTAK_DDQS\Exec\Manager\FileStore\100年度判字第1949號.doc" 轉換至 "D:\NTAKWeb\NTAK_DDQS\Exec\ConvertArea\100年度判字第1949號.doc.txt" 時發生錯誤, 原因: Variant does not reference an automation object
[20141110-101632 WordFileConvertSrv.exe] ERR> 轉檔作業失敗. 從 "D:\NTAKWeb\NTAK_DDQS\Exec\Manager\FileStore\100年度復查決定書稿發文.doc" 轉換至 "D:\NTAKWeb\NTAK_DDQS\Exec\ConvertArea\100年度復查決定書稿發文.doc.txt" 時發生錯誤, 原因: Variant does not reference an automation object
[20141110-101632 WordFileConvertSrv.exe] ERR> 轉檔作業失敗. 從 "D:\NTAKWeb\NTAK_DDQS\Exec\Manager\FileStore\100年度訴字第444號.doc" 轉換至 "D:\NTAKWeb\NTAK_DDQS\Exec\ConvertArea\100年度訴字第444號.doc.txt" 時發生錯誤, 原因: Variant does not reference an automation object
[20141110-101632 WordFileConvertSrv.exe] ERR> 轉檔作業失敗. 從 "D:\NTAKWeb\NTAK_DDQS\Exec\Manager\FileStore\102.4.29-陳&#28913;泰(陳吳芬釵)100年度綜所稅復查決定書.doc" 轉換至 "D:\NTAKWeb\NTAK_DDQS\Exec\ConvertArea\102.4.29-陳&#28913;泰(陳吳芬釵)100年度綜所稅復查決定書.doc.txt" 時發生錯誤, 原因: Variant does not reference an automation object
[20141110-101632 WordFileConvertSrv.exe] ERR> 轉檔作業失敗. 從 "D:\NTAKWeb\NTAK_DDQS\Exec\Manager\FileStore\10201614.doc" 轉換至 "D:\NTAKWeb\NTAK_DDQS\Exec\ConvertArea\10201614.doc.txt" 時發生錯誤, 原因: Variant does not reference an automation object
[20141110-101632 WordFileConvertSrv.exe] ERR> 轉檔作業失敗. 從 "D:\NTAKWeb\NTAK_DDQS\Exec\Manager\FileStore\1020716張孟信99年度綜所稅復查決定書(復查會決議修正).doc" 轉換至 "D:\NTAKWeb\NTAK_DDQS\Exec\ConvertArea\1020716張孟信99年度綜所稅復查決定書(復查會決議修正).doc.txt" 時發生錯誤, 原因: Variant does not reference an automation object
[20141110-101632 WordFileConvertSrv.exe] ERR> 轉檔作業失敗. 從 "D:\NTAKWeb\NTAK_DDQS\Exec\Manager\FileStore\1021030黃振銘君99年度綜所稅復查決定書.doc" 轉換至 "D:\NTAKWeb\NTAK_DDQS\Exec\ConvertArea\1021030黃振銘君99年度綜所稅復查決定書.doc.txt" 時發生錯誤, 原因: Variant does not reference an automation object
[20141110-101632 WordFileConvertSrv.exe] ERR> 轉檔作業失敗. 從 "D:\NTAKWeb\NTAK_DDQS\Exec\Manager\FileStore\103.06.23發文-黃小芳101年綜所稅決定書稿.doc" 轉換至 "D:\NTAKWeb\NTAK_DDQS\Exec\ConvertArea\103.06.23發文-黃小芳101年綜所稅決定書稿.doc.txt" 時發生錯誤, 原因: Variant does not reference an automation object
[20141110-101632 WordFileConvertSrv.exe] ERR> 轉檔作業失敗. 從 "D:\NTAKWeb\NTAK_DDQS\Exec\Manager\FileStore\103.4.25發文-陳振昌100年綜所稅決定書(罰鍰).doc" 轉換至 "D:\NTAKWeb\NTAK_DDQS\Exec\ConvertArea\103.4.25發文-陳振昌100年綜所稅決定書(罰鍰).doc.txt" 時發生錯誤, 原因: Variant does not reference an automation object
[20141110-101632 WordFileConvertSrv.exe] ERR> 轉檔作業失敗. 從 "D:\NTAKWeb\NTAK_DDQS\Exec\Manager\FileStore\10300120.doc" 轉換至 "D:\NTAKWeb\NTAK_DDQS\Exec\ConvertArea\10300120.doc.txt" 時發生錯誤, 原因: Variant does not reference an automation object
[20141110-101632 WordFileConvertSrv.exe] ERR> 轉檔作業失敗. 從 "D:\NTAKWeb\NTAK_DDQS\Exec\Manager\FileStore\1030912江昌101營所稅(漏報其他收入) 罰鍰復查決定書(發文).doc" 轉換至 "D:\NTAKWeb\NTAK_DDQS\Exec\ConvertArea\1030912江昌101營所稅(漏報其他收入) 罰鍰復查決定書(發文).doc.txt" 時發生錯誤, 原因: Variant does not reference an automation object
[20141110-101632 WordFileConvertSrv.exe] ERR> 轉檔作業失敗. 從 "D:\NTAKWeb\NTAK_DDQS\Exec\Manager\FileStore\95年度訴字第160號(2).doc" 轉換至 "D:\NTAKWeb\NTAK_DDQS\Exec\ConvertArea\95年度訴字第160號(2).doc.txt" 時發生錯誤, 原因: Variant does not reference an automation object
[20141110-101632 WordFileConvertSrv.exe] ERR> 轉檔作業失敗. 從 "D:\NTAKWeb\NTAK_DDQS\Exec\Manager\FileStore\98年度再字第37號.doc" 轉換至 "D:\NTAKWeb\NTAK_DDQS\Exec\ConvertArea\98年度再字第37號.doc.txt" 時發生錯誤, 原因: Variant does not reference an automation object
[20141110-101632 WordFileConvertSrv.exe] ERR> 轉檔作業失敗. 從 "D:\NTAKWeb\NTAK_DDQS\Exec\Manager\FileStore\98年度簡再字第13號(2).doc" 轉換至 "D:\NTAKWeb\NTAK_DDQS\Exec\ConvertArea\98年度簡再字第13號(2).doc.txt" 時發生錯誤, 原因: Variant does not reference an automation object
[20141110-101632 WordFileConvertSrv.exe] ERR> 轉檔作業失敗. 從 "D:\NTAKWeb\NTAK_DDQS\Exec\Manager\FileStore\99年度簡再字第9號.doc" 轉換至 "D:\NTAKWeb\NTAK_DDQS\Exec\ConvertArea\99年度簡再字第9號.doc.txt" 時發生錯誤, 原因: Variant does not reference an automation object
[20141110-101632 WordFileConvertSrv.exe] ERR> 轉檔作業失敗. 從 "D:\NTAKWeb\NTAK_DDQS\Exec\Manager\FileStore\IE8302100730陳景生101本稅-短報5%－更正後.doc" 轉換至 "D:\NTAKWeb\NTAK_DDQS\Exec\ConvertArea\IE8302100730陳景生101本稅-短報5%－更正後.doc.txt" 時發生錯誤, 原因: Variant does not reference an automation object
[20141110-101632 WordFileConvertSrv.exe] ERR> 轉檔作業失敗. 從 "D:\NTAKWeb\NTAK_DDQS\Exec\Manager\FileStore\JVP-LST.doc" 轉換至 "D:\NTAKWeb\NTAK_DDQS\Exec\ConvertArea\JVP-LST.doc.txt" 時發生錯誤, 原因: Variant does not reference an automation object
[20141110-101632 WordFileConvertSrv.exe] ERR> 轉檔作業失敗. 從 "D:\NTAKWeb\NTAK_DDQS\Exec\Manager\FileStore\NE0402400815邱翠蓮99罰鍰-未據實申報扣繳憑單20%-維持.doc" 轉換至 "D:\NTAKWeb\NTAK_DDQS\Exec\ConvertArea\NE0402400815邱翠蓮99罰鍰-未據實申報扣繳憑單20%-維持.doc.txt" 時發生錯誤, 原因: Variant does not reference an automation object
[20141110-101632 WordFileConvertSrv.exe] ERR> 轉檔作業失敗. 從 "D:\NTAKWeb\NTAK_DDQS\Exec\Manager\FileStore\NE0403100144章一民101年復查決定書-稿.doc" 轉換至 "D:\NTAKWeb\NTAK_DDQS\Exec\ConvertArea\NE0403100144章一民101年復查決定書-稿.doc.txt" 時發生錯誤, 原因: Variant does not reference an automation object
[20141110-101632 WordFileConvertSrv.exe] ERR> 轉檔作業失敗. 從 "D:\NTAKWeb\NTAK_DDQS\Exec\Manager\FileStore\NE8302100123莊全勝100免稅額-追減-核定.doc" 轉換至 "D:\NTAKWeb\NTAK_DDQS\Exec\ConvertArea\NE8302100123莊全勝100免稅額-追減-核定.doc.txt" 時發生錯誤, 原因: Variant does not reference an automation object
[20141110-101632 WordFileConvertSrv.exe] ERR> 轉檔作業失敗. 從 "D:\NTAKWeb\NTAK_DDQS\Exec\Manager\FileStore\NE8302400498潘&#21843;銘100罰鍰-委託他人代為申報-維持.doc" 轉換至 "D:\NTAKWeb\NTAK_DDQS\Exec\ConvertArea\NE8302400498潘&#21843;銘100罰鍰-委託他人代為申報-維持.doc.txt" 時發生錯誤, 原因: Variant does not reference an automation object
[20141110-101632 WordFileConvertSrv.exe] ERR> 轉檔作業失敗. 從 "D:\NTAKWeb\NTAK_DDQS\Exec\Manager\FileStore\何海鷗101虛列免稅額決定書(本+罰)正本.doc" 轉換至 "D:\NTAKWeb\NTAK_DDQS\Exec\ConvertArea\何海鷗101虛列免稅額決定書(本+罰)正本.doc.txt" 時發生錯誤, 原因: Variant does not reference an automation object
[20141110-101632 WordFileConvertSrv.exe] ERR> 轉檔作業失敗. 從 "D:\NTAKWeb\NTAK_DDQS\Exec\Manager\FileStore\佳勝營造(第09903392號)-94年度.doc" 轉換至 "D:\NTAKWeb\NTAK_DDQS\Exec\ConvertArea\佳勝營造(第09903392號)-94年度.doc.txt" 時發生錯誤, 原因: Variant does not reference an automation object
[20141110-101632 WordFileConvertSrv.exe] ERR> 轉檔作業失敗. 從 "D:\NTAKWeb\NTAK_DDQS\Exec\Manager\FileStore\北方之星(第09800030號)-89年度.doc" 轉換至 "D:\NTAKWeb\NTAK_DDQS\Exec\ConvertArea\北方之星(第09800030號)-89年度.doc.txt" 時發生錯誤, 原因: Variant does not reference an automation object
[20141110-101632 WordFileConvertSrv.exe] ERR> 轉檔作業失敗. 從 "D:\NTAKWeb\NTAK_DDQS\Exec\Manager\FileStore\呂冠霖(第09704361~09704365號)-91~95年度.doc" 轉換至 "D:\NTAKWeb\NTAK_DDQS\Exec\ConvertArea\呂冠霖(第09704361~09704365號)-91~95年度.doc.txt" 時發生錯誤, 原因: Variant does not reference an automation object
[20141110-101632 WordFileConvertSrv.exe] ERR> 轉檔作業失敗. 從 "D:\NTAKWeb\NTAK_DDQS\Exec\Manager\FileStore\周王金珍(第09800157號)-94年度.doc" 轉換至 "D:\NTAKWeb\NTAK_DDQS\Exec\ConvertArea\周王金珍(第09800157號)-94年度.doc.txt" 時發生錯誤, 原因: Variant does not reference an automation object
[20141110-101632 WordFileConvertSrv.exe] ERR> 轉檔作業失敗. 從 "D:\NTAKWeb\NTAK_DDQS\Exec\Manager\FileStore\廖東建(第10001282號)-98年度.doc" 轉換至 "D:\NTAKWeb\NTAK_DDQS\Exec\ConvertArea\廖東建(第10001282號)-98年度.doc.txt" 時發生錯誤, 原因: Variant does not reference an automation object
[20141110-101632 WordFileConvertSrv.exe] ERR> 轉檔作業失敗. 從 "D:\NTAKWeb\NTAK_DDQS\Exec\Manager\FileStore\廣建95營所稅決定書(虛銷8%).doc" 轉換至 "D:\NTAKWeb\NTAK_DDQS\Exec\ConvertArea\廣建95營所稅決定書(虛銷8%).doc.txt" 時發生錯誤, 原因: Variant does not reference an automation object
[20141110-101632 WordFileConvertSrv.exe] ERR> 轉檔作業失敗. 從 "D:\NTAKWeb\NTAK_DDQS\Exec\Manager\FileStore\彭宴祥(第09801703號)-96年度.doc" 轉換至 "D:\NTAKWeb\NTAK_DDQS\Exec\ConvertArea\彭宴祥(第09801703號)-96年度.doc.txt" 時發生錯誤, 原因: Variant does not reference an automation object
[20141110-101632 WordFileConvertSrv.exe] ERR> 轉檔作業失敗. 從 "D:\NTAKWeb\NTAK_DDQS\Exec\Manager\FileStore\復查決定-函洪俊良93信託營利所得-實質課稅-核課期間.doc" 轉換至 "D:\NTAKWeb\NTAK_DDQS\Exec\ConvertArea\復查決定-函洪俊良93信託營利所得-實質課稅-核課期間.doc.txt" 時發生錯誤, 原因: Variant does not reference an automation object
[20141110-101632 WordFileConvertSrv.exe] ERR> 轉檔作業失敗. 從 "D:\NTAKWeb\NTAK_DDQS\Exec\Manager\FileStore\日月光電子100年度營所稅復查決定書.doc" 轉換至 "D:\NTAKWeb\NTAK_DDQS\Exec\ConvertArea\日月光電子100年度營所稅復查決定書.doc.txt" 時發生錯誤, 原因: Variant does not reference an automation object
[20141110-101632 WordFileConvertSrv.exe] ERR> 轉檔作業失敗. 從 "D:\NTAKWeb\NTAK_DDQS\Exec\Manager\FileStore\李來福102年復查決定書-函.doc" 轉換至 "D:\NTAKWeb\NTAK_DDQS\Exec\ConvertArea\李來福102年復查決定書-函.doc.txt" 時發生錯誤, 原因: Variant does not reference an automation object
[20141110-101632 WordFileConvertSrv.exe] ERR> 轉檔作業失敗. 從 "D:\NTAKWeb\NTAK_DDQS\Exec\Manager\FileStore\李淑&#32137;決定書.doc" 轉換至 "D:\NTAKWeb\NTAK_DDQS\Exec\ConvertArea\李淑&#32137;決定書.doc.txt" 時發生錯誤, 原因: Variant does not reference an automation object
[20141110-101632 WordFileConvertSrv.exe] ERR> 轉檔作業失敗. 從 "D:\NTAKWeb\NTAK_DDQS\Exec\Manager\FileStore\李清 復查決定書.doc.doc" 轉換至 "D:\NTAKWeb\NTAK_DDQS\Exec\ConvertArea\李清 復查決定書.doc.doc.txt" 時發生錯誤, 原因: Variant does not reference an automation object
[20141110-101632 WordFileConvertSrv.exe] ERR> 轉檔作業失敗. 從 "D:\NTAKWeb\NTAK_DDQS\Exec\Manager\FileStore\李清&#23791;復查決定書.doc" 轉換至 "D:\NTAKWeb\NTAK_DDQS\Exec\ConvertArea\李清&#23791;復查決定書.doc.txt" 時發生錯誤, 原因: Variant does not reference an automation object
[20141110-101632 WordFileConvertSrv.exe] ERR> 轉檔作業失敗. 從 "D:\NTAKWeb\NTAK_DDQS\Exec\Manager\FileStore\林&#37979;宏決定書.doc" 轉換至 "D:\NTAKWeb\NTAK_DDQS\Exec\ConvertArea\林&#37979;宏決定書.doc.txt" 時發生錯誤, 原因: Variant does not reference an automation object
[20141110-101632 WordFileConvertSrv.exe] ERR> 轉檔作業失敗. 從 "D:\NTAKWeb\NTAK_DDQS\Exec\Manager\FileStore\林奇峰95年度復查報告確定版.doc" 轉換至 "D:\NTAKWeb\NTAK_DDQS\Exec\ConvertArea\林奇峰95年度復查報告確定版.doc.txt" 時發生錯誤, 原因: Variant does not reference an automation object
[20141110-101632 WordFileConvertSrv.exe] ERR> 轉檔作業失敗. 從 "D:\NTAKWeb\NTAK_DDQS\Exec\Manager\FileStore\林宜靜(第09903210號)-94~96年度.doc" 轉換至 "D:\NTAKWeb\NTAK_DDQS\Exec\ConvertArea\林宜靜(第09903210號)-94~96年度.doc.txt" 時發生錯誤, 原因: Variant does not reference an automation object
[20141110-101632 WordFileConvertSrv.exe] ERR> 轉檔作業失敗. 從 "D:\NTAKWeb\NTAK_DDQS\Exec\Manager\FileStore\林茂雄98年度綜合所得稅正本.doc" 轉換至 "D:\NTAKWeb\NTAK_DDQS\Exec\ConvertArea\林茂雄98年度綜合所得稅正本.doc.txt" 時發生錯誤, 原因: Variant does not reference an automation object
[20141110-101632 WordFileConvertSrv.exe] ERR> 轉檔作業失敗. 從 "D:\NTAKWeb\NTAK_DDQS\Exec\Manager\FileStore\林麗俐(第10002578號)-93年度.doc" 轉換至 "D:\NTAKWeb\NTAK_DDQS\Exec\ConvertArea\林麗俐(第10002578號)-93年度.doc.txt" 時發生錯誤, 原因: Variant does not reference an automation object
[20141110-101632 WordFileConvertSrv.exe] ERR> 轉檔作業失敗. 從 "D:\NTAKWeb\NTAK_DDQS\Exec\Manager\FileStore\楊肅泰(第09804135號)-96年度.doc" 轉換至 "D:\NTAKWeb\NTAK_DDQS\Exec\ConvertArea\楊肅泰(第09804135號)-96年度.doc.txt" 時發生錯誤, 原因: Variant does not reference an automation object
[20141110-101632 WordFileConvertSrv.exe] ERR> 轉檔作業失敗. 從 "D:\NTAKWeb\NTAK_DDQS\Exec\Manager\FileStore\歐陽建華(第09902018號)-88年度.doc" 轉換至 "D:\NTAKWeb\NTAK_DDQS\Exec\ConvertArea\歐陽建華(第09902018號)-88年度.doc.txt" 時發生錯誤, 原因: Variant does not reference an automation object
[20141110-101632 WordFileConvertSrv.exe] ERR> 轉檔作業失敗. 從 "D:\NTAKWeb\NTAK_DDQS\Exec\Manager\FileStore\武穎決~1.DOC" 轉換至 "D:\NTAKWeb\NTAK_DDQS\Exec\ConvertArea\武穎決~1.DOC.txt" 時發生錯誤, 原因: Variant does not reference an automation object
[20141110-101632 WordFileConvertSrv.exe] ERR> 轉檔作業失敗. 從 "D:\NTAKWeb\NTAK_DDQS\Exec\Manager\FileStore\潘&#21843;銘100罰鍰-委託他人代為申報-維持.doc" 轉換至 "D:\NTAKWeb\NTAK_DDQS\Exec\ConvertArea\潘&#21843;銘100罰鍰-委託他人代為申報-維持.doc.txt" 時發生錯誤, 原因: Variant does not reference an automation object
[20141110-101632 WordFileConvertSrv.exe] ERR> 轉檔作業失敗. 從 "D:\NTAKWeb\NTAK_DDQS\Exec\Manager\FileStore\王&#28702;苡101年特銷稅罰鍰決定書-函.docx" 轉換至 "D:\NTAKWeb\NTAK_DDQS\Exec\ConvertArea\王&#28702;苡101年特銷稅罰鍰決定書-函.docx.txt" 時發生錯誤, 原因: Variant does not reference an automation object
[20141110-101632 WordFileConvertSrv.exe] ERR> 轉檔作業失敗. 從 "D:\NTAKWeb\NTAK_DDQS\Exec\Manager\FileStore\白美香(第09803188號)-96年度.doc" 轉換至 "D:\NTAKWeb\NTAK_DDQS\Exec\ConvertArea\白美香(第09803188號)-96年度.doc.txt" 時發生錯誤, 原因: Variant does not reference an automation object
[20141110-101632 WordFileConvertSrv.exe] ERR> 轉檔作業失敗. 從 "D:\NTAKWeb\NTAK_DDQS\Exec\Manager\FileStore\蘇宏典(第10001702號)-95年度.doc" 轉換至 "D:\NTAKWeb\NTAK_DDQS\Exec\ConvertArea\蘇宏典(第10001702號)-95年度.doc.txt" 時發生錯誤, 原因: Variant does not reference an automation object
[20141110-101632 WordFileConvertSrv.exe] ERR> 轉檔作業失敗. 從 "D:\NTAKWeb\NTAK_DDQS\Exec\Manager\FileStore\達旺廣告(第09803394號)-95年度.doc" 轉換至 "D:\NTAKWeb\NTAK_DDQS\Exec\ConvertArea\達旺廣告(第09803394號)-95年度.doc.txt" 時發生錯誤, 原因: Variant does not reference an automation object
[20141110-101632 WordFileConvertSrv.exe] ERR> 轉檔作業失敗. 從 "D:\NTAKWeb\NTAK_DDQS\Exec\Manager\FileStore\鍇億國際95營所稅決定書(虛銷8%).doc" 轉換至 "D:\NTAKWeb\NTAK_DDQS\Exec\ConvertArea\鍇億國際95營所稅決定書(虛銷8%).doc.txt" 時發生錯誤, 原因: Variant does not reference an automation object
[20141110-101632 WordFileConvertSrv.exe] ERR> 轉檔作業失敗. 從 "D:\NTAKWeb\NTAK_DDQS\Exec\Manager\FileStore\鍇億國際95營所稅決定書虛銷8%.doc" 轉換至 "D:\NTAKWeb\NTAK_DDQS\Exec\ConvertArea\鍇億國際95營所稅決定書虛銷8%.doc.txt" 時發生錯誤, 原因: Variant does not reference an automation object
[20141110-101632 WordFileConvertSrv.exe] ERR> 轉檔作業失敗. 從 "D:\NTAKWeb\NTAK_DDQS\Exec\Manager\FileStore\陳麗文(第09801332號)-96年度.doc" 轉換至 "D:\NTAKWeb\NTAK_DDQS\Exec\ConvertArea\陳麗文(第09801332號)-96年度.doc.txt" 時發生錯誤, 原因: Variant does not reference an automation object
[20141110-101632 WordFileConvertSrv.exe] ERR> 轉檔作業失敗. 從 "D:\NTAKWeb\NTAK_DDQS\Exec\Manager\FileStore\黃&#28702;瑢復查決定書-海外所得.doc" 轉換至 "D:\NTAKWeb\NTAK_DDQS\Exec\ConvertArea\黃&#28702;瑢復查決定書-海外所得.doc.txt" 時發生錯誤, 原因: Variant does not reference an automation object
[20141110-101632 WordFileConvertSrv.exe] ERR> 轉檔作業失敗. 從 "D:\NTAKWeb\NTAK_DDQS\Exec\Manager\FileStore\黃鳳珠(第09703642號)-95年度.doc" 轉換至 "D:\NTAKWeb\NTAK_DDQS\Exec\ConvertArea\黃鳳珠(第09703642號)-95年度.doc.txt" 時發生錯誤, 原因: Variant does not reference an automation object
[20141110-101713 WordFileConvertSrv.exe] ERR> 轉檔作業失敗. 從 "D:\NTAKWeb\NTAK_DDQS\Exec\Manager\FileStore\&#40644;武穎決定書.doc" 轉換至 "D:\NTAKWeb\NTAK_DDQS\Exec\ConvertArea\&#40644;武穎決定書.doc.txt" 時發生錯誤, 原因: Variant does not reference an automation object
[20141110-101713 WordFileConvertSrv.exe] ERR> 轉檔作業失敗. 從 "D:\NTAKWeb\NTAK_DDQS\Exec\Manager\FileStore\09700128300.doc" 轉換至 "D:\NTAKWeb\NTAK_DDQS\Exec\ConvertArea\09700128300.doc.txt" 時發生錯誤, 原因: Variant does not reference an automation object
[20141110-101713 WordFileConvertSrv.exe] ERR> 轉檔作業失敗. 從 "D:\NTAKWeb\NTAK_DDQS\Exec\Manager\FileStore\09700398060.doc" 轉換至 "D:\NTAKWeb\NTAK_DDQS\Exec\ConvertArea\09700398060.doc.txt" 時發生錯誤, 原因: Variant does not reference an automation object
[20141110-101713 WordFileConvertSrv.exe] ERR> 轉檔作業失敗. 從 "D:\NTAKWeb\NTAK_DDQS\Exec\Manager\FileStore\1-1020924洪瑞&#23791;君96年度復查決定書-函.doc" 轉換至 "D:\NTAKWeb\NTAK_DDQS\Exec\ConvertArea\1-1020924洪瑞&#23791;君96年度復查決定書-函.doc.txt" 時發生錯誤, 原因: Variant does not reference an automation object
[20141110-101713 WordFileConvertSrv.exe] ERR> 轉檔作業失敗. 從 "D:\NTAKWeb\NTAK_DDQS\Exec\Manager\FileStore\100-2-21鍾泰營造有限公司營業稅罰鍰(復查決定書-重繕(發文).doc" 轉換至 "D:\NTAKWeb\NTAK_DDQS\Exec\ConvertArea\100-2-21鍾泰營造有限公司營業稅罰鍰(復查決定書-重繕(發文).doc.txt" 時發生錯誤, 原因: Variant does not reference an automation object
[20141110-101713 WordFileConvertSrv.exe] ERR> 轉檔作業失敗. 從 "D:\NTAKWeb\NTAK_DDQS\Exec\Manager\FileStore\100年度判字第1949號.doc" 轉換至 "D:\NTAKWeb\NTAK_DDQS\Exec\ConvertArea\100年度判字第1949號.doc.txt" 時發生錯誤, 原因: Variant does not reference an automation object
[20141110-101713 WordFileConvertSrv.exe] ERR> 轉檔作業失敗. 從 "D:\NTAKWeb\NTAK_DDQS\Exec\Manager\FileStore\100年度復查決定書稿發文.doc" 轉換至 "D:\NTAKWeb\NTAK_DDQS\Exec\ConvertArea\100年度復查決定書稿發文.doc.txt" 時發生錯誤, 原因: Variant does not reference an automation object
[20141110-101713 WordFileConvertSrv.exe] ERR> 轉檔作業失敗. 從 "D:\NTAKWeb\NTAK_DDQS\Exec\Manager\FileStore\100年度訴字第444號.doc" 轉換至 "D:\NTAKWeb\NTAK_DDQS\Exec\ConvertArea\100年度訴字第444號.doc.txt" 時發生錯誤, 原因: Variant does not reference an automation object
[20141110-101713 WordFileConvertSrv.exe] ERR> 轉檔作業失敗. 從 "D:\NTAKWeb\NTAK_DDQS\Exec\Manager\FileStore\102.4.29-陳&#28913;泰(陳吳芬釵)100年度綜所稅復查決定書.doc" 轉換至 "D:\NTAKWeb\NTAK_DDQS\Exec\ConvertArea\102.4.29-陳&#28913;泰(陳吳芬釵)100年度綜所稅復查決定書.doc.txt" 時發生錯誤, 原因: Variant does not reference an automation object
[20141110-101713 WordFileConvertSrv.exe] ERR> 轉檔作業失敗. 從 "D:\NTAKWeb\NTAK_DDQS\Exec\Manager\FileStore\10201614.doc" 轉換至 "D:\NTAKWeb\NTAK_DDQS\Exec\ConvertArea\10201614.doc.txt" 時發生錯誤, 原因: Variant does not reference an automation object
[20141110-101713 WordFileConvertSrv.exe] ERR> 轉檔作業失敗. 從 "D:\NTAKWeb\NTAK_DDQS\Exec\Manager\FileStore\1020716張孟信99年度綜所稅復查決定書(復查會決議修正).doc" 轉換至 "D:\NTAKWeb\NTAK_DDQS\Exec\ConvertArea\1020716張孟信99年度綜所稅復查決定書(復查會決議修正).doc.txt" 時發生錯誤, 原因: Variant does not reference an automation object
[20141110-101713 WordFileConvertSrv.exe] ERR> 轉檔作業失敗. 從 "D:\NTAKWeb\NTAK_DDQS\Exec\Manager\FileStore\1021030黃振銘君99年度綜所稅復查決定書.doc" 轉換至 "D:\NTAKWeb\NTAK_DDQS\Exec\ConvertArea\1021030黃振銘君99年度綜所稅復查決定書.doc.txt" 時發生錯誤, 原因: Variant does not reference an automation object
[20141110-101713 WordFileConvertSrv.exe] ERR> 轉檔作業失敗. 從 "D:\NTAKWeb\NTAK_DDQS\Exec\Manager\FileStore\103.06.23發文-黃小芳101年綜所稅決定書稿.doc" 轉換至 "D:\NTAKWeb\NTAK_DDQS\Exec\ConvertArea\103.06.23發文-黃小芳101年綜所稅決定書稿.doc.txt" 時發生錯誤, 原因: Variant does not reference an automation object
[20141110-101713 WordFileConvertSrv.exe] ERR> 轉檔作業失敗. 從 "D:\NTAKWeb\NTAK_DDQS\Exec\Manager\FileStore\103.4.25發文-陳振昌100年綜所稅決定書(罰鍰).doc" 轉換至 "D:\NTAKWeb\NTAK_DDQS\Exec\ConvertArea\103.4.25發文-陳振昌100年綜所稅決定書(罰鍰).doc.txt" 時發生錯誤, 原因: Variant does not reference an automation object
[20141110-101713 WordFileConvertSrv.exe] ERR> 轉檔作業失敗. 從 "D:\NTAKWeb\NTAK_DDQS\Exec\Manager\FileStore\10300120.doc" 轉換至 "D:\NTAKWeb\NTAK_DDQS\Exec\ConvertArea\10300120.doc.txt" 時發生錯誤, 原因: Variant does not reference an automation object
[20141110-101713 WordFileConvertSrv.exe] ERR> 轉檔作業失敗. 從 "D:\NTAKWeb\NTAK_DDQS\Exec\Manager\FileStore\1030912江昌101營所稅(漏報其他收入) 罰鍰復查決定書(發文).doc" 轉換至 "D:\NTAKWeb\NTAK_DDQS\Exec\ConvertArea\1030912江昌101營所稅(漏報其他收入) 罰鍰復查決定書(發文).doc.txt" 時發生錯誤, 原因: Variant does not reference an automation object
[20141110-101713 WordFileConvertSrv.exe] ERR> 轉檔作業失敗. 從 "D:\NTAKWeb\NTAK_DDQS\Exec\Manager\FileStore\95年度訴字第160號(2).doc" 轉換至 "D:\NTAKWeb\NTAK_DDQS\Exec\ConvertArea\95年度訴字第160號(2).doc.txt" 時發生錯誤, 原因: Variant does not reference an automation object
[20141110-101713 WordFileConvertSrv.exe] ERR> 轉檔作業失敗. 從 "D:\NTAKWeb\NTAK_DDQS\Exec\Manager\FileStore\98年度再字第37號.doc" 轉換至 "D:\NTAKWeb\NTAK_DDQS\Exec\ConvertArea\98年度再字第37號.doc.txt" 時發生錯誤, 原因: Variant does not reference an automation object
[20141110-101713 WordFileConvertSrv.exe] ERR> 轉檔作業失敗. 從 "D:\NTAKWeb\NTAK_DDQS\Exec\Manager\FileStore\98年度簡再字第13號(2).doc" 轉換至 "D:\NTAKWeb\NTAK_DDQS\Exec\ConvertArea\98年度簡再字第13號(2).doc.txt" 時發生錯誤, 原因: Variant does not reference an automation object
[20141110-101713 WordFileConvertSrv.exe] ERR> 轉檔作業失敗. 從 "D:\NTAKWeb\NTAK_DDQS\Exec\Manager\FileStore\99年度簡再字第9號.doc" 轉換至 "D:\NTAKWeb\NTAK_DDQS\Exec\ConvertArea\99年度簡再字第9號.doc.txt" 時發生錯誤, 原因: Variant does not reference an automation object
[20141110-101713 WordFileConvertSrv.exe] ERR> 轉檔作業失敗. 從 "D:\NTAKWeb\NTAK_DDQS\Exec\Manager\FileStore\IE8302100730陳景生101本稅-短報5%－更正後.doc" 轉換至 "D:\NTAKWeb\NTAK_DDQS\Exec\ConvertArea\IE8302100730陳景生101本稅-短報5%－更正後.doc.txt" 時發生錯誤, 原因: Variant does not reference an automation object
[20141110-101713 WordFileConvertSrv.exe] ERR> 轉檔作業失敗. 從 "D:\NTAKWeb\NTAK_DDQS\Exec\Manager\FileStore\JVP-LST.doc" 轉換至 "D:\NTAKWeb\NTAK_DDQS\Exec\ConvertArea\JVP-LST.doc.txt" 時發生錯誤, 原因: Variant does not reference an automation object
[20141110-101713 WordFileConvertSrv.exe] ERR> 轉檔作業失敗. 從 "D:\NTAKWeb\NTAK_DDQS\Exec\Manager\FileStore\NE0402400815邱翠蓮99罰鍰-未據實申報扣繳憑單20%-維持.doc" 轉換至 "D:\NTAKWeb\NTAK_DDQS\Exec\ConvertArea\NE0402400815邱翠蓮99罰鍰-未據實申報扣繳憑單20%-維持.doc.txt" 時發生錯誤, 原因: Variant does not reference an automation object
[20141110-101713 WordFileConvertSrv.exe] ERR> 轉檔作業失敗. 從 "D:\NTAKWeb\NTAK_DDQS\Exec\Manager\FileStore\NE0403100144章一民101年復查決定書-稿.doc" 轉換至 "D:\NTAKWeb\NTAK_DDQS\Exec\ConvertArea\NE0403100144章一民101年復查決定書-稿.doc.txt" 時發生錯誤, 原因: Variant does not reference an automation object
[20141110-101713 WordFileConvertSrv.exe] ERR> 轉檔作業失敗. 從 "D:\NTAKWeb\NTAK_DDQS\Exec\Manager\FileStore\NE8302100123莊全勝100免稅額-追減-核定.doc" 轉換至 "D:\NTAKWeb\NTAK_DDQS\Exec\ConvertArea\NE8302100123莊全勝100免稅額-追減-核定.doc.txt" 時發生錯誤, 原因: Variant does not reference an automation object
[20141110-101713 WordFileConvertSrv.exe] ERR> 轉檔作業失敗. 從 "D:\NTAKWeb\NTAK_DDQS\Exec\Manager\FileStore\NE8302400498潘&#21843;銘100罰鍰-委託他人代為申報-維持.doc" 轉換至 "D:\NTAKWeb\NTAK_DDQS\Exec\ConvertArea\NE8302400498潘&#21843;銘100罰鍰-委託他人代為申報-維持.doc.txt" 時發生錯誤, 原因: Variant does not reference an automation object
[20141110-101713 WordFileConvertSrv.exe] ERR> 轉檔作業失敗. 從 "D:\NTAKWeb\NTAK_DDQS\Exec\Manager\FileStore\何海鷗101虛列免稅額決定書(本+罰)正本.doc" 轉換至 "D:\NTAKWeb\NTAK_DDQS\Exec\ConvertArea\何海鷗101虛列免稅額決定書(本+罰)正本.doc.txt" 時發生錯誤, 原因: Variant does not reference an automation object
[20141110-101713 WordFileConvertSrv.exe] ERR> 轉檔作業失敗. 從 "D:\NTAKWeb\NTAK_DDQS\Exec\Manager\FileStore\佳勝營造(第09903392號)-94年度.doc" 轉換至 "D:\NTAKWeb\NTAK_DDQS\Exec\ConvertArea\佳勝營造(第09903392號)-94年度.doc.txt" 時發生錯誤, 原因: Variant does not reference an automation object
[20141110-101713 WordFileConvertSrv.exe] ERR> 轉檔作業失敗. 從 "D:\NTAKWeb\NTAK_DDQS\Exec\Manager\FileStore\北方之星(第09800030號)-89年度.doc" 轉換至 "D:\NTAKWeb\NTAK_DDQS\Exec\ConvertArea\北方之星(第09800030號)-89年度.doc.txt" 時發生錯誤, 原因: Variant does not reference an automation object
[20141110-101713 WordFileConvertSrv.exe] ERR> 轉檔作業失敗. 從 "D:\NTAKWeb\NTAK_DDQS\Exec\Manager\FileStore\呂冠霖(第09704361~09704365號)-91~95年度.doc" 轉換至 "D:\NTAKWeb\NTAK_DDQS\Exec\ConvertArea\呂冠霖(第09704361~09704365號)-91~95年度.doc.txt" 時發生錯誤, 原因: Variant does not reference an automation object
[20141110-101713 WordFileConvertSrv.exe] ERR> 轉檔作業失敗. 從 "D:\NTAKWeb\NTAK_DDQS\Exec\Manager\FileStore\周王金珍(第09800157號)-94年度.doc" 轉換至 "D:\NTAKWeb\NTAK_DDQS\Exec\ConvertArea\周王金珍(第09800157號)-94年度.doc.txt" 時發生錯誤, 原因: Variant does not reference an automation object
[20141110-101713 WordFileConvertSrv.exe] ERR> 轉檔作業失敗. 從 "D:\NTAKWeb\NTAK_DDQS\Exec\Manager\FileStore\廖東建(第10001282號)-98年度.doc" 轉換至 "D:\NTAKWeb\NTAK_DDQS\Exec\ConvertArea\廖東建(第10001282號)-98年度.doc.txt" 時發生錯誤, 原因: Variant does not reference an automation object
[20141110-101713 WordFileConvertSrv.exe] ERR> 轉檔作業失敗. 從 "D:\NTAKWeb\NTAK_DDQS\Exec\Manager\FileStore\廣建95營所稅決定書(虛銷8%).doc" 轉換至 "D:\NTAKWeb\NTAK_DDQS\Exec\ConvertArea\廣建95營所稅決定書(虛銷8%).doc.txt" 時發生錯誤, 原因: Variant does not reference an automation object
[20141110-101713 WordFileConvertSrv.exe] ERR> 轉檔作業失敗. 從 "D:\NTAKWeb\NTAK_DDQS\Exec\Manager\FileStore\彭宴祥(第09801703號)-96年度.doc" 轉換至 "D:\NTAKWeb\NTAK_DDQS\Exec\ConvertArea\彭宴祥(第09801703號)-96年度.doc.txt" 時發生錯誤, 原因: Variant does not reference an automation object
[20141110-101713 WordFileConvertSrv.exe] ERR> 轉檔作業失敗. 從 "D:\NTAKWeb\NTAK_DDQS\Exec\Manager\FileStore\復查決定-函洪俊良93信託營利所得-實質課稅-核課期間.doc" 轉換至 "D:\NTAKWeb\NTAK_DDQS\Exec\ConvertArea\復查決定-函洪俊良93信託營利所得-實質課稅-核課期間.doc.txt" 時發生錯誤, 原因: Variant does not reference an automation object
[20141110-101713 WordFileConvertSrv.exe] ERR> 轉檔作業失敗. 從 "D:\NTAKWeb\NTAK_DDQS\Exec\Manager\FileStore\日月光電子100年度營所稅復查決定書.doc" 轉換至 "D:\NTAKWeb\NTAK_DDQS\Exec\ConvertArea\日月光電子100年度營所稅復查決定書.doc.txt" 時發生錯誤, 原因: Variant does not reference an automation object
[20141110-101713 WordFileConvertSrv.exe] ERR> 轉檔作業失敗. 從 "D:\NTAKWeb\NTAK_DDQS\Exec\Manager\FileStore\李淑&#32137;決定書.doc" 轉換至 "D:\NTAKWeb\NTAK_DDQS\Exec\ConvertArea\李淑&#32137;決定書.doc.txt" 時發生錯誤, 原因: Variant does not reference an automation object
[20141110-101713 WordFileConvertSrv.exe] ERR> 轉檔作業失敗. 從 "D:\NTAKWeb\NTAK_DDQS\Exec\Manager\FileStore\李清 復查決定書.doc.doc" 轉換至 "D:\NTAKWeb\NTAK_DDQS\Exec\ConvertArea\李清 復查決定書.doc.doc.txt" 時發生錯誤, 原因: Variant does not reference an automation object
[20141110-101713 WordFileConvertSrv.exe] ERR> 轉檔作業失敗. 從 "D:\NTAKWeb\NTAK_DDQS\Exec\Manager\FileStore\李清&#23791;復查決定書.doc" 轉換至 "D:\NTAKWeb\NTAK_DDQS\Exec\ConvertArea\李清&#23791;復查決定書.doc.txt" 時發生錯誤, 原因: Variant does not reference an automation object
[20141110-101713 WordFileConvertSrv.exe] ERR> 轉檔作業失敗. 從 "D:\NTAKWeb\NTAK_DDQS\Exec\Manager\FileStore\林&#37979;宏決定書.doc" 轉換至 "D:\NTAKWeb\NTAK_DDQS\Exec\ConvertArea\林&#37979;宏決定書.doc.txt" 時發生錯誤, 原因: Variant does not reference an automation object
[20141110-101713 WordFileConvertSrv.exe] ERR> 轉檔作業失敗. 從 "D:\NTAKWeb\NTAK_DDQS\Exec\Manager\FileStore\林奇峰95年度復查報告確定版.doc" 轉換至 "D:\NTAKWeb\NTAK_DDQS\Exec\ConvertArea\林奇峰95年度復查報告確定版.doc.txt" 時發生錯誤, 原因: Variant does not reference an automation object
[20141110-101713 WordFileConvertSrv.exe] ERR> 轉檔作業失敗. 從 "D:\NTAKWeb\NTAK_DDQS\Exec\Manager\FileStore\林宜靜(第09903210號)-94~96年度.doc" 轉換至 "D:\NTAKWeb\NTAK_DDQS\Exec\ConvertArea\林宜靜(第09903210號)-94~96年度.doc.txt" 時發生錯誤, 原因: Variant does not reference an automation object
[20141110-101713 WordFileConvertSrv.exe] ERR> 轉檔作業失敗. 從 "D:\NTAKWeb\NTAK_DDQS\Exec\Manager\FileStore\林茂雄98年度綜合所得稅正本.doc" 轉換至 "D:\NTAKWeb\NTAK_DDQS\Exec\ConvertArea\林茂雄98年度綜合所得稅正本.doc.txt" 時發生錯誤, 原因: Variant does not reference an automation object
[20141110-101713 WordFileConvertSrv.exe] ERR> 轉檔作業失敗. 從 "D:\NTAKWeb\NTAK_DDQS\Exec\Manager\FileStore\林麗俐(第10002578號)-93年度.doc" 轉換至 "D:\NTAKWeb\NTAK_DDQS\Exec\ConvertArea\林麗俐(第10002578號)-93年度.doc.txt" 時發生錯誤, 原因: Variant does not reference an automation object
[20141110-101713 WordFileConvertSrv.exe] ERR> 轉檔作業失敗. 從 "D:\NTAKWeb\NTAK_DDQS\Exec\Manager\FileStore\楊肅泰(第09804135號)-96年度.doc" 轉換至 "D:\NTAKWeb\NTAK_DDQS\Exec\ConvertArea\楊肅泰(第09804135號)-96年度.doc.txt" 時發生錯誤, 原因: Variant does not reference an automation object
[20141110-101713 WordFileConvertSrv.exe] ERR> 轉檔作業失敗. 從 "D:\NTAKWeb\NTAK_DDQS\Exec\Manager\FileStore\歐陽建華(第09902018號)-88年度.doc" 轉換至 "D:\NTAKWeb\NTAK_DDQS\Exec\ConvertArea\歐陽建華(第09902018號)-88年度.doc.txt" 時發生錯誤, 原因: Variant does not reference an automation object
[20141110-101713 WordFileConvertSrv.exe] ERR> 轉檔作業失敗. 從 "D:\NTAKWeb\NTAK_DDQS\Exec\Manager\FileStore\武穎決~1.DOC" 轉換至 "D:\NTAKWeb\NTAK_DDQS\Exec\ConvertArea\武穎決~1.DOC.txt" 時發生錯誤, 原因: Variant does not reference an automation object
[20141110-101713 WordFileConvertSrv.exe] ERR> 轉檔作業失敗. 從 "D:\NTAKWeb\NTAK_DDQS\Exec\Manager\FileStore\潘&#21843;銘100罰鍰-委託他人代為申報-維持.doc" 轉換至 "D:\NTAKWeb\NTAK_DDQS\Exec\ConvertArea\潘&#21843;銘100罰鍰-委託他人代為申報-維持.doc.txt" 時發生錯誤, 原因: Variant does not reference an automation object
[20141110-101713 WordFileConvertSrv.exe] ERR> 轉檔作業失敗. 從 "D:\NTAKWeb\NTAK_DDQS\Exec\Manager\FileStore\王&#28702;苡101年特銷稅罰鍰決定書-函.docx" 轉換至 "D:\NTAKWeb\NTAK_DDQS\Exec\ConvertArea\王&#28702;苡101年特銷稅罰鍰決定書-函.docx.txt" 時發生錯誤, 原因: Variant does not reference an automation object
[20141110-101713 WordFileConvertSrv.exe] ERR> 轉檔作業失敗. 從 "D:\NTAKWeb\NTAK_DDQS\Exec\Manager\FileStore\白美香(第09803188號)-96年度.doc" 轉換至 "D:\NTAKWeb\NTAK_DDQS\Exec\ConvertArea\白美香(第09803188號)-96年度.doc.txt" 時發生錯誤, 原因: Variant does not reference an automation object
[20141110-101713 WordFileConvertSrv.exe] ERR> 轉檔作業失敗. 從 "D:\NTAKWeb\NTAK_DDQS\Exec\Manager\FileStore\蘇宏典(第10001702號)-95年度.doc" 轉換至 "D:\NTAKWeb\NTAK_DDQS\Exec\ConvertArea\蘇宏典(第10001702號)-95年度.doc.txt" 時發生錯誤, 原因: Variant does not reference an automation object
[20141110-101713 WordFileConvertSrv.exe] ERR> 轉檔作業失敗. 從 "D:\NTAKWeb\NTAK_DDQS\Exec\Manager\FileStore\達旺廣告(第09803394號)-95年度.doc" 轉換至 "D:\NTAKWeb\NTAK_DDQS\Exec\ConvertArea\達旺廣告(第09803394號)-95年度.doc.txt" 時發生錯誤, 原因: Variant does not reference an automation object
[20141110-101713 WordFileConvertSrv.exe] ERR> 轉檔作業失敗. 從 "D:\NTAKWeb\NTAK_DDQS\Exec\Manager\FileStore\鍇億國際95營所稅決定書(虛銷8%).doc" 轉換至 "D:\NTAKWeb\NTAK_DDQS\Exec\ConvertArea\鍇億國際95營所稅決定書(虛銷8%).doc.txt" 時發生錯誤, 原因: Variant does not reference an automation object
[20141110-101713 WordFileConvertSrv.exe] ERR> 轉檔作業失敗. 從 "D:\NTAKWeb\NTAK_DDQS\Exec\Manager\FileStore\鍇億國際95營所稅決定書虛銷8%.doc" 轉換至 "D:\NTAKWeb\NTAK_DDQS\Exec\ConvertArea\鍇億國際95營所稅決定書虛銷8%.doc.txt" 時發生錯誤, 原因: Variant does not reference an automation object
[20141110-101713 WordFileConvertSrv.exe] ERR> 轉檔作業失敗. 從 "D:\NTAKWeb\NTAK_DDQS\Exec\Manager\FileStore\陳麗文(第09801332號)-96年度.doc" 轉換至 "D:\NTAKWeb\NTAK_DDQS\Exec\ConvertArea\陳麗文(第09801332號)-96年度.doc.txt" 時發生錯誤, 原因: Variant does not reference an automation object
[20141110-101713 WordFileConvertSrv.exe] ERR> 轉檔作業失敗. 從 "D:\NTAKWeb\NTAK_DDQS\Exec\Manager\FileStore\黃&#28702;瑢復查決定書-海外所得.doc" 轉換至 "D:\NTAKWeb\NTAK_DDQS\Exec\ConvertArea\黃&#28702;瑢復查決定書-海外所得.doc.txt" 時發生錯誤, 原因: Variant does not reference an automation object
[20141110-101713 WordFileConvertSrv.exe] ERR> 轉檔作業失敗. 從 "D:\NTAKWeb\NTAK_DDQS\Exec\Manager\FileStore\黃鳳珠(第09703642號)-95年度.doc" 轉換至 "D:\NTAKWeb\NTAK_DDQS\Exec\ConvertArea\黃鳳珠(第09703642號)-95年度.doc.txt" 時發生錯誤, 原因: Variant does not reference an automation object
[20141110-101713 WordFileConvertSrv.exe] ERR> 轉檔作業失敗. 從 "D:\NTAKWeb\NTAK_DDQS\Exec\Manager\FileStore\&#40644;武穎決定書.doc" 轉換至 "D:\NTAKWeb\NTAK_DDQS\Exec\ConvertArea\&#40644;武穎決定書.doc.txt" 時發生錯誤, 原因: Variant does not reference an automation object
[20141110-101713 WordFileConvertSrv.exe] ERR> 轉檔作業失敗. 從 "D:\NTAKWeb\NTAK_DDQS\Exec\Manager\FileStore\09700128300.doc" 轉換至 "D:\NTAKWeb\NTAK_DDQS\Exec\ConvertArea\09700128300.doc.txt" 時發生錯誤, 原因: Variant does not reference an automation object
[20141110-101713 WordFileConvertSrv.exe] ERR> 轉檔作業失敗. 從 "D:\NTAKWeb\NTAK_DDQS\Exec\Manager\FileStore\09700398060.doc" 轉換至 "D:\NTAKWeb\NTAK_DDQS\Exec\ConvertArea\09700398060.doc.txt" 時發生錯誤, 原因: Variant does not reference an automation object
[20141110-101713 WordFileConvertSrv.exe] ERR> 轉檔作業失敗. 從 "D:\NTAKWeb\NTAK_DDQS\Exec\Manager\FileStore\1-1020924洪瑞&#23791;君96年度復查決定書-函.doc" 轉換至 "D:\NTAKWeb\NTAK_DDQS\Exec\ConvertArea\1-1020924洪瑞&#23791;君96年度復查決定書-函.doc.txt" 時發生錯誤, 原因: Variant does not reference an automation object
[20141110-101713 WordFileConvertSrv.exe] ERR> 轉檔作業失敗. 從 "D:\NTAKWeb\NTAK_DDQS\Exec\Manager\FileStore\100-2-21鍾泰營造有限公司營業稅罰鍰(復查決定書-重繕(發文).doc" 轉換至 "D:\NTAKWeb\NTAK_DDQS\Exec\ConvertArea\100-2-21鍾泰營造有限公司營業稅罰鍰(復查決定書-重繕(發文).doc.txt" 時發生錯誤, 原因: Variant does not reference an automation object
[20141110-101713 WordFileConvertSrv.exe] ERR> 轉檔作業失敗. 從 "D:\NTAKWeb\NTAK_DDQS\Exec\Manager\FileStore\100年度判字第1949號.doc" 轉換至 "D:\NTAKWeb\NTAK_DDQS\Exec\ConvertArea\100年度判字第1949號.doc.txt" 時發生錯誤, 原因: Variant does not reference an automation object
[20141110-101713 WordFileConvertSrv.exe] ERR> 轉檔作業失敗. 從 "D:\NTAKWeb\NTAK_DDQS\Exec\Manager\FileStore\100年度復查決定書稿發文.doc" 轉換至 "D:\NTAKWeb\NTAK_DDQS\Exec\ConvertArea\100年度復查決定書稿發文.doc.txt" 時發生錯誤, 原因: Variant does not reference an automation object
[20141110-101713 WordFileConvertSrv.exe] ERR> 轉檔作業失敗. 從 "D:\NTAKWeb\NTAK_DDQS\Exec\Manager\FileStore\100年度訴字第444號.doc" 轉換至 "D:\NTAKWeb\NTAK_DDQS\Exec\ConvertArea\100年度訴字第444號.doc.txt" 時發生錯誤, 原因: Variant does not reference an automation object
[20141110-101713 WordFileConvertSrv.exe] ERR> 轉檔作業失敗. 從 "D:\NTAKWeb\NTAK_DDQS\Exec\Manager\FileStore\102.4.29-陳&#28913;泰(陳吳芬釵)100年度綜所稅復查決定書.doc" 轉換至 "D:\NTAKWeb\NTAK_DDQS\Exec\ConvertArea\102.4.29-陳&#28913;泰(陳吳芬釵)100年度綜所稅復查決定書.doc.txt" 時發生錯誤, 原因: Variant does not reference an automation object
[20141110-101713 WordFileConvertSrv.exe] ERR> 轉檔作業失敗. 從 "D:\NTAKWeb\NTAK_DDQS\Exec\Manager\FileStore\10201614.doc" 轉換至 "D:\NTAKWeb\NTAK_DDQS\Exec\ConvertArea\10201614.doc.txt" 時發生錯誤, 原因: Variant does not reference an automation object
[20141110-101713 WordFileConvertSrv.exe] ERR> 轉檔作業失敗. 從 "D:\NTAKWeb\NTAK_DDQS\Exec\Manager\FileStore\1020716張孟信99年度綜所稅復查決定書(復查會決議修正).doc" 轉換至 "D:\NTAKWeb\NTAK_DDQS\Exec\ConvertArea\1020716張孟信99年度綜所稅復查決定書(復查會決議修正).doc.txt" 時發生錯誤, 原因: Variant does not reference an automation object
[20141110-101713 WordFileConvertSrv.exe] ERR> 轉檔作業失敗. 從 "D:\NTAKWeb\NTAK_DDQS\Exec\Manager\FileStore\1021030黃振銘君99年度綜所稅復查決定書.doc" 轉換至 "D:\NTAKWeb\NTAK_DDQS\Exec\ConvertArea\1021030黃振銘君99年度綜所稅復查決定書.doc.txt" 時發生錯誤, 原因: Variant does not reference an automation object
[20141110-101713 WordFileConvertSrv.exe] ERR> 轉檔作業失敗. 從 "D:\NTAKWeb\NTAK_DDQS\Exec\Manager\FileStore\103.06.23發文-黃小芳101年綜所稅決定書稿.doc" 轉換至 "D:\NTAKWeb\NTAK_DDQS\Exec\ConvertArea\103.06.23發文-黃小芳101年綜所稅決定書稿.doc.txt" 時發生錯誤, 原因: Variant does not reference an automation object
[20141110-101713 WordFileConvertSrv.exe] ERR> 轉檔作業失敗. 從 "D:\NTAKWeb\NTAK_DDQS\Exec\Manager\FileStore\103.4.25發文-陳振昌100年綜所稅決定書(罰鍰).doc" 轉換至 "D:\NTAKWeb\NTAK_DDQS\Exec\ConvertArea\103.4.25發文-陳振昌100年綜所稅決定書(罰鍰).doc.txt" 時發生錯誤, 原因: Variant does not reference an automation object
[20141110-101713 WordFileConvertSrv.exe] ERR> 轉檔作業失敗. 從 "D:\NTAKWeb\NTAK_DDQS\Exec\Manager\FileStore\10300120.doc" 轉換至 "D:\NTAKWeb\NTAK_DDQS\Exec\ConvertArea\10300120.doc.txt" 時發生錯誤, 原因: Variant does not reference an automation object
[20141110-101713 WordFileConvertSrv.exe] ERR> 轉檔作業失敗. 從 "D:\NTAKWeb\NTAK_DDQS\Exec\Manager\FileStore\1030912江昌101營所稅(漏報其他收入) 罰鍰復查決定書(發文).doc" 轉換至 "D:\NTAKWeb\NTAK_DDQS\Exec\ConvertArea\1030912江昌101營所稅(漏報其他收入) 罰鍰復查決定書(發文).doc.txt" 時發生錯誤, 原因: Variant does not reference an automation object
[20141110-101713 WordFileConvertSrv.exe] ERR> 轉檔作業失敗. 從 "D:\NTAKWeb\NTAK_DDQS\Exec\Manager\FileStore\95年度訴字第160號(2).doc" 轉換至 "D:\NTAKWeb\NTAK_DDQS\Exec\ConvertArea\95年度訴字第160號(2).doc.txt" 時發生錯誤, 原因: Variant does not reference an automation object
[20141110-101713 WordFileConvertSrv.exe] ERR> 轉檔作業失敗. 從 "D:\NTAKWeb\NTAK_DDQS\Exec\Manager\FileStore\98年度再字第37號.doc" 轉換至 "D:\NTAKWeb\NTAK_DDQS\Exec\ConvertArea\98年度再字第37號.doc.txt" 時發生錯誤, 原因: Variant does not reference an automation object
[20141110-101713 WordFileConvertSrv.exe] ERR> 轉檔作業失敗. 從 "D:\NTAKWeb\NTAK_DDQS\Exec\Manager\FileStore\98年度簡再字第13號(2).doc" 轉換至 "D:\NTAKWeb\NTAK_DDQS\Exec\ConvertArea\98年度簡再字第13號(2).doc.txt" 時發生錯誤, 原因: Variant does not reference an automation object
[20141110-101713 WordFileConvertSrv.exe] ERR> 轉檔作業失敗. 從 "D:\NTAKWeb\NTAK_DDQS\Exec\Manager\FileStore\99年度簡再字第9號.doc" 轉換至 "D:\NTAKWeb\NTAK_DDQS\Exec\ConvertArea\99年度簡再字第9號.doc.txt" 時發生錯誤, 原因: Variant does not reference an automation object
[20141110-101713 WordFileConvertSrv.exe] ERR> 轉檔作業失敗. 從 "D:\NTAKWeb\NTAK_DDQS\Exec\Manager\FileStore\IE8302100730陳景生101本稅-短報5%－更正後.doc" 轉換至 "D:\NTAKWeb\NTAK_DDQS\Exec\ConvertArea\IE8302100730陳景生101本稅-短報5%－更正後.doc.txt" 時發生錯誤, 原因: Variant does not reference an automation object
[20141110-101713 WordFileConvertSrv.exe] ERR> 轉檔作業失敗. 從 "D:\NTAKWeb\NTAK_DDQS\Exec\Manager\FileStore\JVP-LST.doc" 轉換至 "D:\NTAKWeb\NTAK_DDQS\Exec\ConvertArea\JVP-LST.doc.txt" 時發生錯誤, 原因: Variant does not reference an automation object
[20141110-101713 WordFileConvertSrv.exe] ERR> 轉檔作業失敗. 從 "D:\NTAKWeb\NTAK_DDQS\Exec\Manager\FileStore\NE0402400815邱翠蓮99罰鍰-未據實申報扣繳憑單20%-維持.doc" 轉換至 "D:\NTAKWeb\NTAK_DDQS\Exec\ConvertArea\NE0402400815邱翠蓮99罰鍰-未據實申報扣繳憑單20%-維持.doc.txt" 時發生錯誤, 原因: Variant does not reference an automation object
[20141110-101713 WordFileConvertSrv.exe] ERR> 轉檔作業失敗. 從 "D:\NTAKWeb\NTAK_DDQS\Exec\Manager\FileStore\NE0403100144章一民101年復查決定書-稿.doc" 轉換至 "D:\NTAKWeb\NTAK_DDQS\Exec\ConvertArea\NE0403100144章一民101年復查決定書-稿.doc.txt" 時發生錯誤, 原因: Variant does not reference an automation object
[20141110-101713 WordFileConvertSrv.exe] ERR> 轉檔作業失敗. 從 "D:\NTAKWeb\NTAK_DDQS\Exec\Manager\FileStore\NE8302100123莊全勝100免稅額-追減-核定.doc" 轉換至 "D:\NTAKWeb\NTAK_DDQS\Exec\ConvertArea\NE8302100123莊全勝100免稅額-追減-核定.doc.txt" 時發生錯誤, 原因: Variant does not reference an automation object
[20141110-101713 WordFileConvertSrv.exe] ERR> 轉檔作業失敗. 從 "D:\NTAKWeb\NTAK_DDQS\Exec\Manager\FileStore\NE8302400498潘&#21843;銘100罰鍰-委託他人代為申報-維持.doc" 轉換至 "D:\NTAKWeb\NTAK_DDQS\Exec\ConvertArea\NE8302400498潘&#21843;銘100罰鍰-委託他人代為申報-維持.doc.txt" 時發生錯誤, 原因: Variant does not reference an automation object
[20141110-101713 WordFileConvertSrv.exe] ERR> 轉檔作業失敗. 從 "D:\NTAKWeb\NTAK_DDQS\Exec\Manager\FileStore\何海鷗101虛列免稅額決定書(本+罰)正本.doc" 轉換至 "D:\NTAKWeb\NTAK_DDQS\Exec\ConvertArea\何海鷗101虛列免稅額決定書(本+罰)正本.doc.txt" 時發生錯誤, 原因: Variant does not reference an automation object
[20141110-101713 WordFileConvertSrv.exe] ERR> 轉檔作業失敗. 從 "D:\NTAKWeb\NTAK_DDQS\Exec\Manager\FileStore\佳勝營造(第09903392號)-94年度.doc" 轉換至 "D:\NTAKWeb\NTAK_DDQS\Exec\ConvertArea\佳勝營造(第09903392號)-94年度.doc.txt" 時發生錯誤, 原因: Variant does not reference an automation object
[20141110-101713 WordFileConvertSrv.exe] ERR> 轉檔作業失敗. 從 "D:\NTAKWeb\NTAK_DDQS\Exec\Manager\FileStore\北方之星(第09800030號)-89年度.doc" 轉換至 "D:\NTAKWeb\NTAK_DDQS\Exec\ConvertArea\北方之星(第09800030號)-89年度.doc.txt" 時發生錯誤, 原因: Variant does not reference an automation object
[20141110-101713 WordFileConvertSrv.exe] ERR> 轉檔作業失敗. 從 "D:\NTAKWeb\NTAK_DDQS\Exec\Manager\FileStore\呂冠霖(第09704361~09704365號)-91~95年度.doc" 轉換至 "D:\NTAKWeb\NTAK_DDQS\Exec\ConvertArea\呂冠霖(第09704361~09704365號)-91~95年度.doc.txt" 時發生錯誤, 原因: Variant does not reference an automation object
[20141110-101713 WordFileConvertSrv.exe] ERR> 轉檔作業失敗. 從 "D:\NTAKWeb\NTAK_DDQS\Exec\Manager\FileStore\周王金珍(第09800157號)-94年度.doc" 轉換至 "D:\NTAKWeb\NTAK_DDQS\Exec\ConvertArea\周王金珍(第09800157號)-94年度.doc.txt" 時發生錯誤, 原因: Variant does not reference an automation object
[20141110-101713 WordFileConvertSrv.exe] ERR> 轉檔作業失敗. 從 "D:\NTAKWeb\NTAK_DDQS\Exec\Manager\FileStore\廖東建(第10001282號)-98年度.doc" 轉換至 "D:\NTAKWeb\NTAK_DDQS\Exec\ConvertArea\廖東建(第10001282號)-98年度.doc.txt" 時發生錯誤, 原因: Variant does not reference an automation object
[20141110-101713 WordFileConvertSrv.exe] ERR> 轉檔作業失敗. 從 "D:\NTAKWeb\NTAK_DDQS\Exec\Manager\FileStore\廣建95營所稅決定書(虛銷8%).doc" 轉換至 "D:\NTAKWeb\NTAK_DDQS\Exec\ConvertArea\廣建95營所稅決定書(虛銷8%).doc.txt" 時發生錯誤, 原因: Variant does not reference an automation object
[20141110-101713 WordFileConvertSrv.exe] ERR> 轉檔作業失敗. 從 "D:\NTAKWeb\NTAK_DDQS\Exec\Manager\FileStore\彭宴祥(第09801703號)-96年度.doc" 轉換至 "D:\NTAKWeb\NTAK_DDQS\Exec\ConvertArea\彭宴祥(第09801703號)-96年度.doc.txt" 時發生錯誤, 原因: Variant does not reference an automation object
[20141110-101713 WordFileConvertSrv.exe] ERR> 轉檔作業失敗. 從 "D:\NTAKWeb\NTAK_DDQS\Exec\Manager\FileStore\復查決定-函洪俊良93信託營利所得-實質課稅-核課期間.doc" 轉換至 "D:\NTAKWeb\NTAK_DDQS\Exec\ConvertArea\復查決定-函洪俊良93信託營利所得-實質課稅-核課期間.doc.txt" 時發生錯誤, 原因: Variant does not reference an automation object
[20141110-101713 WordFileConvertSrv.exe] ERR> 轉檔作業失敗. 從 "D:\NTAKWeb\NTAK_DDQS\Exec\Manager\FileStore\日月光電子100年度營所稅復查決定書.doc" 轉換至 "D:\NTAKWeb\NTAK_DDQS\Exec\ConvertArea\日月光電子100年度營所稅復查決定書.doc.txt" 時發生錯誤, 原因: Variant does not reference an automation object
[20141110-101713 WordFileConvertSrv.exe] ERR> 轉檔作業失敗. 從 "D:\NTAKWeb\NTAK_DDQS\Exec\Manager\FileStore\李淑&#32137;決定書.doc" 轉換至 "D:\NTAKWeb\NTAK_DDQS\Exec\ConvertArea\李淑&#32137;決定書.doc.txt" 時發生錯誤, 原因: Variant does not reference an automation object
[20141110-101713 WordFileConvertSrv.exe] ERR> 轉檔作業失敗. 從 "D:\NTAKWeb\NTAK_DDQS\Exec\Manager\FileStore\李清 復查決定書.doc.doc" 轉換至 "D:\NTAKWeb\NTAK_DDQS\Exec\ConvertArea\李清 復查決定書.doc.doc.txt" 時發生錯誤, 原因: Variant does not reference an automation object
[20141110-101713 WordFileConvertSrv.exe] ERR> 轉檔作業失敗. 從 "D:\NTAKWeb\NTAK_DDQS\Exec\Manager\FileStore\李清&#23791;復查決定書.doc" 轉換至 "D:\NTAKWeb\NTAK_DDQS\Exec\ConvertArea\李清&#23791;復查決定書.doc.txt" 時發生錯誤, 原因: Variant does not reference an automation object
[20141110-101713 WordFileConvertSrv.exe] ERR> 轉檔作業失敗. 從 "D:\NTAKWeb\NTAK_DDQS\Exec\Manager\FileStore\林&#37979;宏決定書.doc" 轉換至 "D:\NTAKWeb\NTAK_DDQS\Exec\ConvertArea\林&#37979;宏決定書.doc.txt" 時發生錯誤, 原因: Variant does not reference an automation object
[20141110-101713 WordFileConvertSrv.exe] ERR> 轉檔作業失敗. 從 "D:\NTAKWeb\NTAK_DDQS\Exec\Manager\FileStore\林奇峰95年度復查報告確定版.doc" 轉換至 "D:\NTAKWeb\NTAK_DDQS\Exec\ConvertArea\林奇峰95年度復查報告確定版.doc.txt" 時發生錯誤, 原因: Variant does not reference an automation object
[20141110-101713 WordFileConvertSrv.exe] ERR> 轉檔作業失敗. 從 "D:\NTAKWeb\NTAK_DDQS\Exec\Manager\FileStore\林宜靜(第09903210號)-94~96年度.doc" 轉換至 "D:\NTAKWeb\NTAK_DDQS\Exec\ConvertArea\林宜靜(第09903210號)-94~96年度.doc.txt" 時發生錯誤, 原因: Variant does not reference an automation object
[20141110-101713 WordFileConvertSrv.exe] ERR> 轉檔作業失敗. 從 "D:\NTAKWeb\NTAK_DDQS\Exec\Manager\FileStore\林茂雄98年度綜合所得稅正本.doc" 轉換至 "D:\NTAKWeb\NTAK_DDQS\Exec\ConvertArea\林茂雄98年度綜合所得稅正本.doc.txt" 時發生錯誤, 原因: Variant does not reference an automation object
[20141110-101713 WordFileConvertSrv.exe] ERR> 轉檔作業失敗. 從 "D:\NTAKWeb\NTAK_DDQS\Exec\Manager\FileStore\林麗俐(第10002578號)-93年度.doc" 轉換至 "D:\NTAKWeb\NTAK_DDQS\Exec\ConvertArea\林麗俐(第10002578號)-93年度.doc.txt" 時發生錯誤, 原因: Variant does not reference an automation object
[20141110-101713 WordFileConvertSrv.exe] ERR> 轉檔作業失敗. 從 "D:\NTAKWeb\NTAK_DDQS\Exec\Manager\FileStore\楊肅泰(第09804135號)-96年度.doc" 轉換至 "D:\NTAKWeb\NTAK_DDQS\Exec\ConvertArea\楊肅泰(第09804135號)-96年度.doc.txt" 時發生錯誤, 原因: Variant does not reference an automation object
[20141110-101713 WordFileConvertSrv.exe] ERR> 轉檔作業失敗. 從 "D:\NTAKWeb\NTAK_DDQS\Exec\Manager\FileStore\歐陽建華(第09902018號)-88年度.doc" 轉換至 "D:\NTAKWeb\NTAK_DDQS\Exec\ConvertArea\歐陽建華(第09902018號)-88年度.doc.txt" 時發生錯誤, 原因: Variant does not reference an automation object
[20141110-101713 WordFileConvertSrv.exe] ERR> 轉檔作業失敗. 從 "D:\NTAKWeb\NTAK_DDQS\Exec\Manager\FileStore\武穎決~1.DOC" 轉換至 "D:\NTAKWeb\NTAK_DDQS\Exec\ConvertArea\武穎決~1.DOC.txt" 時發生錯誤, 原因: Variant does not reference an automation object
[20141110-101713 WordFileConvertSrv.exe] ERR> 轉檔作業失敗. 從 "D:\NTAKWeb\NTAK_DDQS\Exec\Manager\FileStore\潘&#21843;銘100罰鍰-委託他人代為申報-維持.doc" 轉換至 "D:\NTAKWeb\NTAK_DDQS\Exec\ConvertArea\潘&#21843;銘100罰鍰-委託他人代為申報-維持.doc.txt" 時發生錯誤, 原因: Variant does not reference an automation object
[20141110-101713 WordFileConvertSrv.exe] ERR> 轉檔作業失敗. 從 "D:\NTAKWeb\NTAK_DDQS\Exec\Manager\FileStore\王&#28702;苡101年特銷稅罰鍰決定書-函.docx" 轉換至 "D:\NTAKWeb\NTAK_DDQS\Exec\ConvertArea\王&#28702;苡101年特銷稅罰鍰決定書-函.docx.txt" 時發生錯誤, 原因: Variant does not reference an automation object
[20141110-101713 WordFileConvertSrv.exe] ERR> 轉檔作業失敗. 從 "D:\NTAKWeb\NTAK_DDQS\Exec\Manager\FileStore\白美香(第09803188號)-96年度.doc" 轉換至 "D:\NTAKWeb\NTAK_DDQS\Exec\ConvertArea\白美香(第09803188號)-96年度.doc.txt" 時發生錯誤, 原因: Variant does not reference an automation object
[20141110-101713 WordFileConvertSrv.exe] ERR> 轉檔作業失敗. 從 "D:\NTAKWeb\NTAK_DDQS\Exec\Manager\FileStore\蘇宏典(第10001702號)-95年度.doc" 轉換至 "D:\NTAKWeb\NTAK_DDQS\Exec\ConvertArea\蘇宏典(第10001702號)-95年度.doc.txt" 時發生錯誤, 原因: Variant does not reference an automation object
[20141110-101713 WordFileConvertSrv.exe] ERR> 轉檔作業失敗. 從 "D:\NTAKWeb\NTAK_DDQS\Exec\Manager\FileStore\達旺廣告(第09803394號)-95年度.doc" 轉換至 "D:\NTAKWeb\NTAK_DDQS\Exec\ConvertArea\達旺廣告(第09803394號)-95年度.doc.txt" 時發生錯誤, 原因: Variant does not reference an automation object
[20141110-101713 WordFileConvertSrv.exe] ERR> 轉檔作業失敗. 從 "D:\NTAKWeb\NTAK_DDQS\Exec\Manager\FileStore\鍇億國際95營所稅決定書(虛銷8%).doc" 轉換至 "D:\NTAKWeb\NTAK_DDQS\Exec\ConvertArea\鍇億國際95營所稅決定書(虛銷8%).doc.txt" 時發生錯誤, 原因: Variant does not reference an automation object
[20141110-101713 WordFileConvertSrv.exe] ERR> 轉檔作業失敗. 從 "D:\NTAKWeb\NTAK_DDQS\Exec\Manager\FileStore\鍇億國際95營所稅決定書虛銷8%.doc" 轉換至 "D:\NTAKWeb\NTAK_DDQS\Exec\ConvertArea\鍇億國際95營所稅決定書虛銷8%.doc.txt" 時發生錯誤, 原因: Variant does not reference an automation object
[20141110-101713 WordFileConvertSrv.exe] ERR> 轉檔作業失敗. 從 "D:\NTAKWeb\NTAK_DDQS\Exec\Manager\FileStore\陳麗文(第09801332號)-96年度.doc" 轉換至 "D:\NTAKWeb\NTAK_DDQS\Exec\ConvertArea\陳麗文(第09801332號)-96年度.doc.txt" 時發生錯誤, 原因: Variant does not reference an automation object
[20141110-101713 WordFileConvertSrv.exe] ERR> 轉檔作業失敗. 從 "D:\NTAKWeb\NTAK_DDQS\Exec\Manager\FileStore\黃&#28702;瑢復查決定書-海外所得.doc" 轉換至 "D:\NTAKWeb\NTAK_DDQS\Exec\ConvertArea\黃&#28702;瑢復查決定書-海外所得.doc.txt" 時發生錯誤, 原因: Variant does not reference an automation object
[20141110-101713 WordFileConvertSrv.exe] ERR> 轉檔作業失敗. 從 "D:\NTAKWeb\NTAK_DDQS\Exec\Manager\FileStore\黃鳳珠(第09703642號)-95年度.doc" 轉換至 "D:\NTAKWeb\NTAK_DDQS\Exec\ConvertArea\黃鳳珠(第09703642號)-95年度.doc.txt" 時發生錯誤, 原因: Variant does not reference an automation object
[20141112-085920 WordFileConvertSrv.exe] ERR> 轉檔作業失敗. 從 "D:\NTAKWeb\NTAK_DDQS\Exec\Manager\FileStore\&#40644;武穎決定書.doc" 轉換至 "D:\NTAKWeb\NTAK_DDQS\Exec\ConvertArea\&#40644;武穎決定書.doc.txt" 時發生錯誤, 原因: Variant does not reference an automation object
[20141112-085920 WordFileConvertSrv.exe] ERR> 轉檔作業失敗. 從 "D:\NTAKWeb\NTAK_DDQS\Exec\Manager\FileStore\09700128300.doc" 轉換至 "D:\NTAKWeb\NTAK_DDQS\Exec\ConvertArea\09700128300.doc.txt" 時發生錯誤, 原因: Variant does not reference an automation object
[20141112-085920 WordFileConvertSrv.exe] ERR> 轉檔作業失敗. 從 "D:\NTAKWeb\NTAK_DDQS\Exec\Manager\FileStore\09700398060.doc" 轉換至 "D:\NTAKWeb\NTAK_DDQS\Exec\ConvertArea\09700398060.doc.txt" 時發生錯誤, 原因: Variant does not reference an automation object
[20141112-085920 WordFileConvertSrv.exe] ERR> 轉檔作業失敗. 從 "D:\NTAKWeb\NTAK_DDQS\Exec\Manager\FileStore\1-1020924洪瑞&#23791;君96年度復查決定書-函.doc" 轉換至 "D:\NTAKWeb\NTAK_DDQS\Exec\ConvertArea\1-1020924洪瑞&#23791;君96年度復查決定書-函.doc.txt" 時發生錯誤, 原因: Variant does not reference an automation object
[20141112-085920 WordFileConvertSrv.exe] ERR> 轉檔作業失敗. 從 "D:\NTAKWeb\NTAK_DDQS\Exec\Manager\FileStore\100-2-21鍾泰營造有限公司營業稅罰鍰(復查決定書-重繕(發文).doc" 轉換至 "D:\NTAKWeb\NTAK_DDQS\Exec\ConvertArea\100-2-21鍾泰營造有限公司營業稅罰鍰(復查決定書-重繕(發文).doc.txt" 時發生錯誤, 原因: Variant does not reference an automation object
[20141112-085920 WordFileConvertSrv.exe] ERR> 轉檔作業失敗. 從 "D:\NTAKWeb\NTAK_DDQS\Exec\Manager\FileStore\100年度判字第1949號.doc" 轉換至 "D:\NTAKWeb\NTAK_DDQS\Exec\ConvertArea\100年度判字第1949號.doc.txt" 時發生錯誤, 原因: Variant does not reference an automation object
[20141112-085920 WordFileConvertSrv.exe] ERR> 轉檔作業失敗. 從 "D:\NTAKWeb\NTAK_DDQS\Exec\Manager\FileStore\100年度復查決定書稿發文.doc" 轉換至 "D:\NTAKWeb\NTAK_DDQS\Exec\ConvertArea\100年度復查決定書稿發文.doc.txt" 時發生錯誤, 原因: Variant does not reference an automation object
[20141112-085920 WordFileConvertSrv.exe] ERR> 轉檔作業失敗. 從 "D:\NTAKWeb\NTAK_DDQS\Exec\Manager\FileStore\100年度訴字第444號.doc" 轉換至 "D:\NTAKWeb\NTAK_DDQS\Exec\ConvertArea\100年度訴字第444號.doc.txt" 時發生錯誤, 原因: Variant does not reference an automation object
[20141112-085920 WordFileConvertSrv.exe] ERR> 轉檔作業失敗. 從 "D:\NTAKWeb\NTAK_DDQS\Exec\Manager\FileStore\102.4.29-陳&#28913;泰(陳吳芬釵)100年度綜所稅復查決定書.doc" 轉換至 "D:\NTAKWeb\NTAK_DDQS\Exec\ConvertArea\102.4.29-陳&#28913;泰(陳吳芬釵)100年度綜所稅復查決定書.doc.txt" 時發生錯誤, 原因: Variant does not reference an automation object
[20141112-085920 WordFileConvertSrv.exe] ERR> 轉檔作業失敗. 從 "D:\NTAKWeb\NTAK_DDQS\Exec\Manager\FileStore\10201614.doc" 轉換至 "D:\NTAKWeb\NTAK_DDQS\Exec\ConvertArea\10201614.doc.txt" 時發生錯誤, 原因: Variant does not reference an automation object
[20141112-085920 WordFileConvertSrv.exe] ERR> 轉檔作業失敗. 從 "D:\NTAKWeb\NTAK_DDQS\Exec\Manager\FileStore\1020716張孟信99年度綜所稅復查決定書(復查會決議修正).doc" 轉換至 "D:\NTAKWeb\NTAK_DDQS\Exec\ConvertArea\1020716張孟信99年度綜所稅復查決定書(復查會決議修正).doc.txt" 時發生錯誤, 原因: Variant does not reference an automation object
[20141112-085920 WordFileConvertSrv.exe] ERR> 轉檔作業失敗. 從 "D:\NTAKWeb\NTAK_DDQS\Exec\Manager\FileStore\1021030黃振銘君99年度綜所稅復查決定書.doc" 轉換至 "D:\NTAKWeb\NTAK_DDQS\Exec\ConvertArea\1021030黃振銘君99年度綜所稅復查決定書.doc.txt" 時發生錯誤, 原因: Variant does not reference an automation object
[20141112-085920 WordFileConvertSrv.exe] ERR> 轉檔作業失敗. 從 "D:\NTAKWeb\NTAK_DDQS\Exec\Manager\FileStore\103.06.23發文-黃小芳101年綜所稅決定書稿.doc" 轉換至 "D:\NTAKWeb\NTAK_DDQS\Exec\ConvertArea\103.06.23發文-黃小芳101年綜所稅決定書稿.doc.txt" 時發生錯誤, 原因: Variant does not reference an automation object
[20141112-085920 WordFileConvertSrv.exe] ERR> 轉檔作業失敗. 從 "D:\NTAKWeb\NTAK_DDQS\Exec\Manager\FileStore\103.4.25發文-陳振昌100年綜所稅決定書(罰鍰).doc" 轉換至 "D:\NTAKWeb\NTAK_DDQS\Exec\ConvertArea\103.4.25發文-陳振昌100年綜所稅決定書(罰鍰).doc.txt" 時發生錯誤, 原因: Variant does not reference an automation object
[20141112-085920 WordFileConvertSrv.exe] ERR> 轉檔作業失敗. 從 "D:\NTAKWeb\NTAK_DDQS\Exec\Manager\FileStore\10300120.doc" 轉換至 "D:\NTAKWeb\NTAK_DDQS\Exec\ConvertArea\10300120.doc.txt" 時發生錯誤, 原因: Variant does not reference an automation object
[20141112-085920 WordFileConvertSrv.exe] ERR> 轉檔作業失敗. 從 "D:\NTAKWeb\NTAK_DDQS\Exec\Manager\FileStore\1030912江昌101營所稅(漏報其他收入) 罰鍰復查決定書(發文).doc" 轉換至 "D:\NTAKWeb\NTAK_DDQS\Exec\ConvertArea\1030912江昌101營所稅(漏報其他收入) 罰鍰復查決定書(發文).doc.txt" 時發生錯誤, 原因: Variant does not reference an automation object
[20141112-085920 WordFileConvertSrv.exe] ERR> 轉檔作業失敗. 從 "D:\NTAKWeb\NTAK_DDQS\Exec\Manager\FileStore\95年度訴字第160號(2).doc" 轉換至 "D:\NTAKWeb\NTAK_DDQS\Exec\ConvertArea\95年度訴字第160號(2).doc.txt" 時發生錯誤, 原因: Variant does not reference an automation object
[20141112-085920 WordFileConvertSrv.exe] ERR> 轉檔作業失敗. 從 "D:\NTAKWeb\NTAK_DDQS\Exec\Manager\FileStore\98年度再字第37號.doc" 轉換至 "D:\NTAKWeb\NTAK_DDQS\Exec\ConvertArea\98年度再字第37號.doc.txt" 時發生錯誤, 原因: Variant does not reference an automation object
[20141112-085920 WordFileConvertSrv.exe] ERR> 轉檔作業失敗. 從 "D:\NTAKWeb\NTAK_DDQS\Exec\Manager\FileStore\98年度簡再字第13號(2).doc" 轉換至 "D:\NTAKWeb\NTAK_DDQS\Exec\ConvertArea\98年度簡再字第13號(2).doc.txt" 時發生錯誤, 原因: Variant does not reference an automation object
[20141112-085920 WordFileConvertSrv.exe] ERR> 轉檔作業失敗. 從 "D:\NTAKWeb\NTAK_DDQS\Exec\Manager\FileStore\99年度簡再字第9號.doc" 轉換至 "D:\NTAKWeb\NTAK_DDQS\Exec\ConvertArea\99年度簡再字第9號.doc.txt" 時發生錯誤, 原因: Variant does not reference an automation object
[20141112-085920 WordFileConvertSrv.exe] ERR> 轉檔作業失敗. 從 "D:\NTAKWeb\NTAK_DDQS\Exec\Manager\FileStore\IE0803200666及667趙麗101年未申-本稅程序不合-撤銷.doc" 轉換至 "D:\NTAKWeb\NTAK_DDQS\Exec\ConvertArea\IE0803200666及667趙麗101年未申-本稅程序不合-撤銷.doc.txt" 時發生錯誤, 原因: Variant does not reference an automation object
[20141112-085920 WordFileConvertSrv.exe] ERR> 轉檔作業失敗. 從 "D:\NTAKWeb\NTAK_DDQS\Exec\Manager\FileStore\IE8302100730陳景生101本稅-短報5%－更正後.doc" 轉換至 "D:\NTAKWeb\NTAK_DDQS\Exec\ConvertArea\IE8302100730陳景生101本稅-短報5%－更正後.doc.txt" 時發生錯誤, 原因: Variant does not reference an automation object
[20141112-085920 WordFileConvertSrv.exe] ERR> 轉檔作業失敗. 從 "D:\NTAKWeb\NTAK_DDQS\Exec\Manager\FileStore\JVP-LST.doc" 轉換至 "D:\NTAKWeb\NTAK_DDQS\Exec\ConvertArea\JVP-LST.doc.txt" 時發生錯誤, 原因: Variant does not reference an automation object
[20141112-085920 WordFileConvertSrv.exe] ERR> 轉檔作業失敗. 從 "D:\NTAKWeb\NTAK_DDQS\Exec\Manager\FileStore\NE0402400815邱翠蓮99罰鍰-未據實申報扣繳憑單20%-維持.doc" 轉換至 "D:\NTAKWeb\NTAK_DDQS\Exec\ConvertArea\NE0402400815邱翠蓮99罰鍰-未據實申報扣繳憑單20%-維持.doc.txt" 時發生錯誤, 原因: Variant does not reference an automation object
[20141112-085920 WordFileConvertSrv.exe] ERR> 轉檔作業失敗. 從 "D:\NTAKWeb\NTAK_DDQS\Exec\Manager\FileStore\NE0403100144章一民101年復查決定書-稿.doc" 轉換至 "D:\NTAKWeb\NTAK_DDQS\Exec\ConvertArea\NE0403100144章一民101年復查決定書-稿.doc.txt" 時發生錯誤, 原因: Variant does not reference an automation object
[20141112-085920 WordFileConvertSrv.exe] ERR> 轉檔作業失敗. 從 "D:\NTAKWeb\NTAK_DDQS\Exec\Manager\FileStore\NE8302100123莊全勝100免稅額-追減-核定.doc" 轉換至 "D:\NTAKWeb\NTAK_DDQS\Exec\ConvertArea\NE8302100123莊全勝100免稅額-追減-核定.doc.txt" 時發生錯誤, 原因: Variant does not reference an automation object
[20141112-085920 WordFileConvertSrv.exe] ERR> 轉檔作業失敗. 從 "D:\NTAKWeb\NTAK_DDQS\Exec\Manager\FileStore\NE8302400498潘&#21843;銘100罰鍰-委託他人代為申報-維持.doc" 轉換至 "D:\NTAKWeb\NTAK_DDQS\Exec\ConvertArea\NE8302400498潘&#21843;銘100罰鍰-委託他人代為申報-維持.doc.txt" 時發生錯誤, 原因: Variant does not reference an automation object
[20141112-085920 WordFileConvertSrv.exe] ERR> 轉檔作業失敗. 從 "D:\NTAKWeb\NTAK_DDQS\Exec\Manager\FileStore\何海鷗101虛列免稅額決定書(本+罰)正本.doc" 轉換至 "D:\NTAKWeb\NTAK_DDQS\Exec\ConvertArea\何海鷗101虛列免稅額決定書(本+罰)正本.doc.txt" 時發生錯誤, 原因: Variant does not reference an automation object
[20141112-085920 WordFileConvertSrv.exe] ERR> 轉檔作業失敗. 從 "D:\NTAKWeb\NTAK_DDQS\Exec\Manager\FileStore\佳勝營造(第09903392號)-94年度.doc" 轉換至 "D:\NTAKWeb\NTAK_DDQS\Exec\ConvertArea\佳勝營造(第09903392號)-94年度.doc.txt" 時發生錯誤, 原因: Variant does not reference an automation object
[20141112-085920 WordFileConvertSrv.exe] ERR> 轉檔作業失敗. 從 "D:\NTAKWeb\NTAK_DDQS\Exec\Manager\FileStore\北方之星(第09800030號)-89年度.doc" 轉換至 "D:\NTAKWeb\NTAK_DDQS\Exec\ConvertArea\北方之星(第09800030號)-89年度.doc.txt" 時發生錯誤, 原因: Variant does not reference an automation object
[20141112-085920 WordFileConvertSrv.exe] ERR> 轉檔作業失敗. 從 "D:\NTAKWeb\NTAK_DDQS\Exec\Manager\FileStore\呂冠霖(第09704361~09704365號)-91~95年度.doc" 轉換至 "D:\NTAKWeb\NTAK_DDQS\Exec\ConvertArea\呂冠霖(第09704361~09704365號)-91~95年度.doc.txt" 時發生錯誤, 原因: Variant does not reference an automation object
[20141112-085920 WordFileConvertSrv.exe] ERR> 轉檔作業失敗. 從 "D:\NTAKWeb\NTAK_DDQS\Exec\Manager\FileStore\周王金珍(第09800157號)-94年度.doc" 轉換至 "D:\NTAKWeb\NTAK_DDQS\Exec\ConvertArea\周王金珍(第09800157號)-94年度.doc.txt" 時發生錯誤, 原因: Variant does not reference an automation object
[20141112-085920 WordFileConvertSrv.exe] ERR> 轉檔作業失敗. 從 "D:\NTAKWeb\NTAK_DDQS\Exec\Manager\FileStore\廖東建(第10001282號)-98年度.doc" 轉換至 "D:\NTAKWeb\NTAK_DDQS\Exec\ConvertArea\廖東建(第10001282號)-98年度.doc.txt" 時發生錯誤, 原因: Variant does not reference an automation object
[20141112-085920 WordFileConvertSrv.exe] ERR> 轉檔作業失敗. 從 "D:\NTAKWeb\NTAK_DDQS\Exec\Manager\FileStore\廣建95營所稅決定書(虛銷8%).doc" 轉換至 "D:\NTAKWeb\NTAK_DDQS\Exec\ConvertArea\廣建95營所稅決定書(虛銷8%).doc.txt" 時發生錯誤, 原因: Variant does not reference an automation object
[20141112-085920 WordFileConvertSrv.exe] ERR> 轉檔作業失敗. 從 "D:\NTAKWeb\NTAK_DDQS\Exec\Manager\FileStore\彭宴祥(第09801703號)-96年度.doc" 轉換至 "D:\NTAKWeb\NTAK_DDQS\Exec\ConvertArea\彭宴祥(第09801703號)-96年度.doc.txt" 時發生錯誤, 原因: Variant does not reference an automation object
[20141112-085920 WordFileConvertSrv.exe] ERR> 轉檔作業失敗. 從 "D:\NTAKWeb\NTAK_DDQS\Exec\Manager\FileStore\復查決定-函洪俊良93信託營利所得-實質課稅-核課期間.doc" 轉換至 "D:\NTAKWeb\NTAK_DDQS\Exec\ConvertArea\復查決定-函洪俊良93信託營利所得-實質課稅-核課期間.doc.txt" 時發生錯誤, 原因: Variant does not reference an automation object
[20141112-085920 WordFileConvertSrv.exe] ERR> 轉檔作業失敗. 從 "D:\NTAKWeb\NTAK_DDQS\Exec\Manager\FileStore\日月光電子100年度營所稅復查決定書.doc" 轉換至 "D:\NTAKWeb\NTAK_DDQS\Exec\ConvertArea\日月光電子100年度營所稅復查決定書.doc.txt" 時發生錯誤, 原因: Variant does not reference an automation object
[20141112-085920 WordFileConvertSrv.exe] ERR> 轉檔作業失敗. 從 "D:\NTAKWeb\NTAK_DDQS\Exec\Manager\FileStore\李淑&#32137;決定書.doc" 轉換至 "D:\NTAKWeb\NTAK_DDQS\Exec\ConvertArea\李淑&#32137;決定書.doc.txt" 時發生錯誤, 原因: Variant does not reference an automation object
[20141112-085920 WordFileConvertSrv.exe] ERR> 轉檔作業失敗. 從 "D:\NTAKWeb\NTAK_DDQS\Exec\Manager\FileStore\李清 復查決定書.doc.doc" 轉換至 "D:\NTAKWeb\NTAK_DDQS\Exec\ConvertArea\李清 復查決定書.doc.doc.txt" 時發生錯誤, 原因: Variant does not reference an automation object
[20141112-085920 WordFileConvertSrv.exe] ERR> 轉檔作業失敗. 從 "D:\NTAKWeb\NTAK_DDQS\Exec\Manager\FileStore\李清&#23791;復查決定書.doc" 轉換至 "D:\NTAKWeb\NTAK_DDQS\Exec\ConvertArea\李清&#23791;復查決定書.doc.txt" 時發生錯誤, 原因: Variant does not reference an automation object
[20141112-085920 WordFileConvertSrv.exe] ERR> 轉檔作業失敗. 從 "D:\NTAKWeb\NTAK_DDQS\Exec\Manager\FileStore\林&#37979;宏決定書.doc" 轉換至 "D:\NTAKWeb\NTAK_DDQS\Exec\ConvertArea\林&#37979;宏決定書.doc.txt" 時發生錯誤, 原因: Variant does not reference an automation object
[20141112-085920 WordFileConvertSrv.exe] ERR> 轉檔作業失敗. 從 "D:\NTAKWeb\NTAK_DDQS\Exec\Manager\FileStore\林奇峰95年度復查報告確定版.doc" 轉換至 "D:\NTAKWeb\NTAK_DDQS\Exec\ConvertArea\林奇峰95年度復查報告確定版.doc.txt" 時發生錯誤, 原因: Variant does not reference an automation object
[20141112-085920 WordFileConvertSrv.exe] ERR> 轉檔作業失敗. 從 "D:\NTAKWeb\NTAK_DDQS\Exec\Manager\FileStore\林宜靜(第09903210號)-94~96年度.doc" 轉換至 "D:\NTAKWeb\NTAK_DDQS\Exec\ConvertArea\林宜靜(第09903210號)-94~96年度.doc.txt" 時發生錯誤, 原因: Variant does not reference an automation object
[20141112-085920 WordFileConvertSrv.exe] ERR> 轉檔作業失敗. 從 "D:\NTAKWeb\NTAK_DDQS\Exec\Manager\FileStore\林茂雄98年度綜合所得稅正本.doc" 轉換至 "D:\NTAKWeb\NTAK_DDQS\Exec\ConvertArea\林茂雄98年度綜合所得稅正本.doc.txt" 時發生錯誤, 原因: Variant does not reference an automation object
[20141112-085920 WordFileConvertSrv.exe] ERR> 轉檔作業失敗. 從 "D:\NTAKWeb\NTAK_DDQS\Exec\Manager\FileStore\林麗俐(第10002578號)-93年度.doc" 轉換至 "D:\NTAKWeb\NTAK_DDQS\Exec\ConvertArea\林麗俐(第10002578號)-93年度.doc.txt" 時發生錯誤, 原因: Variant does not reference an automation object
[20141112-085920 WordFileConvertSrv.exe] ERR> 轉檔作業失敗. 從 "D:\NTAKWeb\NTAK_DDQS\Exec\Manager\FileStore\楊肅泰(第09804135號)-96年度.doc" 轉換至 "D:\NTAKWeb\NTAK_DDQS\Exec\ConvertArea\楊肅泰(第09804135號)-96年度.doc.txt" 時發生錯誤, 原因: Variant does not reference an automation object
[20141112-085920 WordFileConvertSrv.exe] ERR> 轉檔作業失敗. 從 "D:\NTAKWeb\NTAK_DDQS\Exec\Manager\FileStore\歐陽建華(第09902018號)-88年度.doc" 轉換至 "D:\NTAKWeb\NTAK_DDQS\Exec\ConvertArea\歐陽建華(第09902018號)-88年度.doc.txt" 時發生錯誤, 原因: Variant does not reference an automation object
[20141112-085920 WordFileConvertSrv.exe] ERR> 轉檔作業失敗. 從 "D:\NTAKWeb\NTAK_DDQS\Exec\Manager\FileStore\武穎決~1.DOC" 轉換至 "D:\NTAKWeb\NTAK_DDQS\Exec\ConvertArea\武穎決~1.DOC.txt" 時發生錯誤, 原因: Variant does not reference an automation object
[20141112-085920 WordFileConvertSrv.exe] ERR> 轉檔作業失敗. 從 "D:\NTAKWeb\NTAK_DDQS\Exec\Manager\FileStore\潘&#21843;銘100罰鍰-委託他人代為申報-維持.doc" 轉換至 "D:\NTAKWeb\NTAK_DDQS\Exec\ConvertArea\潘&#21843;銘100罰鍰-委託他人代為申報-維持.doc.txt" 時發生錯誤, 原因: Variant does not reference an automation object
[20141112-085920 WordFileConvertSrv.exe] ERR> 轉檔作業失敗. 從 "D:\NTAKWeb\NTAK_DDQS\Exec\Manager\FileStore\王&#28702;苡101年特銷稅罰鍰決定書-函.docx" 轉換至 "D:\NTAKWeb\NTAK_DDQS\Exec\ConvertArea\王&#28702;苡101年特銷稅罰鍰決定書-函.docx.txt" 時發生錯誤, 原因: Variant does not reference an automation object
[20141112-085920 WordFileConvertSrv.exe] ERR> 轉檔作業失敗. 從 "D:\NTAKWeb\NTAK_DDQS\Exec\Manager\FileStore\白美香(第09803188號)-96年度.doc" 轉換至 "D:\NTAKWeb\NTAK_DDQS\Exec\ConvertArea\白美香(第09803188號)-96年度.doc.txt" 時發生錯誤, 原因: Variant does not reference an automation object
[20141112-085920 WordFileConvertSrv.exe] ERR> 轉檔作業失敗. 從 "D:\NTAKWeb\NTAK_DDQS\Exec\Manager\FileStore\蘇宏典(第10001702號)-95年度.doc" 轉換至 "D:\NTAKWeb\NTAK_DDQS\Exec\ConvertArea\蘇宏典(第10001702號)-95年度.doc.txt" 時發生錯誤, 原因: Variant does not reference an automation object
[20141112-085920 WordFileConvertSrv.exe] ERR> 轉檔作業失敗. 從 "D:\NTAKWeb\NTAK_DDQS\Exec\Manager\FileStore\達旺廣告(第09803394號)-95年度.doc" 轉換至 "D:\NTAKWeb\NTAK_DDQS\Exec\ConvertArea\達旺廣告(第09803394號)-95年度.doc.txt" 時發生錯誤, 原因: Variant does not reference an automation object
[20141112-085920 WordFileConvertSrv.exe] ERR> 轉檔作業失敗. 從 "D:\NTAKWeb\NTAK_DDQS\Exec\Manager\FileStore\鍇億國際95營所稅決定書(虛銷8%).doc" 轉換至 "D:\NTAKWeb\NTAK_DDQS\Exec\ConvertArea\鍇億國際95營所稅決定書(虛銷8%).doc.txt" 時發生錯誤, 原因: Variant does not reference an automation object
[20141112-085920 WordFileConvertSrv.exe] ERR> 轉檔作業失敗. 從 "D:\NTAKWeb\NTAK_DDQS\Exec\Manager\FileStore\鍇億國際95營所稅決定書虛銷8%.doc" 轉換至 "D:\NTAKWeb\NTAK_DDQS\Exec\ConvertArea\鍇億國際95營所稅決定書虛銷8%.doc.txt" 時發生錯誤, 原因: Variant does not reference an automation object
[20141112-085920 WordFileConvertSrv.exe] ERR> 轉檔作業失敗. 從 "D:\NTAKWeb\NTAK_DDQS\Exec\Manager\FileStore\陳麗文(第09801332號)-96年度.doc" 轉換至 "D:\NTAKWeb\NTAK_DDQS\Exec\ConvertArea\陳麗文(第09801332號)-96年度.doc.txt" 時發生錯誤, 原因: Variant does not reference an automation object
[20141112-085920 WordFileConvertSrv.exe] ERR> 轉檔作業失敗. 從 "D:\NTAKWeb\NTAK_DDQS\Exec\Manager\FileStore\黃&#28702;瑢復查決定書-海外所得.doc" 轉換至 "D:\NTAKWeb\NTAK_DDQS\Exec\ConvertArea\黃&#28702;瑢復查決定書-海外所得.doc.txt" 時發生錯誤, 原因: Variant does not reference an automation object
[20141112-085920 WordFileConvertSrv.exe] ERR> 轉檔作業失敗. 從 "D:\NTAKWeb\NTAK_DDQS\Exec\Manager\FileStore\黃鳳珠(第09703642號)-95年度.doc" 轉換至 "D:\NTAKWeb\NTAK_DDQS\Exec\ConvertArea\黃鳳珠(第09703642號)-95年度.doc.txt" 時發生錯誤, 原因: Variant does not reference an automation object
[20141112-090107 WordFileConvertSrv.exe] ERR> 轉檔作業失敗. 從 "D:\NTAKWeb\NTAK_DDQS\Exec\Manager\FileStore\&#40644;武穎決定書.doc" 轉換至 "D:\NTAKWeb\NTAK_DDQS\Exec\ConvertArea\&#40644;武穎決定書.doc.txt" 時發生錯誤, 原因: Variant does not reference an automation object
[20141112-090107 WordFileConvertSrv.exe] ERR> 轉檔作業失敗. 從 "D:\NTAKWeb\NTAK_DDQS\Exec\Manager\FileStore\09700128300.doc" 轉換至 "D:\NTAKWeb\NTAK_DDQS\Exec\ConvertArea\09700128300.doc.txt" 時發生錯誤, 原因: Variant does not reference an automation object
[20141112-090107 WordFileConvertSrv.exe] ERR> 轉檔作業失敗. 從 "D:\NTAKWeb\NTAK_DDQS\Exec\Manager\FileStore\09700398060.doc" 轉換至 "D:\NTAKWeb\NTAK_DDQS\Exec\ConvertArea\09700398060.doc.txt" 時發生錯誤, 原因: Variant does not reference an automation object
[20141112-090107 WordFileConvertSrv.exe] ERR> 轉檔作業失敗. 從 "D:\NTAKWeb\NTAK_DDQS\Exec\Manager\FileStore\1-1020924洪瑞&#23791;君96年度復查決定書-函.doc" 轉換至 "D:\NTAKWeb\NTAK_DDQS\Exec\ConvertArea\1-1020924洪瑞&#23791;君96年度復查決定書-函.doc.txt" 時發生錯誤, 原因: Variant does not reference an automation object
[20141112-090107 WordFileConvertSrv.exe] ERR> 轉檔作業失敗. 從 "D:\NTAKWeb\NTAK_DDQS\Exec\Manager\FileStore\100-2-21鍾泰營造有限公司營業稅罰鍰(復查決定書-重繕(發文).doc" 轉換至 "D:\NTAKWeb\NTAK_DDQS\Exec\ConvertArea\100-2-21鍾泰營造有限公司營業稅罰鍰(復查決定書-重繕(發文).doc.txt" 時發生錯誤, 原因: Variant does not reference an automation object
[20141112-090107 WordFileConvertSrv.exe] ERR> 轉檔作業失敗. 從 "D:\NTAKWeb\NTAK_DDQS\Exec\Manager\FileStore\100年度判字第1949號.doc" 轉換至 "D:\NTAKWeb\NTAK_DDQS\Exec\ConvertArea\100年度判字第1949號.doc.txt" 時發生錯誤, 原因: Variant does not reference an automation object
[20141112-090107 WordFileConvertSrv.exe] ERR> 轉檔作業失敗. 從 "D:\NTAKWeb\NTAK_DDQS\Exec\Manager\FileStore\100年度復查決定書稿發文.doc" 轉換至 "D:\NTAKWeb\NTAK_DDQS\Exec\ConvertArea\100年度復查決定書稿發文.doc.txt" 時發生錯誤, 原因: Variant does not reference an automation object
[20141112-090107 WordFileConvertSrv.exe] ERR> 轉檔作業失敗. 從 "D:\NTAKWeb\NTAK_DDQS\Exec\Manager\FileStore\100年度訴字第444號.doc" 轉換至 "D:\NTAKWeb\NTAK_DDQS\Exec\ConvertArea\100年度訴字第444號.doc.txt" 時發生錯誤, 原因: Variant does not reference an automation object
[20141112-090107 WordFileConvertSrv.exe] ERR> 轉檔作業失敗. 從 "D:\NTAKWeb\NTAK_DDQS\Exec\Manager\FileStore\102.4.29-陳&#28913;泰(陳吳芬釵)100年度綜所稅復查決定書.doc" 轉換至 "D:\NTAKWeb\NTAK_DDQS\Exec\ConvertArea\102.4.29-陳&#28913;泰(陳吳芬釵)100年度綜所稅復查決定書.doc.txt" 時發生錯誤, 原因: Variant does not reference an automation object
[20141112-090107 WordFileConvertSrv.exe] ERR> 轉檔作業失敗. 從 "D:\NTAKWeb\NTAK_DDQS\Exec\Manager\FileStore\10201614.doc" 轉換至 "D:\NTAKWeb\NTAK_DDQS\Exec\ConvertArea\10201614.doc.txt" 時發生錯誤, 原因: Variant does not reference an automation object
[20141112-090107 WordFileConvertSrv.exe] ERR> 轉檔作業失敗. 從 "D:\NTAKWeb\NTAK_DDQS\Exec\Manager\FileStore\1020716張孟信99年度綜所稅復查決定書(復查會決議修正).doc" 轉換至 "D:\NTAKWeb\NTAK_DDQS\Exec\ConvertArea\1020716張孟信99年度綜所稅復查決定書(復查會決議修正).doc.txt" 時發生錯誤, 原因: Variant does not reference an automation object
[20141112-090107 WordFileConvertSrv.exe] ERR> 轉檔作業失敗. 從 "D:\NTAKWeb\NTAK_DDQS\Exec\Manager\FileStore\1021030黃振銘君99年度綜所稅復查決定書.doc" 轉換至 "D:\NTAKWeb\NTAK_DDQS\Exec\ConvertArea\1021030黃振銘君99年度綜所稅復查決定書.doc.txt" 時發生錯誤, 原因: Variant does not reference an automation object
[20141112-090107 WordFileConvertSrv.exe] ERR> 轉檔作業失敗. 從 "D:\NTAKWeb\NTAK_DDQS\Exec\Manager\FileStore\103.06.23發文-黃小芳101年綜所稅決定書稿.doc" 轉換至 "D:\NTAKWeb\NTAK_DDQS\Exec\ConvertArea\103.06.23發文-黃小芳101年綜所稅決定書稿.doc.txt" 時發生錯誤, 原因: Variant does not reference an automation object
[20141112-090107 WordFileConvertSrv.exe] ERR> 轉檔作業失敗. 從 "D:\NTAKWeb\NTAK_DDQS\Exec\Manager\FileStore\103.4.25發文-陳振昌100年綜所稅決定書(罰鍰).doc" 轉換至 "D:\NTAKWeb\NTAK_DDQS\Exec\ConvertArea\103.4.25發文-陳振昌100年綜所稅決定書(罰鍰).doc.txt" 時發生錯誤, 原因: Variant does not reference an automation object
[20141112-090107 WordFileConvertSrv.exe] ERR> 轉檔作業失敗. 從 "D:\NTAKWeb\NTAK_DDQS\Exec\Manager\FileStore\10300120.doc" 轉換至 "D:\NTAKWeb\NTAK_DDQS\Exec\ConvertArea\10300120.doc.txt" 時發生錯誤, 原因: Variant does not reference an automation object
[20141112-090107 WordFileConvertSrv.exe] ERR> 轉檔作業失敗. 從 "D:\NTAKWeb\NTAK_DDQS\Exec\Manager\FileStore\1030912江昌101營所稅(漏報其他收入) 罰鍰復查決定書(發文).doc" 轉換至 "D:\NTAKWeb\NTAK_DDQS\Exec\ConvertArea\1030912江昌101營所稅(漏報其他收入) 罰鍰復查決定書(發文).doc.txt" 時發生錯誤, 原因: Variant does not reference an automation object
[20141112-090107 WordFileConvertSrv.exe] ERR> 轉檔作業失敗. 從 "D:\NTAKWeb\NTAK_DDQS\Exec\Manager\FileStore\95年度訴字第160號(2).doc" 轉換至 "D:\NTAKWeb\NTAK_DDQS\Exec\ConvertArea\95年度訴字第160號(2).doc.txt" 時發生錯誤, 原因: Variant does not reference an automation object
[20141112-090107 WordFileConvertSrv.exe] ERR> 轉檔作業失敗. 從 "D:\NTAKWeb\NTAK_DDQS\Exec\Manager\FileStore\98年度再字第37號.doc" 轉換至 "D:\NTAKWeb\NTAK_DDQS\Exec\ConvertArea\98年度再字第37號.doc.txt" 時發生錯誤, 原因: Variant does not reference an automation object
[20141112-090107 WordFileConvertSrv.exe] ERR> 轉檔作業失敗. 從 "D:\NTAKWeb\NTAK_DDQS\Exec\Manager\FileStore\98年度簡再字第13號(2).doc" 轉換至 "D:\NTAKWeb\NTAK_DDQS\Exec\ConvertArea\98年度簡再字第13號(2).doc.txt" 時發生錯誤, 原因: Variant does not reference an automation object
[20141112-090107 WordFileConvertSrv.exe] ERR> 轉檔作業失敗. 從 "D:\NTAKWeb\NTAK_DDQS\Exec\Manager\FileStore\99年度簡再字第9號.doc" 轉換至 "D:\NTAKWeb\NTAK_DDQS\Exec\ConvertArea\99年度簡再字第9號.doc.txt" 時發生錯誤, 原因: Variant does not reference an automation object
[20141112-090107 WordFileConvertSrv.exe] ERR> 轉檔作業失敗. 從 "D:\NTAKWeb\NTAK_DDQS\Exec\Manager\FileStore\IE8302100730陳景生101本稅-短報5%－更正後.doc" 轉換至 "D:\NTAKWeb\NTAK_DDQS\Exec\ConvertArea\IE8302100730陳景生101本稅-短報5%－更正後.doc.txt" 時發生錯誤, 原因: Variant does not reference an automation object
[20141112-090107 WordFileConvertSrv.exe] ERR> 轉檔作業失敗. 從 "D:\NTAKWeb\NTAK_DDQS\Exec\Manager\FileStore\JVP-LST.doc" 轉換至 "D:\NTAKWeb\NTAK_DDQS\Exec\ConvertArea\JVP-LST.doc.txt" 時發生錯誤, 原因: Variant does not reference an automation object
[20141112-090107 WordFileConvertSrv.exe] ERR> 轉檔作業失敗. 從 "D:\NTAKWeb\NTAK_DDQS\Exec\Manager\FileStore\NE0402400815邱翠蓮99罰鍰-未據實申報扣繳憑單20%-維持.doc" 轉換至 "D:\NTAKWeb\NTAK_DDQS\Exec\ConvertArea\NE0402400815邱翠蓮99罰鍰-未據實申報扣繳憑單20%-維持.doc.txt" 時發生錯誤, 原因: Variant does not reference an automation object
[20141112-090107 WordFileConvertSrv.exe] ERR> 轉檔作業失敗. 從 "D:\NTAKWeb\NTAK_DDQS\Exec\Manager\FileStore\NE0403100144章一民101年復查決定書-稿.doc" 轉換至 "D:\NTAKWeb\NTAK_DDQS\Exec\ConvertArea\NE0403100144章一民101年復查決定書-稿.doc.txt" 時發生錯誤, 原因: Variant does not reference an automation object
[20141112-090107 WordFileConvertSrv.exe] ERR> 轉檔作業失敗. 從 "D:\NTAKWeb\NTAK_DDQS\Exec\Manager\FileStore\NE8302100123莊全勝100免稅額-追減-核定.doc" 轉換至 "D:\NTAKWeb\NTAK_DDQS\Exec\ConvertArea\NE8302100123莊全勝100免稅額-追減-核定.doc.txt" 時發生錯誤, 原因: Variant does not reference an automation object
[20141112-090107 WordFileConvertSrv.exe] ERR> 轉檔作業失敗. 從 "D:\NTAKWeb\NTAK_DDQS\Exec\Manager\FileStore\NE8302400498潘&#21843;銘100罰鍰-委託他人代為申報-維持.doc" 轉換至 "D:\NTAKWeb\NTAK_DDQS\Exec\ConvertArea\NE8302400498潘&#21843;銘100罰鍰-委託他人代為申報-維持.doc.txt" 時發生錯誤, 原因: Variant does not reference an automation object
[20141112-090107 WordFileConvertSrv.exe] ERR> 轉檔作業失敗. 從 "D:\NTAKWeb\NTAK_DDQS\Exec\Manager\FileStore\何海鷗101虛列免稅額決定書(本+罰)正本.doc" 轉換至 "D:\NTAKWeb\NTAK_DDQS\Exec\ConvertArea\何海鷗101虛列免稅額決定書(本+罰)正本.doc.txt" 時發生錯誤, 原因: Variant does not reference an automation object
[20141112-090107 WordFileConvertSrv.exe] ERR> 轉檔作業失敗. 從 "D:\NTAKWeb\NTAK_DDQS\Exec\Manager\FileStore\佳勝營造(第09903392號)-94年度.doc" 轉換至 "D:\NTAKWeb\NTAK_DDQS\Exec\ConvertArea\佳勝營造(第09903392號)-94年度.doc.txt" 時發生錯誤, 原因: Variant does not reference an automation object
[20141112-090107 WordFileConvertSrv.exe] ERR> 轉檔作業失敗. 從 "D:\NTAKWeb\NTAK_DDQS\Exec\Manager\FileStore\北方之星(第09800030號)-89年度.doc" 轉換至 "D:\NTAKWeb\NTAK_DDQS\Exec\ConvertArea\北方之星(第09800030號)-89年度.doc.txt" 時發生錯誤, 原因: Variant does not reference an automation object
[20141112-090107 WordFileConvertSrv.exe] ERR> 轉檔作業失敗. 從 "D:\NTAKWeb\NTAK_DDQS\Exec\Manager\FileStore\呂冠霖(第09704361~09704365號)-91~95年度.doc" 轉換至 "D:\NTAKWeb\NTAK_DDQS\Exec\ConvertArea\呂冠霖(第09704361~09704365號)-91~95年度.doc.txt" 時發生錯誤, 原因: Variant does not reference an automation object
[20141112-090107 WordFileConvertSrv.exe] ERR> 轉檔作業失敗. 從 "D:\NTAKWeb\NTAK_DDQS\Exec\Manager\FileStore\周王金珍(第09800157號)-94年度.doc" 轉換至 "D:\NTAKWeb\NTAK_DDQS\Exec\ConvertArea\周王金珍(第09800157號)-94年度.doc.txt" 時發生錯誤, 原因: Variant does not reference an automation object
[20141112-090107 WordFileConvertSrv.exe] ERR> 轉檔作業失敗. 從 "D:\NTAKWeb\NTAK_DDQS\Exec\Manager\FileStore\廖東建(第10001282號)-98年度.doc" 轉換至 "D:\NTAKWeb\NTAK_DDQS\Exec\ConvertArea\廖東建(第10001282號)-98年度.doc.txt" 時發生錯誤, 原因: Variant does not reference an automation object
[20141112-090107 WordFileConvertSrv.exe] ERR> 轉檔作業失敗. 從 "D:\NTAKWeb\NTAK_DDQS\Exec\Manager\FileStore\廣建95營所稅決定書(虛銷8%).doc" 轉換至 "D:\NTAKWeb\NTAK_DDQS\Exec\ConvertArea\廣建95營所稅決定書(虛銷8%).doc.txt" 時發生錯誤, 原因: Variant does not reference an automation object
[20141112-090107 WordFileConvertSrv.exe] ERR> 轉檔作業失敗. 從 "D:\NTAKWeb\NTAK_DDQS\Exec\Manager\FileStore\彭宴祥(第09801703號)-96年度.doc" 轉換至 "D:\NTAKWeb\NTAK_DDQS\Exec\ConvertArea\彭宴祥(第09801703號)-96年度.doc.txt" 時發生錯誤, 原因: Variant does not reference an automation object
[20141112-090107 WordFileConvertSrv.exe] ERR> 轉檔作業失敗. 從 "D:\NTAKWeb\NTAK_DDQS\Exec\Manager\FileStore\復查決定-函洪俊良93信託營利所得-實質課稅-核課期間.doc" 轉換至 "D:\NTAKWeb\NTAK_DDQS\Exec\ConvertArea\復查決定-函洪俊良93信託營利所得-實質課稅-核課期間.doc.txt" 時發生錯誤, 原因: Variant does not reference an automation object
[20141112-090107 WordFileConvertSrv.exe] ERR> 轉檔作業失敗. 從 "D:\NTAKWeb\NTAK_DDQS\Exec\Manager\FileStore\日月光電子100年度營所稅復查決定書.doc" 轉換至 "D:\NTAKWeb\NTAK_DDQS\Exec\ConvertArea\日月光電子100年度營所稅復查決定書.doc.txt" 時發生錯誤, 原因: Variant does not reference an automation object
[20141112-090107 WordFileConvertSrv.exe] ERR> 轉檔作業失敗. 從 "D:\NTAKWeb\NTAK_DDQS\Exec\Manager\FileStore\李淑&#32137;決定書.doc" 轉換至 "D:\NTAKWeb\NTAK_DDQS\Exec\ConvertArea\李淑&#32137;決定書.doc.txt" 時發生錯誤, 原因: Variant does not reference an automation object
[20141112-090107 WordFileConvertSrv.exe] ERR> 轉檔作業失敗. 從 "D:\NTAKWeb\NTAK_DDQS\Exec\Manager\FileStore\李清 復查決定書.doc.doc" 轉換至 "D:\NTAKWeb\NTAK_DDQS\Exec\ConvertArea\李清 復查決定書.doc.doc.txt" 時發生錯誤, 原因: Variant does not reference an automation object
[20141112-090107 WordFileConvertSrv.exe] ERR> 轉檔作業失敗. 從 "D:\NTAKWeb\NTAK_DDQS\Exec\Manager\FileStore\李清&#23791;復查決定書.doc" 轉換至 "D:\NTAKWeb\NTAK_DDQS\Exec\ConvertArea\李清&#23791;復查決定書.doc.txt" 時發生錯誤, 原因: Variant does not reference an automation object
[20141112-090107 WordFileConvertSrv.exe] ERR> 轉檔作業失敗. 從 "D:\NTAKWeb\NTAK_DDQS\Exec\Manager\FileStore\林&#37979;宏決定書.doc" 轉換至 "D:\NTAKWeb\NTAK_DDQS\Exec\ConvertArea\林&#37979;宏決定書.doc.txt" 時發生錯誤, 原因: Variant does not reference an automation object
[20141112-090107 WordFileConvertSrv.exe] ERR> 轉檔作業失敗. 從 "D:\NTAKWeb\NTAK_DDQS\Exec\Manager\FileStore\林奇峰95年度復查報告確定版.doc" 轉換至 "D:\NTAKWeb\NTAK_DDQS\Exec\ConvertArea\林奇峰95年度復查報告確定版.doc.txt" 時發生錯誤, 原因: Variant does not reference an automation object
[20141112-090107 WordFileConvertSrv.exe] ERR> 轉檔作業失敗. 從 "D:\NTAKWeb\NTAK_DDQS\Exec\Manager\FileStore\林宜靜(第09903210號)-94~96年度.doc" 轉換至 "D:\NTAKWeb\NTAK_DDQS\Exec\ConvertArea\林宜靜(第09903210號)-94~96年度.doc.txt" 時發生錯誤, 原因: Variant does not reference an automation object
[20141112-090107 WordFileConvertSrv.exe] ERR> 轉檔作業失敗. 從 "D:\NTAKWeb\NTAK_DDQS\Exec\Manager\FileStore\林茂雄98年度綜合所得稅正本.doc" 轉換至 "D:\NTAKWeb\NTAK_DDQS\Exec\ConvertArea\林茂雄98年度綜合所得稅正本.doc.txt" 時發生錯誤, 原因: Variant does not reference an automation object
[20141112-090107 WordFileConvertSrv.exe] ERR> 轉檔作業失敗. 從 "D:\NTAKWeb\NTAK_DDQS\Exec\Manager\FileStore\林麗俐(第10002578號)-93年度.doc" 轉換至 "D:\NTAKWeb\NTAK_DDQS\Exec\ConvertArea\林麗俐(第10002578號)-93年度.doc.txt" 時發生錯誤, 原因: Variant does not reference an automation object
[20141112-090107 WordFileConvertSrv.exe] ERR> 轉檔作業失敗. 從 "D:\NTAKWeb\NTAK_DDQS\Exec\Manager\FileStore\楊肅泰(第09804135號)-96年度.doc" 轉換至 "D:\NTAKWeb\NTAK_DDQS\Exec\ConvertArea\楊肅泰(第09804135號)-96年度.doc.txt" 時發生錯誤, 原因: Variant does not reference an automation object
[20141112-090107 WordFileConvertSrv.exe] ERR> 轉檔作業失敗. 從 "D:\NTAKWeb\NTAK_DDQS\Exec\Manager\FileStore\歐陽建華(第09902018號)-88年度.doc" 轉換至 "D:\NTAKWeb\NTAK_DDQS\Exec\ConvertArea\歐陽建華(第09902018號)-88年度.doc.txt" 時發生錯誤, 原因: Variant does not reference an automation object
[20141112-090107 WordFileConvertSrv.exe] ERR> 轉檔作業失敗. 從 "D:\NTAKWeb\NTAK_DDQS\Exec\Manager\FileStore\武穎決~1.DOC" 轉換至 "D:\NTAKWeb\NTAK_DDQS\Exec\ConvertArea\武穎決~1.DOC.txt" 時發生錯誤, 原因: Variant does not reference an automation object
[20141112-090107 WordFileConvertSrv.exe] ERR> 轉檔作業失敗. 從 "D:\NTAKWeb\NTAK_DDQS\Exec\Manager\FileStore\潘&#21843;銘100罰鍰-委託他人代為申報-維持.doc" 轉換至 "D:\NTAKWeb\NTAK_DDQS\Exec\ConvertArea\潘&#21843;銘100罰鍰-委託他人代為申報-維持.doc.txt" 時發生錯誤, 原因: Variant does not reference an automation object
[20141112-090107 WordFileConvertSrv.exe] ERR> 轉檔作業失敗. 從 "D:\NTAKWeb\NTAK_DDQS\Exec\Manager\FileStore\王&#28702;苡101年特銷稅罰鍰決定書-函.docx" 轉換至 "D:\NTAKWeb\NTAK_DDQS\Exec\ConvertArea\王&#28702;苡101年特銷稅罰鍰決定書-函.docx.txt" 時發生錯誤, 原因: Variant does not reference an automation object
[20141112-090107 WordFileConvertSrv.exe] ERR> 轉檔作業失敗. 從 "D:\NTAKWeb\NTAK_DDQS\Exec\Manager\FileStore\白美香(第09803188號)-96年度.doc" 轉換至 "D:\NTAKWeb\NTAK_DDQS\Exec\ConvertArea\白美香(第09803188號)-96年度.doc.txt" 時發生錯誤, 原因: Variant does not reference an automation object
[20141112-090107 WordFileConvertSrv.exe] ERR> 轉檔作業失敗. 從 "D:\NTAKWeb\NTAK_DDQS\Exec\Manager\FileStore\蘇宏典(第10001702號)-95年度.doc" 轉換至 "D:\NTAKWeb\NTAK_DDQS\Exec\ConvertArea\蘇宏典(第10001702號)-95年度.doc.txt" 時發生錯誤, 原因: Variant does not reference an automation object
[20141112-090107 WordFileConvertSrv.exe] ERR> 轉檔作業失敗. 從 "D:\NTAKWeb\NTAK_DDQS\Exec\Manager\FileStore\達旺廣告(第09803394號)-95年度.doc" 轉換至 "D:\NTAKWeb\NTAK_DDQS\Exec\ConvertArea\達旺廣告(第09803394號)-95年度.doc.txt" 時發生錯誤, 原因: Variant does not reference an automation object
[20141112-090107 WordFileConvertSrv.exe] ERR> 轉檔作業失敗. 從 "D:\NTAKWeb\NTAK_DDQS\Exec\Manager\FileStore\鍇億國際95營所稅決定書(虛銷8%).doc" 轉換至 "D:\NTAKWeb\NTAK_DDQS\Exec\ConvertArea\鍇億國際95營所稅決定書(虛銷8%).doc.txt" 時發生錯誤, 原因: Variant does not reference an automation object
[20141112-090107 WordFileConvertSrv.exe] ERR> 轉檔作業失敗. 從 "D:\NTAKWeb\NTAK_DDQS\Exec\Manager\FileStore\鍇億國際95營所稅決定書虛銷8%.doc" 轉換至 "D:\NTAKWeb\NTAK_DDQS\Exec\ConvertArea\鍇億國際95營所稅決定書虛銷8%.doc.txt" 時發生錯誤, 原因: Variant does not reference an automation object
[20141112-090107 WordFileConvertSrv.exe] ERR> 轉檔作業失敗. 從 "D:\NTAKWeb\NTAK_DDQS\Exec\Manager\FileStore\陳麗文(第09801332號)-96年度.doc" 轉換至 "D:\NTAKWeb\NTAK_DDQS\Exec\ConvertArea\陳麗文(第09801332號)-96年度.doc.txt" 時發生錯誤, 原因: Variant does not reference an automation object
[20141112-090107 WordFileConvertSrv.exe] ERR> 轉檔作業失敗. 從 "D:\NTAKWeb\NTAK_DDQS\Exec\Manager\FileStore\黃&#28702;瑢復查決定書-海外所得.doc" 轉換至 "D:\NTAKWeb\NTAK_DDQS\Exec\ConvertArea\黃&#28702;瑢復查決定書-海外所得.doc.txt" 時發生錯誤, 原因: Variant does not reference an automation object
[20141112-090107 WordFileConvertSrv.exe] ERR> 轉檔作業失敗. 從 "D:\NTAKWeb\NTAK_DDQS\Exec\Manager\FileStore\黃鳳珠(第09703642號)-95年度.doc" 轉換至 "D:\NTAKWeb\NTAK_DDQS\Exec\ConvertArea\黃鳳珠(第09703642號)-95年度.doc.txt" 時發生錯誤, 原因: Variant does not reference an automation object
[20141112-090107 WordFileConvertSrv.exe] ERR> 轉檔作業失敗. 從 "D:\NTAKWeb\NTAK_DDQS\Exec\Manager\FileStore\&#40644;武穎決定書.doc" 轉換至 "D:\NTAKWeb\NTAK_DDQS\Exec\ConvertArea\&#40644;武穎決定書.doc.txt" 時發生錯誤, 原因: Variant does not reference an automation object
[20141112-090107 WordFileConvertSrv.exe] ERR> 轉檔作業失敗. 從 "D:\NTAKWeb\NTAK_DDQS\Exec\Manager\FileStore\09700128300.doc" 轉換至 "D:\NTAKWeb\NTAK_DDQS\Exec\ConvertArea\09700128300.doc.txt" 時發生錯誤, 原因: Variant does not reference an automation object
[20141112-090107 WordFileConvertSrv.exe] ERR> 轉檔作業失敗. 從 "D:\NTAKWeb\NTAK_DDQS\Exec\Manager\FileStore\09700398060.doc" 轉換至 "D:\NTAKWeb\NTAK_DDQS\Exec\ConvertArea\09700398060.doc.txt" 時發生錯誤, 原因: Variant does not reference an automation object
[20141112-090107 WordFileConvertSrv.exe] ERR> 轉檔作業失敗. 從 "D:\NTAKWeb\NTAK_DDQS\Exec\Manager\FileStore\1-1020924洪瑞&#23791;君96年度復查決定書-函.doc" 轉換至 "D:\NTAKWeb\NTAK_DDQS\Exec\ConvertArea\1-1020924洪瑞&#23791;君96年度復查決定書-函.doc.txt" 時發生錯誤, 原因: Variant does not reference an automation object
[20141112-090107 WordFileConvertSrv.exe] ERR> 轉檔作業失敗. 從 "D:\NTAKWeb\NTAK_DDQS\Exec\Manager\FileStore\100-2-21鍾泰營造有限公司營業稅罰鍰(復查決定書-重繕(發文).doc" 轉換至 "D:\NTAKWeb\NTAK_DDQS\Exec\ConvertArea\100-2-21鍾泰營造有限公司營業稅罰鍰(復查決定書-重繕(發文).doc.txt" 時發生錯誤, 原因: Variant does not reference an automation object
[20141112-090107 WordFileConvertSrv.exe] ERR> 轉檔作業失敗. 從 "D:\NTAKWeb\NTAK_DDQS\Exec\Manager\FileStore\100年度判字第1949號.doc" 轉換至 "D:\NTAKWeb\NTAK_DDQS\Exec\ConvertArea\100年度判字第1949號.doc.txt" 時發生錯誤, 原因: Variant does not reference an automation object
[20141112-090107 WordFileConvertSrv.exe] ERR> 轉檔作業失敗. 從 "D:\NTAKWeb\NTAK_DDQS\Exec\Manager\FileStore\100年度復查決定書稿發文.doc" 轉換至 "D:\NTAKWeb\NTAK_DDQS\Exec\ConvertArea\100年度復查決定書稿發文.doc.txt" 時發生錯誤, 原因: Variant does not reference an automation object
[20141112-090107 WordFileConvertSrv.exe] ERR> 轉檔作業失敗. 從 "D:\NTAKWeb\NTAK_DDQS\Exec\Manager\FileStore\100年度訴字第444號.doc" 轉換至 "D:\NTAKWeb\NTAK_DDQS\Exec\ConvertArea\100年度訴字第444號.doc.txt" 時發生錯誤, 原因: Variant does not reference an automation object
[20141112-090107 WordFileConvertSrv.exe] ERR> 轉檔作業失敗. 從 "D:\NTAKWeb\NTAK_DDQS\Exec\Manager\FileStore\102.4.29-陳&#28913;泰(陳吳芬釵)100年度綜所稅復查決定書.doc" 轉換至 "D:\NTAKWeb\NTAK_DDQS\Exec\ConvertArea\102.4.29-陳&#28913;泰(陳吳芬釵)100年度綜所稅復查決定書.doc.txt" 時發生錯誤, 原因: Variant does not reference an automation object
[20141112-090107 WordFileConvertSrv.exe] ERR> 轉檔作業失敗. 從 "D:\NTAKWeb\NTAK_DDQS\Exec\Manager\FileStore\10201614.doc" 轉換至 "D:\NTAKWeb\NTAK_DDQS\Exec\ConvertArea\10201614.doc.txt" 時發生錯誤, 原因: Variant does not reference an automation object
[20141112-090107 WordFileConvertSrv.exe] ERR> 轉檔作業失敗. 從 "D:\NTAKWeb\NTAK_DDQS\Exec\Manager\FileStore\1020716張孟信99年度綜所稅復查決定書(復查會決議修正).doc" 轉換至 "D:\NTAKWeb\NTAK_DDQS\Exec\ConvertArea\1020716張孟信99年度綜所稅復查決定書(復查會決議修正).doc.txt" 時發生錯誤, 原因: Variant does not reference an automation object
[20141112-090107 WordFileConvertSrv.exe] ERR> 轉檔作業失敗. 從 "D:\NTAKWeb\NTAK_DDQS\Exec\Manager\FileStore\1021030黃振銘君99年度綜所稅復查決定書.doc" 轉換至 "D:\NTAKWeb\NTAK_DDQS\Exec\ConvertArea\1021030黃振銘君99年度綜所稅復查決定書.doc.txt" 時發生錯誤, 原因: Variant does not reference an automation object
[20141112-090107 WordFileConvertSrv.exe] ERR> 轉檔作業失敗. 從 "D:\NTAKWeb\NTAK_DDQS\Exec\Manager\FileStore\103.06.23發文-黃小芳101年綜所稅決定書稿.doc" 轉換至 "D:\NTAKWeb\NTAK_DDQS\Exec\ConvertArea\103.06.23發文-黃小芳101年綜所稅決定書稿.doc.txt" 時發生錯誤, 原因: Variant does not reference an automation object
[20141112-090107 WordFileConvertSrv.exe] ERR> 轉檔作業失敗. 從 "D:\NTAKWeb\NTAK_DDQS\Exec\Manager\FileStore\103.4.25發文-陳振昌100年綜所稅決定書(罰鍰).doc" 轉換至 "D:\NTAKWeb\NTAK_DDQS\Exec\ConvertArea\103.4.25發文-陳振昌100年綜所稅決定書(罰鍰).doc.txt" 時發生錯誤, 原因: Variant does not reference an automation object
[20141112-090107 WordFileConvertSrv.exe] ERR> 轉檔作業失敗. 從 "D:\NTAKWeb\NTAK_DDQS\Exec\Manager\FileStore\10300120.doc" 轉換至 "D:\NTAKWeb\NTAK_DDQS\Exec\ConvertArea\10300120.doc.txt" 時發生錯誤, 原因: Variant does not reference an automation object
[20141112-090107 WordFileConvertSrv.exe] ERR> 轉檔作業失敗. 從 "D:\NTAKWeb\NTAK_DDQS\Exec\Manager\FileStore\1030912江昌101營所稅(漏報其他收入) 罰鍰復查決定書(發文).doc" 轉換至 "D:\NTAKWeb\NTAK_DDQS\Exec\ConvertArea\1030912江昌101營所稅(漏報其他收入) 罰鍰復查決定書(發文).doc.txt" 時發生錯誤, 原因: Variant does not reference an automation object
[20141112-090107 WordFileConvertSrv.exe] ERR> 轉檔作業失敗. 從 "D:\NTAKWeb\NTAK_DDQS\Exec\Manager\FileStore\95年度訴字第160號(2).doc" 轉換至 "D:\NTAKWeb\NTAK_DDQS\Exec\ConvertArea\95年度訴字第160號(2).doc.txt" 時發生錯誤, 原因: Variant does not reference an automation object
[20141112-090107 WordFileConvertSrv.exe] ERR> 轉檔作業失敗. 從 "D:\NTAKWeb\NTAK_DDQS\Exec\Manager\FileStore\98年度再字第37號.doc" 轉換至 "D:\NTAKWeb\NTAK_DDQS\Exec\ConvertArea\98年度再字第37號.doc.txt" 時發生錯誤, 原因: Variant does not reference an automation object
[20141112-090107 WordFileConvertSrv.exe] ERR> 轉檔作業失敗. 從 "D:\NTAKWeb\NTAK_DDQS\Exec\Manager\FileStore\98年度簡再字第13號(2).doc" 轉換至 "D:\NTAKWeb\NTAK_DDQS\Exec\ConvertArea\98年度簡再字第13號(2).doc.txt" 時發生錯誤, 原因: Variant does not reference an automation object
[20141112-090107 WordFileConvertSrv.exe] ERR> 轉檔作業失敗. 從 "D:\NTAKWeb\NTAK_DDQS\Exec\Manager\FileStore\99年度簡再字第9號.doc" 轉換至 "D:\NTAKWeb\NTAK_DDQS\Exec\ConvertArea\99年度簡再字第9號.doc.txt" 時發生錯誤, 原因: Variant does not reference an automation object
[20141112-090107 WordFileConvertSrv.exe] ERR> 轉檔作業失敗. 從 "D:\NTAKWeb\NTAK_DDQS\Exec\Manager\FileStore\IE8302100730陳景生101本稅-短報5%－更正後.doc" 轉換至 "D:\NTAKWeb\NTAK_DDQS\Exec\ConvertArea\IE8302100730陳景生101本稅-短報5%－更正後.doc.txt" 時發生錯誤, 原因: Variant does not reference an automation object
[20141112-090107 WordFileConvertSrv.exe] ERR> 轉檔作業失敗. 從 "D:\NTAKWeb\NTAK_DDQS\Exec\Manager\FileStore\JVP-LST.doc" 轉換至 "D:\NTAKWeb\NTAK_DDQS\Exec\ConvertArea\JVP-LST.doc.txt" 時發生錯誤, 原因: Variant does not reference an automation object
[20141112-090107 WordFileConvertSrv.exe] ERR> 轉檔作業失敗. 從 "D:\NTAKWeb\NTAK_DDQS\Exec\Manager\FileStore\NE0402400815邱翠蓮99罰鍰-未據實申報扣繳憑單20%-維持.doc" 轉換至 "D:\NTAKWeb\NTAK_DDQS\Exec\ConvertArea\NE0402400815邱翠蓮99罰鍰-未據實申報扣繳憑單20%-維持.doc.txt" 時發生錯誤, 原因: Variant does not reference an automation object
[20141112-090107 WordFileConvertSrv.exe] ERR> 轉檔作業失敗. 從 "D:\NTAKWeb\NTAK_DDQS\Exec\Manager\FileStore\NE0403100144章一民101年復查決定書-稿.doc" 轉換至 "D:\NTAKWeb\NTAK_DDQS\Exec\ConvertArea\NE0403100144章一民101年復查決定書-稿.doc.txt" 時發生錯誤, 原因: Variant does not reference an automation object
[20141112-090107 WordFileConvertSrv.exe] ERR> 轉檔作業失敗. 從 "D:\NTAKWeb\NTAK_DDQS\Exec\Manager\FileStore\NE8302100123莊全勝100免稅額-追減-核定.doc" 轉換至 "D:\NTAKWeb\NTAK_DDQS\Exec\ConvertArea\NE8302100123莊全勝100免稅額-追減-核定.doc.txt" 時發生錯誤, 原因: Variant does not reference an automation object
[20141112-090107 WordFileConvertSrv.exe] ERR> 轉檔作業失敗. 從 "D:\NTAKWeb\NTAK_DDQS\Exec\Manager\FileStore\NE8302400498潘&#21843;銘100罰鍰-委託他人代為申報-維持.doc" 轉換至 "D:\NTAKWeb\NTAK_DDQS\Exec\ConvertArea\NE8302400498潘&#21843;銘100罰鍰-委託他人代為申報-維持.doc.txt" 時發生錯誤, 原因: Variant does not reference an automation object
[20141112-090107 WordFileConvertSrv.exe] ERR> 轉檔作業失敗. 從 "D:\NTAKWeb\NTAK_DDQS\Exec\Manager\FileStore\何海鷗101虛列免稅額決定書(本+罰)正本.doc" 轉換至 "D:\NTAKWeb\NTAK_DDQS\Exec\ConvertArea\何海鷗101虛列免稅額決定書(本+罰)正本.doc.txt" 時發生錯誤, 原因: Variant does not reference an automation object
[20141112-090107 WordFileConvertSrv.exe] ERR> 轉檔作業失敗. 從 "D:\NTAKWeb\NTAK_DDQS\Exec\Manager\FileStore\佳勝營造(第09903392號)-94年度.doc" 轉換至 "D:\NTAKWeb\NTAK_DDQS\Exec\ConvertArea\佳勝營造(第09903392號)-94年度.doc.txt" 時發生錯誤, 原因: Variant does not reference an automation object
[20141112-090107 WordFileConvertSrv.exe] ERR> 轉檔作業失敗. 從 "D:\NTAKWeb\NTAK_DDQS\Exec\Manager\FileStore\北方之星(第09800030號)-89年度.doc" 轉換至 "D:\NTAKWeb\NTAK_DDQS\Exec\ConvertArea\北方之星(第09800030號)-89年度.doc.txt" 時發生錯誤, 原因: Variant does not reference an automation object
[20141112-090107 WordFileConvertSrv.exe] ERR> 轉檔作業失敗. 從 "D:\NTAKWeb\NTAK_DDQS\Exec\Manager\FileStore\呂冠霖(第09704361~09704365號)-91~95年度.doc" 轉換至 "D:\NTAKWeb\NTAK_DDQS\Exec\ConvertArea\呂冠霖(第09704361~09704365號)-91~95年度.doc.txt" 時發生錯誤, 原因: Variant does not reference an automation object
[20141112-090107 WordFileConvertSrv.exe] ERR> 轉檔作業失敗. 從 "D:\NTAKWeb\NTAK_DDQS\Exec\Manager\FileStore\周王金珍(第09800157號)-94年度.doc" 轉換至 "D:\NTAKWeb\NTAK_DDQS\Exec\ConvertArea\周王金珍(第09800157號)-94年度.doc.txt" 時發生錯誤, 原因: Variant does not reference an automation object
[20141112-090107 WordFileConvertSrv.exe] ERR> 轉檔作業失敗. 從 "D:\NTAKWeb\NTAK_DDQS\Exec\Manager\FileStore\廖東建(第10001282號)-98年度.doc" 轉換至 "D:\NTAKWeb\NTAK_DDQS\Exec\ConvertArea\廖東建(第10001282號)-98年度.doc.txt" 時發生錯誤, 原因: Variant does not reference an automation object
[20141112-090107 WordFileConvertSrv.exe] ERR> 轉檔作業失敗. 從 "D:\NTAKWeb\NTAK_DDQS\Exec\Manager\FileStore\廣建95營所稅決定書(虛銷8%).doc" 轉換至 "D:\NTAKWeb\NTAK_DDQS\Exec\ConvertArea\廣建95營所稅決定書(虛銷8%).doc.txt" 時發生錯誤, 原因: Variant does not reference an automation object
[20141112-090107 WordFileConvertSrv.exe] ERR> 轉檔作業失敗. 從 "D:\NTAKWeb\NTAK_DDQS\Exec\Manager\FileStore\彭宴祥(第09801703號)-96年度.doc" 轉換至 "D:\NTAKWeb\NTAK_DDQS\Exec\ConvertArea\彭宴祥(第09801703號)-96年度.doc.txt" 時發生錯誤, 原因: Variant does not reference an automation object
[20141112-090107 WordFileConvertSrv.exe] ERR> 轉檔作業失敗. 從 "D:\NTAKWeb\NTAK_DDQS\Exec\Manager\FileStore\復查決定-函洪俊良93信託營利所得-實質課稅-核課期間.doc" 轉換至 "D:\NTAKWeb\NTAK_DDQS\Exec\ConvertArea\復查決定-函洪俊良93信託營利所得-實質課稅-核課期間.doc.txt" 時發生錯誤, 原因: Variant does not reference an automation object
[20141112-090107 WordFileConvertSrv.exe] ERR> 轉檔作業失敗. 從 "D:\NTAKWeb\NTAK_DDQS\Exec\Manager\FileStore\日月光電子100年度營所稅復查決定書.doc" 轉換至 "D:\NTAKWeb\NTAK_DDQS\Exec\ConvertArea\日月光電子100年度營所稅復查決定書.doc.txt" 時發生錯誤, 原因: Variant does not reference an automation object
[20141112-090107 WordFileConvertSrv.exe] ERR> 轉檔作業失敗. 從 "D:\NTAKWeb\NTAK_DDQS\Exec\Manager\FileStore\李淑&#32137;決定書.doc" 轉換至 "D:\NTAKWeb\NTAK_DDQS\Exec\ConvertArea\李淑&#32137;決定書.doc.txt" 時發生錯誤, 原因: Variant does not reference an automation object
[20141112-090107 WordFileConvertSrv.exe] ERR> 轉檔作業失敗. 從 "D:\NTAKWeb\NTAK_DDQS\Exec\Manager\FileStore\李清 復查決定書.doc.doc" 轉換至 "D:\NTAKWeb\NTAK_DDQS\Exec\ConvertArea\李清 復查決定書.doc.doc.txt" 時發生錯誤, 原因: Variant does not reference an automation object
[20141112-090107 WordFileConvertSrv.exe] ERR> 轉檔作業失敗. 從 "D:\NTAKWeb\NTAK_DDQS\Exec\Manager\FileStore\李清&#23791;復查決定書.doc" 轉換至 "D:\NTAKWeb\NTAK_DDQS\Exec\ConvertArea\李清&#23791;復查決定書.doc.txt" 時發生錯誤, 原因: Variant does not reference an automation object
[20141112-090107 WordFileConvertSrv.exe] ERR> 轉檔作業失敗. 從 "D:\NTAKWeb\NTAK_DDQS\Exec\Manager\FileStore\林&#37979;宏決定書.doc" 轉換至 "D:\NTAKWeb\NTAK_DDQS\Exec\ConvertArea\林&#37979;宏決定書.doc.txt" 時發生錯誤, 原因: Variant does not reference an automation object
[20141112-090107 WordFileConvertSrv.exe] ERR> 轉檔作業失敗. 從 "D:\NTAKWeb\NTAK_DDQS\Exec\Manager\FileStore\林奇峰95年度復查報告確定版.doc" 轉換至 "D:\NTAKWeb\NTAK_DDQS\Exec\ConvertArea\林奇峰95年度復查報告確定版.doc.txt" 時發生錯誤, 原因: Variant does not reference an automation object
[20141112-090107 WordFileConvertSrv.exe] ERR> 轉檔作業失敗. 從 "D:\NTAKWeb\NTAK_DDQS\Exec\Manager\FileStore\林宜靜(第09903210號)-94~96年度.doc" 轉換至 "D:\NTAKWeb\NTAK_DDQS\Exec\ConvertArea\林宜靜(第09903210號)-94~96年度.doc.txt" 時發生錯誤, 原因: Variant does not reference an automation object
[20141112-090107 WordFileConvertSrv.exe] ERR> 轉檔作業失敗. 從 "D:\NTAKWeb\NTAK_DDQS\Exec\Manager\FileStore\林茂雄98年度綜合所得稅正本.doc" 轉換至 "D:\NTAKWeb\NTAK_DDQS\Exec\ConvertArea\林茂雄98年度綜合所得稅正本.doc.txt" 時發生錯誤, 原因: Variant does not reference an automation object
[20141112-090107 WordFileConvertSrv.exe] ERR> 轉檔作業失敗. 從 "D:\NTAKWeb\NTAK_DDQS\Exec\Manager\FileStore\林麗俐(第10002578號)-93年度.doc" 轉換至 "D:\NTAKWeb\NTAK_DDQS\Exec\ConvertArea\林麗俐(第10002578號)-93年度.doc.txt" 時發生錯誤, 原因: Variant does not reference an automation object
[20141112-090107 WordFileConvertSrv.exe] ERR> 轉檔作業失敗. 從 "D:\NTAKWeb\NTAK_DDQS\Exec\Manager\FileStore\楊肅泰(第09804135號)-96年度.doc" 轉換至 "D:\NTAKWeb\NTAK_DDQS\Exec\ConvertArea\楊肅泰(第09804135號)-96年度.doc.txt" 時發生錯誤, 原因: Variant does not reference an automation object
[20141112-090107 WordFileConvertSrv.exe] ERR> 轉檔作業失敗. 從 "D:\NTAKWeb\NTAK_DDQS\Exec\Manager\FileStore\歐陽建華(第09902018號)-88年度.doc" 轉換至 "D:\NTAKWeb\NTAK_DDQS\Exec\ConvertArea\歐陽建華(第09902018號)-88年度.doc.txt" 時發生錯誤, 原因: Variant does not reference an automation object
[20141112-090107 WordFileConvertSrv.exe] ERR> 轉檔作業失敗. 從 "D:\NTAKWeb\NTAK_DDQS\Exec\Manager\FileStore\武穎決~1.DOC" 轉換至 "D:\NTAKWeb\NTAK_DDQS\Exec\ConvertArea\武穎決~1.DOC.txt" 時發生錯誤, 原因: Variant does not reference an automation object
[20141112-090107 WordFileConvertSrv.exe] ERR> 轉檔作業失敗. 從 "D:\NTAKWeb\NTAK_DDQS\Exec\Manager\FileStore\潘&#21843;銘100罰鍰-委託他人代為申報-維持.doc" 轉換至 "D:\NTAKWeb\NTAK_DDQS\Exec\ConvertArea\潘&#21843;銘100罰鍰-委託他人代為申報-維持.doc.txt" 時發生錯誤, 原因: Variant does not reference an automation object
[20141112-090107 WordFileConvertSrv.exe] ERR> 轉檔作業失敗. 從 "D:\NTAKWeb\NTAK_DDQS\Exec\Manager\FileStore\王&#28702;苡101年特銷稅罰鍰決定書-函.docx" 轉換至 "D:\NTAKWeb\NTAK_DDQS\Exec\ConvertArea\王&#28702;苡101年特銷稅罰鍰決定書-函.docx.txt" 時發生錯誤, 原因: Variant does not reference an automation object
[20141112-090107 WordFileConvertSrv.exe] ERR> 轉檔作業失敗. 從 "D:\NTAKWeb\NTAK_DDQS\Exec\Manager\FileStore\白美香(第09803188號)-96年度.doc" 轉換至 "D:\NTAKWeb\NTAK_DDQS\Exec\ConvertArea\白美香(第09803188號)-96年度.doc.txt" 時發生錯誤, 原因: Variant does not reference an automation object
[20141112-090107 WordFileConvertSrv.exe] ERR> 轉檔作業失敗. 從 "D:\NTAKWeb\NTAK_DDQS\Exec\Manager\FileStore\蘇宏典(第10001702號)-95年度.doc" 轉換至 "D:\NTAKWeb\NTAK_DDQS\Exec\ConvertArea\蘇宏典(第10001702號)-95年度.doc.txt" 時發生錯誤, 原因: Variant does not reference an automation object
[20141112-090107 WordFileConvertSrv.exe] ERR> 轉檔作業失敗. 從 "D:\NTAKWeb\NTAK_DDQS\Exec\Manager\FileStore\達旺廣告(第09803394號)-95年度.doc" 轉換至 "D:\NTAKWeb\NTAK_DDQS\Exec\ConvertArea\達旺廣告(第09803394號)-95年度.doc.txt" 時發生錯誤, 原因: Variant does not reference an automation object
[20141112-090107 WordFileConvertSrv.exe] ERR> 轉檔作業失敗. 從 "D:\NTAKWeb\NTAK_DDQS\Exec\Manager\FileStore\鍇億國際95營所稅決定書(虛銷8%).doc" 轉換至 "D:\NTAKWeb\NTAK_DDQS\Exec\ConvertArea\鍇億國際95營所稅決定書(虛銷8%).doc.txt" 時發生錯誤, 原因: Variant does not reference an automation object
[20141112-090107 WordFileConvertSrv.exe] ERR> 轉檔作業失敗. 從 "D:\NTAKWeb\NTAK_DDQS\Exec\Manager\FileStore\鍇億國際95營所稅決定書虛銷8%.doc" 轉換至 "D:\NTAKWeb\NTAK_DDQS\Exec\ConvertArea\鍇億國際95營所稅決定書虛銷8%.doc.txt" 時發生錯誤, 原因: Variant does not reference an automation object
[20141112-090107 WordFileConvertSrv.exe] ERR> 轉檔作業失敗. 從 "D:\NTAKWeb\NTAK_DDQS\Exec\Manager\FileStore\陳麗文(第09801332號)-96年度.doc" 轉換至 "D:\NTAKWeb\NTAK_DDQS\Exec\ConvertArea\陳麗文(第09801332號)-96年度.doc.txt" 時發生錯誤, 原因: Variant does not reference an automation object
[20141112-090107 WordFileConvertSrv.exe] ERR> 轉檔作業失敗. 從 "D:\NTAKWeb\NTAK_DDQS\Exec\Manager\FileStore\黃&#28702;瑢復查決定書-海外所得.doc" 轉換至 "D:\NTAKWeb\NTAK_DDQS\Exec\ConvertArea\黃&#28702;瑢復查決定書-海外所得.doc.txt" 時發生錯誤, 原因: Variant does not reference an automation object
[20141112-090107 WordFileConvertSrv.exe] ERR> 轉檔作業失敗. 從 "D:\NTAKWeb\NTAK_DDQS\Exec\Manager\FileStore\黃鳳珠(第09703642號)-95年度.doc" 轉換至 "D:\NTAKWeb\NTAK_DDQS\Exec\ConvertArea\黃鳳珠(第09703642號)-95年度.doc.txt" 時發生錯誤, 原因: Variant does not reference an automation object
[20141112-103554 WordFileConvertSrv.exe] ERR> 轉檔作業失敗. 從 "D:\NTAKWeb\NTAK_DDQS\Exec\Manager\FileStore\&#40644;武穎決定書.doc" 轉換至 "D:\NTAKWeb\NTAK_DDQS\Exec\ConvertArea\&#40644;武穎決定書.doc.txt" 時發生錯誤, 原因: Variant does not reference an automation object
[20141112-103554 WordFileConvertSrv.exe] ERR> 轉檔作業失敗. 從 "D:\NTAKWeb\NTAK_DDQS\Exec\Manager\FileStore\09700128300.doc" 轉換至 "D:\NTAKWeb\NTAK_DDQS\Exec\ConvertArea\09700128300.doc.txt" 時發生錯誤, 原因: Variant does not reference an automation object
[20141112-103554 WordFileConvertSrv.exe] ERR> 轉檔作業失敗. 從 "D:\NTAKWeb\NTAK_DDQS\Exec\Manager\FileStore\09700398060.doc" 轉換至 "D:\NTAKWeb\NTAK_DDQS\Exec\ConvertArea\09700398060.doc.txt" 時發生錯誤, 原因: Variant does not reference an automation object
[20141112-103554 WordFileConvertSrv.exe] ERR> 轉檔作業失敗. 從 "D:\NTAKWeb\NTAK_DDQS\Exec\Manager\FileStore\1-1020924洪瑞&#23791;君96年度復查決定書-函.doc" 轉換至 "D:\NTAKWeb\NTAK_DDQS\Exec\ConvertArea\1-1020924洪瑞&#23791;君96年度復查決定書-函.doc.txt" 時發生錯誤, 原因: Variant does not reference an automation object
[20141112-103554 WordFileConvertSrv.exe] ERR> 轉檔作業失敗. 從 "D:\NTAKWeb\NTAK_DDQS\Exec\Manager\FileStore\100-2-21鍾泰營造有限公司營業稅罰鍰(復查決定書-重繕(發文).doc" 轉換至 "D:\NTAKWeb\NTAK_DDQS\Exec\ConvertArea\100-2-21鍾泰營造有限公司營業稅罰鍰(復查決定書-重繕(發文).doc.txt" 時發生錯誤, 原因: Variant does not reference an automation object
[20141112-103554 WordFileConvertSrv.exe] ERR> 轉檔作業失敗. 從 "D:\NTAKWeb\NTAK_DDQS\Exec\Manager\FileStore\100年度判字第1949號.doc" 轉換至 "D:\NTAKWeb\NTAK_DDQS\Exec\ConvertArea\100年度判字第1949號.doc.txt" 時發生錯誤, 原因: Variant does not reference an automation object
[20141112-103555 WordFileConvertSrv.exe] ERR> 轉檔作業失敗. 從 "D:\NTAKWeb\NTAK_DDQS\Exec\Manager\FileStore\100年度復查決定書稿發文.doc" 轉換至 "D:\NTAKWeb\NTAK_DDQS\Exec\ConvertArea\100年度復查決定書稿發文.doc.txt" 時發生錯誤, 原因: Variant does not reference an automation object
[20141112-103555 WordFileConvertSrv.exe] ERR> 轉檔作業失敗. 從 "D:\NTAKWeb\NTAK_DDQS\Exec\Manager\FileStore\100年度訴字第444號.doc" 轉換至 "D:\NTAKWeb\NTAK_DDQS\Exec\ConvertArea\100年度訴字第444號.doc.txt" 時發生錯誤, 原因: Variant does not reference an automation object
[20141112-103555 WordFileConvertSrv.exe] ERR> 轉檔作業失敗. 從 "D:\NTAKWeb\NTAK_DDQS\Exec\Manager\FileStore\102.4.29-陳&#28913;泰(陳吳芬釵)100年度綜所稅復查決定書.doc" 轉換至 "D:\NTAKWeb\NTAK_DDQS\Exec\ConvertArea\102.4.29-陳&#28913;泰(陳吳芬釵)100年度綜所稅復查決定書.doc.txt" 時發生錯誤, 原因: Variant does not reference an automation object
[20141112-103555 WordFileConvertSrv.exe] ERR> 轉檔作業失敗. 從 "D:\NTAKWeb\NTAK_DDQS\Exec\Manager\FileStore\10201614.doc" 轉換至 "D:\NTAKWeb\NTAK_DDQS\Exec\ConvertArea\10201614.doc.txt" 時發生錯誤, 原因: Variant does not reference an automation object
[20141112-103555 WordFileConvertSrv.exe] ERR> 轉檔作業失敗. 從 "D:\NTAKWeb\NTAK_DDQS\Exec\Manager\FileStore\1020716張孟信99年度綜所稅復查決定書(復查會決議修正).doc" 轉換至 "D:\NTAKWeb\NTAK_DDQS\Exec\ConvertArea\1020716張孟信99年度綜所稅復查決定書(復查會決議修正).doc.txt" 時發生錯誤, 原因: Variant does not reference an automation object
[20141112-103555 WordFileConvertSrv.exe] ERR> 轉檔作業失敗. 從 "D:\NTAKWeb\NTAK_DDQS\Exec\Manager\FileStore\1021030黃振銘君99年度綜所稅復查決定書.doc" 轉換至 "D:\NTAKWeb\NTAK_DDQS\Exec\ConvertArea\1021030黃振銘君99年度綜所稅復查決定書.doc.txt" 時發生錯誤, 原因: Variant does not reference an automation object
[20141112-103555 WordFileConvertSrv.exe] ERR> 轉檔作業失敗. 從 "D:\NTAKWeb\NTAK_DDQS\Exec\Manager\FileStore\103.06.23發文-黃小芳101年綜所稅決定書稿.doc" 轉換至 "D:\NTAKWeb\NTAK_DDQS\Exec\ConvertArea\103.06.23發文-黃小芳101年綜所稅決定書稿.doc.txt" 時發生錯誤, 原因: Variant does not reference an automation object
[20141112-103555 WordFileConvertSrv.exe] ERR> 轉檔作業失敗. 從 "D:\NTAKWeb\NTAK_DDQS\Exec\Manager\FileStore\103.4.25發文-陳振昌100年綜所稅決定書(罰鍰).doc" 轉換至 "D:\NTAKWeb\NTAK_DDQS\Exec\ConvertArea\103.4.25發文-陳振昌100年綜所稅決定書(罰鍰).doc.txt" 時發生錯誤, 原因: Variant does not reference an automation object
[20141112-103555 WordFileConvertSrv.exe] ERR> 轉檔作業失敗. 從 "D:\NTAKWeb\NTAK_DDQS\Exec\Manager\FileStore\10300120.doc" 轉換至 "D:\NTAKWeb\NTAK_DDQS\Exec\ConvertArea\10300120.doc.txt" 時發生錯誤, 原因: Variant does not reference an automation object
[20141112-103555 WordFileConvertSrv.exe] ERR> 轉檔作業失敗. 從 "D:\NTAKWeb\NTAK_DDQS\Exec\Manager\FileStore\1030912江昌101營所稅(漏報其他收入) 罰鍰復查決定書(發文).doc" 轉換至 "D:\NTAKWeb\NTAK_DDQS\Exec\ConvertArea\1030912江昌101營所稅(漏報其他收入) 罰鍰復查決定書(發文).doc.txt" 時發生錯誤, 原因: Variant does not reference an automation object
[20141112-103555 WordFileConvertSrv.exe] ERR> 轉檔作業失敗. 從 "D:\NTAKWeb\NTAK_DDQS\Exec\Manager\FileStore\95年度訴字第160號(2).doc" 轉換至 "D:\NTAKWeb\NTAK_DDQS\Exec\ConvertArea\95年度訴字第160號(2).doc.txt" 時發生錯誤, 原因: Variant does not reference an automation object
[20141112-103555 WordFileConvertSrv.exe] ERR> 轉檔作業失敗. 從 "D:\NTAKWeb\NTAK_DDQS\Exec\Manager\FileStore\98年度再字第37號.doc" 轉換至 "D:\NTAKWeb\NTAK_DDQS\Exec\ConvertArea\98年度再字第37號.doc.txt" 時發生錯誤, 原因: Variant does not reference an automation object
[20141112-103555 WordFileConvertSrv.exe] ERR> 轉檔作業失敗. 從 "D:\NTAKWeb\NTAK_DDQS\Exec\Manager\FileStore\98年度簡再字第13號(2).doc" 轉換至 "D:\NTAKWeb\NTAK_DDQS\Exec\ConvertArea\98年度簡再字第13號(2).doc.txt" 時發生錯誤, 原因: Variant does not reference an automation object
[20141112-103555 WordFileConvertSrv.exe] ERR> 轉檔作業失敗. 從 "D:\NTAKWeb\NTAK_DDQS\Exec\Manager\FileStore\99年度簡再字第9號.doc" 轉換至 "D:\NTAKWeb\NTAK_DDQS\Exec\ConvertArea\99年度簡再字第9號.doc.txt" 時發生錯誤, 原因: Variant does not reference an automation object
[20141112-103555 WordFileConvertSrv.exe] ERR> 轉檔作業失敗. 從 "D:\NTAKWeb\NTAK_DDQS\Exec\Manager\FileStore\IE8302100730陳景生101本稅-短報5%－更正後.doc" 轉換至 "D:\NTAKWeb\NTAK_DDQS\Exec\ConvertArea\IE8302100730陳景生101本稅-短報5%－更正後.doc.txt" 時發生錯誤, 原因: Variant does not reference an automation object
[20141112-103555 WordFileConvertSrv.exe] ERR> 轉檔作業失敗. 從 "D:\NTAKWeb\NTAK_DDQS\Exec\Manager\FileStore\JVP-LST.doc" 轉換至 "D:\NTAKWeb\NTAK_DDQS\Exec\ConvertArea\JVP-LST.doc.txt" 時發生錯誤, 原因: Variant does not reference an automation object
[20141112-103555 WordFileConvertSrv.exe] ERR> 轉檔作業失敗. 從 "D:\NTAKWeb\NTAK_DDQS\Exec\Manager\FileStore\NE0402400815邱翠蓮99罰鍰-未據實申報扣繳憑單20%-維持.doc" 轉換至 "D:\NTAKWeb\NTAK_DDQS\Exec\ConvertArea\NE0402400815邱翠蓮99罰鍰-未據實申報扣繳憑單20%-維持.doc.txt" 時發生錯誤, 原因: Variant does not reference an automation object
[20141112-103555 WordFileConvertSrv.exe] ERR> 轉檔作業失敗. 從 "D:\NTAKWeb\NTAK_DDQS\Exec\Manager\FileStore\NE0403100144章一民101年復查決定書-稿.doc" 轉換至 "D:\NTAKWeb\NTAK_DDQS\Exec\ConvertArea\NE0403100144章一民101年復查決定書-稿.doc.txt" 時發生錯誤, 原因: Variant does not reference an automation object
[20141112-103555 WordFileConvertSrv.exe] ERR> 轉檔作業失敗. 從 "D:\NTAKWeb\NTAK_DDQS\Exec\Manager\FileStore\NE8302100123莊全勝100免稅額-追減-核定.doc" 轉換至 "D:\NTAKWeb\NTAK_DDQS\Exec\ConvertArea\NE8302100123莊全勝100免稅額-追減-核定.doc.txt" 時發生錯誤, 原因: Variant does not reference an automation object
[20141112-103555 WordFileConvertSrv.exe] ERR> 轉檔作業失敗. 從 "D:\NTAKWeb\NTAK_DDQS\Exec\Manager\FileStore\NE8302400498潘&#21843;銘100罰鍰-委託他人代為申報-維持.doc" 轉換至 "D:\NTAKWeb\NTAK_DDQS\Exec\ConvertArea\NE8302400498潘&#21843;銘100罰鍰-委託他人代為申報-維持.doc.txt" 時發生錯誤, 原因: Variant does not reference an automation object
[20141112-103555 WordFileConvertSrv.exe] ERR> 轉檔作業失敗. 從 "D:\NTAKWeb\NTAK_DDQS\Exec\Manager\FileStore\何海鷗101虛列免稅額決定書(本+罰)正本.doc" 轉換至 "D:\NTAKWeb\NTAK_DDQS\Exec\ConvertArea\何海鷗101虛列免稅額決定書(本+罰)正本.doc.txt" 時發生錯誤, 原因: Variant does not reference an automation object
[20141112-103555 WordFileConvertSrv.exe] ERR> 轉檔作業失敗. 從 "D:\NTAKWeb\NTAK_DDQS\Exec\Manager\FileStore\佳勝營造(第09903392號)-94年度.doc" 轉換至 "D:\NTAKWeb\NTAK_DDQS\Exec\ConvertArea\佳勝營造(第09903392號)-94年度.doc.txt" 時發生錯誤, 原因: Variant does not reference an automation object
[20141112-103555 WordFileConvertSrv.exe] ERR> 轉檔作業失敗. 從 "D:\NTAKWeb\NTAK_DDQS\Exec\Manager\FileStore\北方之星(第09800030號)-89年度.doc" 轉換至 "D:\NTAKWeb\NTAK_DDQS\Exec\ConvertArea\北方之星(第09800030號)-89年度.doc.txt" 時發生錯誤, 原因: Variant does not reference an automation object
[20141112-103555 WordFileConvertSrv.exe] ERR> 轉檔作業失敗. 從 "D:\NTAKWeb\NTAK_DDQS\Exec\Manager\FileStore\呂冠霖(第09704361~09704365號)-91~95年度.doc" 轉換至 "D:\NTAKWeb\NTAK_DDQS\Exec\ConvertArea\呂冠霖(第09704361~09704365號)-91~95年度.doc.txt" 時發生錯誤, 原因: Variant does not reference an automation object
[20141112-103555 WordFileConvertSrv.exe] ERR> 轉檔作業失敗. 從 "D:\NTAKWeb\NTAK_DDQS\Exec\Manager\FileStore\周王金珍(第09800157號)-94年度.doc" 轉換至 "D:\NTAKWeb\NTAK_DDQS\Exec\ConvertArea\周王金珍(第09800157號)-94年度.doc.txt" 時發生錯誤, 原因: Variant does not reference an automation object
[20141112-103555 WordFileConvertSrv.exe] ERR> 轉檔作業失敗. 從 "D:\NTAKWeb\NTAK_DDQS\Exec\Manager\FileStore\廖東建(第10001282號)-98年度.doc" 轉換至 "D:\NTAKWeb\NTAK_DDQS\Exec\ConvertArea\廖東建(第10001282號)-98年度.doc.txt" 時發生錯誤, 原因: Variant does not reference an automation object
[20141112-103555 WordFileConvertSrv.exe] ERR> 轉檔作業失敗. 從 "D:\NTAKWeb\NTAK_DDQS\Exec\Manager\FileStore\廣建95營所稅決定書(虛銷8%).doc" 轉換至 "D:\NTAKWeb\NTAK_DDQS\Exec\ConvertArea\廣建95營所稅決定書(虛銷8%).doc.txt" 時發生錯誤, 原因: Variant does not reference an automation object
[20141112-103555 WordFileConvertSrv.exe] ERR> 轉檔作業失敗. 從 "D:\NTAKWeb\NTAK_DDQS\Exec\Manager\FileStore\彭宴祥(第09801703號)-96年度.doc" 轉換至 "D:\NTAKWeb\NTAK_DDQS\Exec\ConvertArea\彭宴祥(第09801703號)-96年度.doc.txt" 時發生錯誤, 原因: Variant does not reference an automation object
[20141112-103555 WordFileConvertSrv.exe] ERR> 轉檔作業失敗. 從 "D:\NTAKWeb\NTAK_DDQS\Exec\Manager\FileStore\復查決定-函洪俊良93信託營利所得-實質課稅-核課期間.doc" 轉換至 "D:\NTAKWeb\NTAK_DDQS\Exec\ConvertArea\復查決定-函洪俊良93信託營利所得-實質課稅-核課期間.doc.txt" 時發生錯誤, 原因: Variant does not reference an automation object
[20141112-103555 WordFileConvertSrv.exe] ERR> 轉檔作業失敗. 從 "D:\NTAKWeb\NTAK_DDQS\Exec\Manager\FileStore\日月光電子100年度營所稅復查決定書.doc" 轉換至 "D:\NTAKWeb\NTAK_DDQS\Exec\ConvertArea\日月光電子100年度營所稅復查決定書.doc.txt" 時發生錯誤, 原因: Variant does not reference an automation object
[20141112-103555 WordFileConvertSrv.exe] ERR> 轉檔作業失敗. 從 "D:\NTAKWeb\NTAK_DDQS\Exec\Manager\FileStore\李淑&#32137;決定書.doc" 轉換至 "D:\NTAKWeb\NTAK_DDQS\Exec\ConvertArea\李淑&#32137;決定書.doc.txt" 時發生錯誤, 原因: Variant does not reference an automation object
[20141112-103555 WordFileConvertSrv.exe] ERR> 轉檔作業失敗. 從 "D:\NTAKWeb\NTAK_DDQS\Exec\Manager\FileStore\李清 復查決定書.doc.doc" 轉換至 "D:\NTAKWeb\NTAK_DDQS\Exec\ConvertArea\李清 復查決定書.doc.doc.txt" 時發生錯誤, 原因: Variant does not reference an automation object
[20141112-103555 WordFileConvertSrv.exe] ERR> 轉檔作業失敗. 從 "D:\NTAKWeb\NTAK_DDQS\Exec\Manager\FileStore\李清&#23791;復查決定書.doc" 轉換至 "D:\NTAKWeb\NTAK_DDQS\Exec\ConvertArea\李清&#23791;復查決定書.doc.txt" 時發生錯誤, 原因: Variant does not reference an automation object
[20141112-103555 WordFileConvertSrv.exe] ERR> 轉檔作業失敗. 從 "D:\NTAKWeb\NTAK_DDQS\Exec\Manager\FileStore\林&#37979;宏決定書.doc" 轉換至 "D:\NTAKWeb\NTAK_DDQS\Exec\ConvertArea\林&#37979;宏決定書.doc.txt" 時發生錯誤, 原因: Variant does not reference an automation object
[20141112-103555 WordFileConvertSrv.exe] ERR> 轉檔作業失敗. 從 "D:\NTAKWeb\NTAK_DDQS\Exec\Manager\FileStore\林奇峰95年度復查報告確定版.doc" 轉換至 "D:\NTAKWeb\NTAK_DDQS\Exec\ConvertArea\林奇峰95年度復查報告確定版.doc.txt" 時發生錯誤, 原因: Variant does not reference an automation object
[20141112-103555 WordFileConvertSrv.exe] ERR> 轉檔作業失敗. 從 "D:\NTAKWeb\NTAK_DDQS\Exec\Manager\FileStore\林宜靜(第09903210號)-94~96年度.doc" 轉換至 "D:\NTAKWeb\NTAK_DDQS\Exec\ConvertArea\林宜靜(第09903210號)-94~96年度.doc.txt" 時發生錯誤, 原因: Variant does not reference an automation object
[20141112-103555 WordFileConvertSrv.exe] ERR> 轉檔作業失敗. 從 "D:\NTAKWeb\NTAK_DDQS\Exec\Manager\FileStore\林茂雄98年度綜合所得稅正本.doc" 轉換至 "D:\NTAKWeb\NTAK_DDQS\Exec\ConvertArea\林茂雄98年度綜合所得稅正本.doc.txt" 時發生錯誤, 原因: Variant does not reference an automation object
[20141112-103555 WordFileConvertSrv.exe] ERR> 轉檔作業失敗. 從 "D:\NTAKWeb\NTAK_DDQS\Exec\Manager\FileStore\林麗俐(第10002578號)-93年度.doc" 轉換至 "D:\NTAKWeb\NTAK_DDQS\Exec\ConvertArea\林麗俐(第10002578號)-93年度.doc.txt" 時發生錯誤, 原因: Variant does not reference an automation object
[20141112-103555 WordFileConvertSrv.exe] ERR> 轉檔作業失敗. 從 "D:\NTAKWeb\NTAK_DDQS\Exec\Manager\FileStore\楊肅泰(第09804135號)-96年度.doc" 轉換至 "D:\NTAKWeb\NTAK_DDQS\Exec\ConvertArea\楊肅泰(第09804135號)-96年度.doc.txt" 時發生錯誤, 原因: Variant does not reference an automation object
[20141112-103555 WordFileConvertSrv.exe] ERR> 轉檔作業失敗. 從 "D:\NTAKWeb\NTAK_DDQS\Exec\Manager\FileStore\歐陽建華(第09902018號)-88年度.doc" 轉換至 "D:\NTAKWeb\NTAK_DDQS\Exec\ConvertArea\歐陽建華(第09902018號)-88年度.doc.txt" 時發生錯誤, 原因: Variant does not reference an automation object
[20141112-103555 WordFileConvertSrv.exe] ERR> 轉檔作業失敗. 從 "D:\NTAKWeb\NTAK_DDQS\Exec\Manager\FileStore\武穎決~1.DOC" 轉換至 "D:\NTAKWeb\NTAK_DDQS\Exec\ConvertArea\武穎決~1.DOC.txt" 時發生錯誤, 原因: Variant does not reference an automation object
[20141112-103555 WordFileConvertSrv.exe] ERR> 轉檔作業失敗. 從 "D:\NTAKWeb\NTAK_DDQS\Exec\Manager\FileStore\潘&#21843;銘100罰鍰-委託他人代為申報-維持.doc" 轉換至 "D:\NTAKWeb\NTAK_DDQS\Exec\ConvertArea\潘&#21843;銘100罰鍰-委託他人代為申報-維持.doc.txt" 時發生錯誤, 原因: Variant does not reference an automation object
[20141112-103555 WordFileConvertSrv.exe] ERR> 轉檔作業失敗. 從 "D:\NTAKWeb\NTAK_DDQS\Exec\Manager\FileStore\王&#28702;苡101年特銷稅罰鍰決定書-函.docx" 轉換至 "D:\NTAKWeb\NTAK_DDQS\Exec\ConvertArea\王&#28702;苡101年特銷稅罰鍰決定書-函.docx.txt" 時發生錯誤, 原因: Variant does not reference an automation object
[20141112-103555 WordFileConvertSrv.exe] ERR> 轉檔作業失敗. 從 "D:\NTAKWeb\NTAK_DDQS\Exec\Manager\FileStore\白美香(第09803188號)-96年度.doc" 轉換至 "D:\NTAKWeb\NTAK_DDQS\Exec\ConvertArea\白美香(第09803188號)-96年度.doc.txt" 時發生錯誤, 原因: Variant does not reference an automation object
[20141112-103555 WordFileConvertSrv.exe] ERR> 轉檔作業失敗. 從 "D:\NTAKWeb\NTAK_DDQS\Exec\Manager\FileStore\蘇宏典(第10001702號)-95年度.doc" 轉換至 "D:\NTAKWeb\NTAK_DDQS\Exec\ConvertArea\蘇宏典(第10001702號)-95年度.doc.txt" 時發生錯誤, 原因: Variant does not reference an automation object
[20141112-103555 WordFileConvertSrv.exe] ERR> 轉檔作業失敗. 從 "D:\NTAKWeb\NTAK_DDQS\Exec\Manager\FileStore\達旺廣告(第09803394號)-95年度.doc" 轉換至 "D:\NTAKWeb\NTAK_DDQS\Exec\ConvertArea\達旺廣告(第09803394號)-95年度.doc.txt" 時發生錯誤, 原因: Variant does not reference an automation object
[20141112-103555 WordFileConvertSrv.exe] ERR> 轉檔作業失敗. 從 "D:\NTAKWeb\NTAK_DDQS\Exec\Manager\FileStore\錢春進贈與稅決定.doc" 轉換至 "D:\NTAKWeb\NTAK_DDQS\Exec\ConvertArea\錢春進贈與稅決定.doc.txt" 時發生錯誤, 原因: Variant does not reference an automation object
[20141112-103555 WordFileConvertSrv.exe] ERR> 轉檔作業失敗. 從 "D:\NTAKWeb\NTAK_DDQS\Exec\Manager\FileStore\鍇億國際95營所稅決定書(虛銷8%).doc" 轉換至 "D:\NTAKWeb\NTAK_DDQS\Exec\ConvertArea\鍇億國際95營所稅決定書(虛銷8%).doc.txt" 時發生錯誤, 原因: Variant does not reference an automation object
[20141112-103555 WordFileConvertSrv.exe] ERR> 轉檔作業失敗. 從 "D:\NTAKWeb\NTAK_DDQS\Exec\Manager\FileStore\鍇億國際95營所稅決定書虛銷8%.doc" 轉換至 "D:\NTAKWeb\NTAK_DDQS\Exec\ConvertArea\鍇億國際95營所稅決定書虛銷8%.doc.txt" 時發生錯誤, 原因: Variant does not reference an automation object
[20141112-103555 WordFileConvertSrv.exe] ERR> 轉檔作業失敗. 從 "D:\NTAKWeb\NTAK_DDQS\Exec\Manager\FileStore\陳麗文(第09801332號)-96年度.doc" 轉換至 "D:\NTAKWeb\NTAK_DDQS\Exec\ConvertArea\陳麗文(第09801332號)-96年度.doc.txt" 時發生錯誤, 原因: Variant does not reference an automation object
[20141112-103555 WordFileConvertSrv.exe] ERR> 轉檔作業失敗. 從 "D:\NTAKWeb\NTAK_DDQS\Exec\Manager\FileStore\黃&#28702;瑢復查決定書-海外所得.doc" 轉換至 "D:\NTAKWeb\NTAK_DDQS\Exec\ConvertArea\黃&#28702;瑢復查決定書-海外所得.doc.txt" 時發生錯誤, 原因: Variant does not reference an automation object
[20141112-103555 WordFileConvertSrv.exe] ERR> 轉檔作業失敗. 從 "D:\NTAKWeb\NTAK_DDQS\Exec\Manager\FileStore\黃鳳珠(第09703642號)-95年度.doc" 轉換至 "D:\NTAKWeb\NTAK_DDQS\Exec\ConvertArea\黃鳳珠(第09703642號)-95年度.doc.txt" 時發生錯誤, 原因: Variant does not reference an automation object
[20141112-103947 WordFileConvertSrv.exe] ERR> 轉檔作業失敗. 從 "D:\NTAKWeb\NTAK_DDQS\Exec\Manager\FileStore\&#40644;武穎決定書.doc" 轉換至 "D:\NTAKWeb\NTAK_DDQS\Exec\ConvertArea\&#40644;武穎決定書.doc.txt" 時發生錯誤, 原因: Variant does not reference an automation object
[20141112-103947 WordFileConvertSrv.exe] ERR> 轉檔作業失敗. 從 "D:\NTAKWeb\NTAK_DDQS\Exec\Manager\FileStore\09700128300.doc" 轉換至 "D:\NTAKWeb\NTAK_DDQS\Exec\ConvertArea\09700128300.doc.txt" 時發生錯誤, 原因: Variant does not reference an automation object
[20141112-103947 WordFileConvertSrv.exe] ERR> 轉檔作業失敗. 從 "D:\NTAKWeb\NTAK_DDQS\Exec\Manager\FileStore\09700398060.doc" 轉換至 "D:\NTAKWeb\NTAK_DDQS\Exec\ConvertArea\09700398060.doc.txt" 時發生錯誤, 原因: Variant does not reference an automation object
[20141112-103947 WordFileConvertSrv.exe] ERR> 轉檔作業失敗. 從 "D:\NTAKWeb\NTAK_DDQS\Exec\Manager\FileStore\1-1020924洪瑞&#23791;君96年度復查決定書-函.doc" 轉換至 "D:\NTAKWeb\NTAK_DDQS\Exec\ConvertArea\1-1020924洪瑞&#23791;君96年度復查決定書-函.doc.txt" 時發生錯誤, 原因: Variant does not reference an automation object
[20141112-103947 WordFileConvertSrv.exe] ERR> 轉檔作業失敗. 從 "D:\NTAKWeb\NTAK_DDQS\Exec\Manager\FileStore\100-2-21鍾泰營造有限公司營業稅罰鍰(復查決定書-重繕(發文).doc" 轉換至 "D:\NTAKWeb\NTAK_DDQS\Exec\ConvertArea\100-2-21鍾泰營造有限公司營業稅罰鍰(復查決定書-重繕(發文).doc.txt" 時發生錯誤, 原因: Variant does not reference an automation object
[20141112-103947 WordFileConvertSrv.exe] ERR> 轉檔作業失敗. 從 "D:\NTAKWeb\NTAK_DDQS\Exec\Manager\FileStore\100年度判字第1949號.doc" 轉換至 "D:\NTAKWeb\NTAK_DDQS\Exec\ConvertArea\100年度判字第1949號.doc.txt" 時發生錯誤, 原因: Variant does not reference an automation object
[20141112-103947 WordFileConvertSrv.exe] ERR> 轉檔作業失敗. 從 "D:\NTAKWeb\NTAK_DDQS\Exec\Manager\FileStore\100年度復查決定書稿發文.doc" 轉換至 "D:\NTAKWeb\NTAK_DDQS\Exec\ConvertArea\100年度復查決定書稿發文.doc.txt" 時發生錯誤, 原因: Variant does not reference an automation object
[20141112-103947 WordFileConvertSrv.exe] ERR> 轉檔作業失敗. 從 "D:\NTAKWeb\NTAK_DDQS\Exec\Manager\FileStore\100年度訴字第444號.doc" 轉換至 "D:\NTAKWeb\NTAK_DDQS\Exec\ConvertArea\100年度訴字第444號.doc.txt" 時發生錯誤, 原因: Variant does not reference an automation object
[20141112-103947 WordFileConvertSrv.exe] ERR> 轉檔作業失敗. 從 "D:\NTAKWeb\NTAK_DDQS\Exec\Manager\FileStore\102.4.29-陳&#28913;泰(陳吳芬釵)100年度綜所稅復查決定書.doc" 轉換至 "D:\NTAKWeb\NTAK_DDQS\Exec\ConvertArea\102.4.29-陳&#28913;泰(陳吳芬釵)100年度綜所稅復查決定書.doc.txt" 時發生錯誤, 原因: Variant does not reference an automation object
[20141112-103947 WordFileConvertSrv.exe] ERR> 轉檔作業失敗. 從 "D:\NTAKWeb\NTAK_DDQS\Exec\Manager\FileStore\10201614.doc" 轉換至 "D:\NTAKWeb\NTAK_DDQS\Exec\ConvertArea\10201614.doc.txt" 時發生錯誤, 原因: Variant does not reference an automation object
[20141112-103947 WordFileConvertSrv.exe] ERR> 轉檔作業失敗. 從 "D:\NTAKWeb\NTAK_DDQS\Exec\Manager\FileStore\1020716張孟信99年度綜所稅復查決定書(復查會決議修正).doc" 轉換至 "D:\NTAKWeb\NTAK_DDQS\Exec\ConvertArea\1020716張孟信99年度綜所稅復查決定書(復查會決議修正).doc.txt" 時發生錯誤, 原因: Variant does not reference an automation object
[20141112-103947 WordFileConvertSrv.exe] ERR> 轉檔作業失敗. 從 "D:\NTAKWeb\NTAK_DDQS\Exec\Manager\FileStore\1021030黃振銘君99年度綜所稅復查決定書.doc" 轉換至 "D:\NTAKWeb\NTAK_DDQS\Exec\ConvertArea\1021030黃振銘君99年度綜所稅復查決定書.doc.txt" 時發生錯誤, 原因: Variant does not reference an automation object
[20141112-103947 WordFileConvertSrv.exe] ERR> 轉檔作業失敗. 從 "D:\NTAKWeb\NTAK_DDQS\Exec\Manager\FileStore\103.06.23發文-黃小芳101年綜所稅決定書稿.doc" 轉換至 "D:\NTAKWeb\NTAK_DDQS\Exec\ConvertArea\103.06.23發文-黃小芳101年綜所稅決定書稿.doc.txt" 時發生錯誤, 原因: Variant does not reference an automation object
[20141112-103947 WordFileConvertSrv.exe] ERR> 轉檔作業失敗. 從 "D:\NTAKWeb\NTAK_DDQS\Exec\Manager\FileStore\103.4.25發文-陳振昌100年綜所稅決定書(罰鍰).doc" 轉換至 "D:\NTAKWeb\NTAK_DDQS\Exec\ConvertArea\103.4.25發文-陳振昌100年綜所稅決定書(罰鍰).doc.txt" 時發生錯誤, 原因: Variant does not reference an automation object
[20141112-103947 WordFileConvertSrv.exe] ERR> 轉檔作業失敗. 從 "D:\NTAKWeb\NTAK_DDQS\Exec\Manager\FileStore\10300120.doc" 轉換至 "D:\NTAKWeb\NTAK_DDQS\Exec\ConvertArea\10300120.doc.txt" 時發生錯誤, 原因: Variant does not reference an automation object
[20141112-103947 WordFileConvertSrv.exe] ERR> 轉檔作業失敗. 從 "D:\NTAKWeb\NTAK_DDQS\Exec\Manager\FileStore\1030912江昌101營所稅(漏報其他收入) 罰鍰復查決定書(發文).doc" 轉換至 "D:\NTAKWeb\NTAK_DDQS\Exec\ConvertArea\1030912江昌101營所稅(漏報其他收入) 罰鍰復查決定書(發文).doc.txt" 時發生錯誤, 原因: Variant does not reference an automation object
[20141112-103947 WordFileConvertSrv.exe] ERR> 轉檔作業失敗. 從 "D:\NTAKWeb\NTAK_DDQS\Exec\Manager\FileStore\95年度訴字第160號(2).doc" 轉換至 "D:\NTAKWeb\NTAK_DDQS\Exec\ConvertArea\95年度訴字第160號(2).doc.txt" 時發生錯誤, 原因: Variant does not reference an automation object
[20141112-103947 WordFileConvertSrv.exe] ERR> 轉檔作業失敗. 從 "D:\NTAKWeb\NTAK_DDQS\Exec\Manager\FileStore\98年度再字第37號.doc" 轉換至 "D:\NTAKWeb\NTAK_DDQS\Exec\ConvertArea\98年度再字第37號.doc.txt" 時發生錯誤, 原因: Variant does not reference an automation object
[20141112-103947 WordFileConvertSrv.exe] ERR> 轉檔作業失敗. 從 "D:\NTAKWeb\NTAK_DDQS\Exec\Manager\FileStore\98年度簡再字第13號(2).doc" 轉換至 "D:\NTAKWeb\NTAK_DDQS\Exec\ConvertArea\98年度簡再字第13號(2).doc.txt" 時發生錯誤, 原因: Variant does not reference an automation object
[20141112-103947 WordFileConvertSrv.exe] ERR> 轉檔作業失敗. 從 "D:\NTAKWeb\NTAK_DDQS\Exec\Manager\FileStore\99年度簡再字第9號.doc" 轉換至 "D:\NTAKWeb\NTAK_DDQS\Exec\ConvertArea\99年度簡再字第9號.doc.txt" 時發生錯誤, 原因: Variant does not reference an automation object
[20141112-103947 WordFileConvertSrv.exe] ERR> 轉檔作業失敗. 從 "D:\NTAKWeb\NTAK_DDQS\Exec\Manager\FileStore\IE8302100730陳景生101本稅-短報5%－更正後.doc" 轉換至 "D:\NTAKWeb\NTAK_DDQS\Exec\ConvertArea\IE8302100730陳景生101本稅-短報5%－更正後.doc.txt" 時發生錯誤, 原因: Variant does not reference an automation object
[20141112-103947 WordFileConvertSrv.exe] ERR> 轉檔作業失敗. 從 "D:\NTAKWeb\NTAK_DDQS\Exec\Manager\FileStore\JVP-LST.doc" 轉換至 "D:\NTAKWeb\NTAK_DDQS\Exec\ConvertArea\JVP-LST.doc.txt" 時發生錯誤, 原因: Variant does not reference an automation object
[20141112-103947 WordFileConvertSrv.exe] ERR> 轉檔作業失敗. 從 "D:\NTAKWeb\NTAK_DDQS\Exec\Manager\FileStore\NE0402400815邱翠蓮99罰鍰-未據實申報扣繳憑單20%-維持.doc" 轉換至 "D:\NTAKWeb\NTAK_DDQS\Exec\ConvertArea\NE0402400815邱翠蓮99罰鍰-未據實申報扣繳憑單20%-維持.doc.txt" 時發生錯誤, 原因: Variant does not reference an automation object
[20141112-103947 WordFileConvertSrv.exe] ERR> 轉檔作業失敗. 從 "D:\NTAKWeb\NTAK_DDQS\Exec\Manager\FileStore\NE0403100144章一民101年復查決定書-稿.doc" 轉換至 "D:\NTAKWeb\NTAK_DDQS\Exec\ConvertArea\NE0403100144章一民101年復查決定書-稿.doc.txt" 時發生錯誤, 原因: Variant does not reference an automation object
[20141112-103947 WordFileConvertSrv.exe] ERR> 轉檔作業失敗. 從 "D:\NTAKWeb\NTAK_DDQS\Exec\Manager\FileStore\NE8302100123莊全勝100免稅額-追減-核定.doc" 轉換至 "D:\NTAKWeb\NTAK_DDQS\Exec\ConvertArea\NE8302100123莊全勝100免稅額-追減-核定.doc.txt" 時發生錯誤, 原因: Variant does not reference an automation object
[20141112-103947 WordFileConvertSrv.exe] ERR> 轉檔作業失敗. 從 "D:\NTAKWeb\NTAK_DDQS\Exec\Manager\FileStore\NE8302400498潘&#21843;銘100罰鍰-委託他人代為申報-維持.doc" 轉換至 "D:\NTAKWeb\NTAK_DDQS\Exec\ConvertArea\NE8302400498潘&#21843;銘100罰鍰-委託他人代為申報-維持.doc.txt" 時發生錯誤, 原因: Variant does not reference an automation object
[20141112-103947 WordFileConvertSrv.exe] ERR> 轉檔作業失敗. 從 "D:\NTAKWeb\NTAK_DDQS\Exec\Manager\FileStore\何海鷗101虛列免稅額決定書(本+罰)正本.doc" 轉換至 "D:\NTAKWeb\NTAK_DDQS\Exec\ConvertArea\何海鷗101虛列免稅額決定書(本+罰)正本.doc.txt" 時發生錯誤, 原因: Variant does not reference an automation object
[20141112-103947 WordFileConvertSrv.exe] ERR> 轉檔作業失敗. 從 "D:\NTAKWeb\NTAK_DDQS\Exec\Manager\FileStore\佳勝營造(第09903392號)-94年度.doc" 轉換至 "D:\NTAKWeb\NTAK_DDQS\Exec\ConvertArea\佳勝營造(第09903392號)-94年度.doc.txt" 時發生錯誤, 原因: Variant does not reference an automation object
[20141112-103947 WordFileConvertSrv.exe] ERR> 轉檔作業失敗. 從 "D:\NTAKWeb\NTAK_DDQS\Exec\Manager\FileStore\北方之星(第09800030號)-89年度.doc" 轉換至 "D:\NTAKWeb\NTAK_DDQS\Exec\ConvertArea\北方之星(第09800030號)-89年度.doc.txt" 時發生錯誤, 原因: Variant does not reference an automation object
[20141112-103947 WordFileConvertSrv.exe] ERR> 轉檔作業失敗. 從 "D:\NTAKWeb\NTAK_DDQS\Exec\Manager\FileStore\呂冠霖(第09704361~09704365號)-91~95年度.doc" 轉換至 "D:\NTAKWeb\NTAK_DDQS\Exec\ConvertArea\呂冠霖(第09704361~09704365號)-91~95年度.doc.txt" 時發生錯誤, 原因: Variant does not reference an automation object
[20141112-103947 WordFileConvertSrv.exe] ERR> 轉檔作業失敗. 從 "D:\NTAKWeb\NTAK_DDQS\Exec\Manager\FileStore\周王金珍(第09800157號)-94年度.doc" 轉換至 "D:\NTAKWeb\NTAK_DDQS\Exec\ConvertArea\周王金珍(第09800157號)-94年度.doc.txt" 時發生錯誤, 原因: Variant does not reference an automation object
[20141112-103947 WordFileConvertSrv.exe] ERR> 轉檔作業失敗. 從 "D:\NTAKWeb\NTAK_DDQS\Exec\Manager\FileStore\廖東建(第10001282號)-98年度.doc" 轉換至 "D:\NTAKWeb\NTAK_DDQS\Exec\ConvertArea\廖東建(第10001282號)-98年度.doc.txt" 時發生錯誤, 原因: Variant does not reference an automation object
[20141112-103947 WordFileConvertSrv.exe] ERR> 轉檔作業失敗. 從 "D:\NTAKWeb\NTAK_DDQS\Exec\Manager\FileStore\廣建95營所稅決定書(虛銷8%).doc" 轉換至 "D:\NTAKWeb\NTAK_DDQS\Exec\ConvertArea\廣建95營所稅決定書(虛銷8%).doc.txt" 時發生錯誤, 原因: Variant does not reference an automation object
[20141112-103947 WordFileConvertSrv.exe] ERR> 轉檔作業失敗. 從 "D:\NTAKWeb\NTAK_DDQS\Exec\Manager\FileStore\彭宴祥(第09801703號)-96年度.doc" 轉換至 "D:\NTAKWeb\NTAK_DDQS\Exec\ConvertArea\彭宴祥(第09801703號)-96年度.doc.txt" 時發生錯誤, 原因: Variant does not reference an automation object
[20141112-103947 WordFileConvertSrv.exe] ERR> 轉檔作業失敗. 從 "D:\NTAKWeb\NTAK_DDQS\Exec\Manager\FileStore\復查決定-函洪俊良93信託營利所得-實質課稅-核課期間.doc" 轉換至 "D:\NTAKWeb\NTAK_DDQS\Exec\ConvertArea\復查決定-函洪俊良93信託營利所得-實質課稅-核課期間.doc.txt" 時發生錯誤, 原因: Variant does not reference an automation object
[20141112-103947 WordFileConvertSrv.exe] ERR> 轉檔作業失敗. 從 "D:\NTAKWeb\NTAK_DDQS\Exec\Manager\FileStore\日月光電子100年度營所稅復查決定書.doc" 轉換至 "D:\NTAKWeb\NTAK_DDQS\Exec\ConvertArea\日月光電子100年度營所稅復查決定書.doc.txt" 時發生錯誤, 原因: Variant does not reference an automation object
[20141112-103947 WordFileConvertSrv.exe] ERR> 轉檔作業失敗. 從 "D:\NTAKWeb\NTAK_DDQS\Exec\Manager\FileStore\李淑&#32137;決定書.doc" 轉換至 "D:\NTAKWeb\NTAK_DDQS\Exec\ConvertArea\李淑&#32137;決定書.doc.txt" 時發生錯誤, 原因: Variant does not reference an automation object
[20141112-103947 WordFileConvertSrv.exe] ERR> 轉檔作業失敗. 從 "D:\NTAKWeb\NTAK_DDQS\Exec\Manager\FileStore\李清 復查決定書.doc.doc" 轉換至 "D:\NTAKWeb\NTAK_DDQS\Exec\ConvertArea\李清 復查決定書.doc.doc.txt" 時發生錯誤, 原因: Variant does not reference an automation object
[20141112-103947 WordFileConvertSrv.exe] ERR> 轉檔作業失敗. 從 "D:\NTAKWeb\NTAK_DDQS\Exec\Manager\FileStore\李清&#23791;復查決定書.doc" 轉換至 "D:\NTAKWeb\NTAK_DDQS\Exec\ConvertArea\李清&#23791;復查決定書.doc.txt" 時發生錯誤, 原因: Variant does not reference an automation object
[20141112-103947 WordFileConvertSrv.exe] ERR> 轉檔作業失敗. 從 "D:\NTAKWeb\NTAK_DDQS\Exec\Manager\FileStore\林&#37979;宏決定書.doc" 轉換至 "D:\NTAKWeb\NTAK_DDQS\Exec\ConvertArea\林&#37979;宏決定書.doc.txt" 時發生錯誤, 原因: Variant does not reference an automation object
[20141112-103947 WordFileConvertSrv.exe] ERR> 轉檔作業失敗. 從 "D:\NTAKWeb\NTAK_DDQS\Exec\Manager\FileStore\林奇峰95年度復查報告確定版.doc" 轉換至 "D:\NTAKWeb\NTAK_DDQS\Exec\ConvertArea\林奇峰95年度復查報告確定版.doc.txt" 時發生錯誤, 原因: Variant does not reference an automation object
[20141112-103947 WordFileConvertSrv.exe] ERR> 轉檔作業失敗. 從 "D:\NTAKWeb\NTAK_DDQS\Exec\Manager\FileStore\林宜靜(第09903210號)-94~96年度.doc" 轉換至 "D:\NTAKWeb\NTAK_DDQS\Exec\ConvertArea\林宜靜(第09903210號)-94~96年度.doc.txt" 時發生錯誤, 原因: Variant does not reference an automation object
[20141112-103947 WordFileConvertSrv.exe] ERR> 轉檔作業失敗. 從 "D:\NTAKWeb\NTAK_DDQS\Exec\Manager\FileStore\林茂雄98年度綜合所得稅正本.doc" 轉換至 "D:\NTAKWeb\NTAK_DDQS\Exec\ConvertArea\林茂雄98年度綜合所得稅正本.doc.txt" 時發生錯誤, 原因: Variant does not reference an automation object
[20141112-103947 WordFileConvertSrv.exe] ERR> 轉檔作業失敗. 從 "D:\NTAKWeb\NTAK_DDQS\Exec\Manager\FileStore\林麗俐(第10002578號)-93年度.doc" 轉換至 "D:\NTAKWeb\NTAK_DDQS\Exec\ConvertArea\林麗俐(第10002578號)-93年度.doc.txt" 時發生錯誤, 原因: Variant does not reference an automation object
[20141112-103947 WordFileConvertSrv.exe] ERR> 轉檔作業失敗. 從 "D:\NTAKWeb\NTAK_DDQS\Exec\Manager\FileStore\楊肅泰(第09804135號)-96年度.doc" 轉換至 "D:\NTAKWeb\NTAK_DDQS\Exec\ConvertArea\楊肅泰(第09804135號)-96年度.doc.txt" 時發生錯誤, 原因: Variant does not reference an automation object
[20141112-103947 WordFileConvertSrv.exe] ERR> 轉檔作業失敗. 從 "D:\NTAKWeb\NTAK_DDQS\Exec\Manager\FileStore\歐陽建華(第09902018號)-88年度.doc" 轉換至 "D:\NTAKWeb\NTAK_DDQS\Exec\ConvertArea\歐陽建華(第09902018號)-88年度.doc.txt" 時發生錯誤, 原因: Variant does not reference an automation object
[20141112-103947 WordFileConvertSrv.exe] ERR> 轉檔作業失敗. 從 "D:\NTAKWeb\NTAK_DDQS\Exec\Manager\FileStore\武穎決~1.DOC" 轉換至 "D:\NTAKWeb\NTAK_DDQS\Exec\ConvertArea\武穎決~1.DOC.txt" 時發生錯誤, 原因: Variant does not reference an automation object
[20141112-103947 WordFileConvertSrv.exe] ERR> 轉檔作業失敗. 從 "D:\NTAKWeb\NTAK_DDQS\Exec\Manager\FileStore\潘&#21843;銘100罰鍰-委託他人代為申報-維持.doc" 轉換至 "D:\NTAKWeb\NTAK_DDQS\Exec\ConvertArea\潘&#21843;銘100罰鍰-委託他人代為申報-維持.doc.txt" 時發生錯誤, 原因: Variant does not reference an automation object
[20141112-103947 WordFileConvertSrv.exe] ERR> 轉檔作業失敗. 從 "D:\NTAKWeb\NTAK_DDQS\Exec\Manager\FileStore\王&#28702;苡101年特銷稅罰鍰決定書-函.docx" 轉換至 "D:\NTAKWeb\NTAK_DDQS\Exec\ConvertArea\王&#28702;苡101年特銷稅罰鍰決定書-函.docx.txt" 時發生錯誤, 原因: Variant does not reference an automation object
[20141112-103947 WordFileConvertSrv.exe] ERR> 轉檔作業失敗. 從 "D:\NTAKWeb\NTAK_DDQS\Exec\Manager\FileStore\白美香(第09803188號)-96年度.doc" 轉換至 "D:\NTAKWeb\NTAK_DDQS\Exec\ConvertArea\白美香(第09803188號)-96年度.doc.txt" 時發生錯誤, 原因: Variant does not reference an automation object
[20141112-103947 WordFileConvertSrv.exe] ERR> 轉檔作業失敗. 從 "D:\NTAKWeb\NTAK_DDQS\Exec\Manager\FileStore\蘇宏典(第10001702號)-95年度.doc" 轉換至 "D:\NTAKWeb\NTAK_DDQS\Exec\ConvertArea\蘇宏典(第10001702號)-95年度.doc.txt" 時發生錯誤, 原因: Variant does not reference an automation object
[20141112-103947 WordFileConvertSrv.exe] ERR> 轉檔作業失敗. 從 "D:\NTAKWeb\NTAK_DDQS\Exec\Manager\FileStore\達旺廣告(第09803394號)-95年度.doc" 轉換至 "D:\NTAKWeb\NTAK_DDQS\Exec\ConvertArea\達旺廣告(第09803394號)-95年度.doc.txt" 時發生錯誤, 原因: Variant does not reference an automation object
[20141112-103947 WordFileConvertSrv.exe] ERR> 轉檔作業失敗. 從 "D:\NTAKWeb\NTAK_DDQS\Exec\Manager\FileStore\鍇億國際95營所稅決定書(虛銷8%).doc" 轉換至 "D:\NTAKWeb\NTAK_DDQS\Exec\ConvertArea\鍇億國際95營所稅決定書(虛銷8%).doc.txt" 時發生錯誤, 原因: Variant does not reference an automation object
[20141112-103947 WordFileConvertSrv.exe] ERR> 轉檔作業失敗. 從 "D:\NTAKWeb\NTAK_DDQS\Exec\Manager\FileStore\鍇億國際95營所稅決定書虛銷8%.doc" 轉換至 "D:\NTAKWeb\NTAK_DDQS\Exec\ConvertArea\鍇億國際95營所稅決定書虛銷8%.doc.txt" 時發生錯誤, 原因: Variant does not reference an automation object
[20141112-103947 WordFileConvertSrv.exe] ERR> 轉檔作業失敗. 從 "D:\NTAKWeb\NTAK_DDQS\Exec\Manager\FileStore\陳麗文(第09801332號)-96年度.doc" 轉換至 "D:\NTAKWeb\NTAK_DDQS\Exec\ConvertArea\陳麗文(第09801332號)-96年度.doc.txt" 時發生錯誤, 原因: Variant does not reference an automation object
[20141112-103947 WordFileConvertSrv.exe] ERR> 轉檔作業失敗. 從 "D:\NTAKWeb\NTAK_DDQS\Exec\Manager\FileStore\黃&#28702;瑢復查決定書-海外所得.doc" 轉換至 "D:\NTAKWeb\NTAK_DDQS\Exec\ConvertArea\黃&#28702;瑢復查決定書-海外所得.doc.txt" 時發生錯誤, 原因: Variant does not reference an automation object
[20141112-103947 WordFileConvertSrv.exe] ERR> 轉檔作業失敗. 從 "D:\NTAKWeb\NTAK_DDQS\Exec\Manager\FileStore\黃鳳珠(第09703642號)-95年度.doc" 轉換至 "D:\NTAKWeb\NTAK_DDQS\Exec\ConvertArea\黃鳳珠(第09703642號)-95年度.doc.txt" 時發生錯誤, 原因: Variant does not reference an automation object
[20141112-103947 WordFileConvertSrv.exe] ERR> 轉檔作業失敗. 從 "D:\NTAKWeb\NTAK_DDQS\Exec\Manager\FileStore\&#40644;武穎決定書.doc" 轉換至 "D:\NTAKWeb\NTAK_DDQS\Exec\ConvertArea\&#40644;武穎決定書.doc.txt" 時發生錯誤, 原因: Variant does not reference an automation object
[20141112-103947 WordFileConvertSrv.exe] ERR> 轉檔作業失敗. 從 "D:\NTAKWeb\NTAK_DDQS\Exec\Manager\FileStore\09700128300.doc" 轉換至 "D:\NTAKWeb\NTAK_DDQS\Exec\ConvertArea\09700128300.doc.txt" 時發生錯誤, 原因: Variant does not reference an automation object
[20141112-103947 WordFileConvertSrv.exe] ERR> 轉檔作業失敗. 從 "D:\NTAKWeb\NTAK_DDQS\Exec\Manager\FileStore\09700398060.doc" 轉換至 "D:\NTAKWeb\NTAK_DDQS\Exec\ConvertArea\09700398060.doc.txt" 時發生錯誤, 原因: Variant does not reference an automation object
[20141112-103947 WordFileConvertSrv.exe] ERR> 轉檔作業失敗. 從 "D:\NTAKWeb\NTAK_DDQS\Exec\Manager\FileStore\1-1020924洪瑞&#23791;君96年度復查決定書-函.doc" 轉換至 "D:\NTAKWeb\NTAK_DDQS\Exec\ConvertArea\1-1020924洪瑞&#23791;君96年度復查決定書-函.doc.txt" 時發生錯誤, 原因: Variant does not reference an automation object
[20141112-103947 WordFileConvertSrv.exe] ERR> 轉檔作業失敗. 從 "D:\NTAKWeb\NTAK_DDQS\Exec\Manager\FileStore\100-2-21鍾泰營造有限公司營業稅罰鍰(復查決定書-重繕(發文).doc" 轉換至 "D:\NTAKWeb\NTAK_DDQS\Exec\ConvertArea\100-2-21鍾泰營造有限公司營業稅罰鍰(復查決定書-重繕(發文).doc.txt" 時發生錯誤, 原因: Variant does not reference an automation object
[20141112-103947 WordFileConvertSrv.exe] ERR> 轉檔作業失敗. 從 "D:\NTAKWeb\NTAK_DDQS\Exec\Manager\FileStore\100年度判字第1949號.doc" 轉換至 "D:\NTAKWeb\NTAK_DDQS\Exec\ConvertArea\100年度判字第1949號.doc.txt" 時發生錯誤, 原因: Variant does not reference an automation object
[20141112-103947 WordFileConvertSrv.exe] ERR> 轉檔作業失敗. 從 "D:\NTAKWeb\NTAK_DDQS\Exec\Manager\FileStore\100年度復查決定書稿發文.doc" 轉換至 "D:\NTAKWeb\NTAK_DDQS\Exec\ConvertArea\100年度復查決定書稿發文.doc.txt" 時發生錯誤, 原因: Variant does not reference an automation object
[20141112-103947 WordFileConvertSrv.exe] ERR> 轉檔作業失敗. 從 "D:\NTAKWeb\NTAK_DDQS\Exec\Manager\FileStore\100年度訴字第444號.doc" 轉換至 "D:\NTAKWeb\NTAK_DDQS\Exec\ConvertArea\100年度訴字第444號.doc.txt" 時發生錯誤, 原因: Variant does not reference an automation object
[20141112-103947 WordFileConvertSrv.exe] ERR> 轉檔作業失敗. 從 "D:\NTAKWeb\NTAK_DDQS\Exec\Manager\FileStore\102.4.29-陳&#28913;泰(陳吳芬釵)100年度綜所稅復查決定書.doc" 轉換至 "D:\NTAKWeb\NTAK_DDQS\Exec\ConvertArea\102.4.29-陳&#28913;泰(陳吳芬釵)100年度綜所稅復查決定書.doc.txt" 時發生錯誤, 原因: Variant does not reference an automation object
[20141112-103947 WordFileConvertSrv.exe] ERR> 轉檔作業失敗. 從 "D:\NTAKWeb\NTAK_DDQS\Exec\Manager\FileStore\10201614.doc" 轉換至 "D:\NTAKWeb\NTAK_DDQS\Exec\ConvertArea\10201614.doc.txt" 時發生錯誤, 原因: Variant does not reference an automation object
[20141112-103947 WordFileConvertSrv.exe] ERR> 轉檔作業失敗. 從 "D:\NTAKWeb\NTAK_DDQS\Exec\Manager\FileStore\1020716張孟信99年度綜所稅復查決定書(復查會決議修正).doc" 轉換至 "D:\NTAKWeb\NTAK_DDQS\Exec\ConvertArea\1020716張孟信99年度綜所稅復查決定書(復查會決議修正).doc.txt" 時發生錯誤, 原因: Variant does not reference an automation object
[20141112-103947 WordFileConvertSrv.exe] ERR> 轉檔作業失敗. 從 "D:\NTAKWeb\NTAK_DDQS\Exec\Manager\FileStore\1021030黃振銘君99年度綜所稅復查決定書.doc" 轉換至 "D:\NTAKWeb\NTAK_DDQS\Exec\ConvertArea\1021030黃振銘君99年度綜所稅復查決定書.doc.txt" 時發生錯誤, 原因: Variant does not reference an automation object
[20141112-103947 WordFileConvertSrv.exe] ERR> 轉檔作業失敗. 從 "D:\NTAKWeb\NTAK_DDQS\Exec\Manager\FileStore\103.06.23發文-黃小芳101年綜所稅決定書稿.doc" 轉換至 "D:\NTAKWeb\NTAK_DDQS\Exec\ConvertArea\103.06.23發文-黃小芳101年綜所稅決定書稿.doc.txt" 時發生錯誤, 原因: Variant does not reference an automation object
[20141112-103947 WordFileConvertSrv.exe] ERR> 轉檔作業失敗. 從 "D:\NTAKWeb\NTAK_DDQS\Exec\Manager\FileStore\103.4.25發文-陳振昌100年綜所稅決定書(罰鍰).doc" 轉換至 "D:\NTAKWeb\NTAK_DDQS\Exec\ConvertArea\103.4.25發文-陳振昌100年綜所稅決定書(罰鍰).doc.txt" 時發生錯誤, 原因: Variant does not reference an automation object
[20141112-103947 WordFileConvertSrv.exe] ERR> 轉檔作業失敗. 從 "D:\NTAKWeb\NTAK_DDQS\Exec\Manager\FileStore\10300120.doc" 轉換至 "D:\NTAKWeb\NTAK_DDQS\Exec\ConvertArea\10300120.doc.txt" 時發生錯誤, 原因: Variant does not reference an automation object
[20141112-103947 WordFileConvertSrv.exe] ERR> 轉檔作業失敗. 從 "D:\NTAKWeb\NTAK_DDQS\Exec\Manager\FileStore\1030912江昌101營所稅(漏報其他收入) 罰鍰復查決定書(發文).doc" 轉換至 "D:\NTAKWeb\NTAK_DDQS\Exec\ConvertArea\1030912江昌101營所稅(漏報其他收入) 罰鍰復查決定書(發文).doc.txt" 時發生錯誤, 原因: Variant does not reference an automation object
[20141112-103947 WordFileConvertSrv.exe] ERR> 轉檔作業失敗. 從 "D:\NTAKWeb\NTAK_DDQS\Exec\Manager\FileStore\95年度訴字第160號(2).doc" 轉換至 "D:\NTAKWeb\NTAK_DDQS\Exec\ConvertArea\95年度訴字第160號(2).doc.txt" 時發生錯誤, 原因: Variant does not reference an automation object
[20141112-103947 WordFileConvertSrv.exe] ERR> 轉檔作業失敗. 從 "D:\NTAKWeb\NTAK_DDQS\Exec\Manager\FileStore\98年度再字第37號.doc" 轉換至 "D:\NTAKWeb\NTAK_DDQS\Exec\ConvertArea\98年度再字第37號.doc.txt" 時發生錯誤, 原因: Variant does not reference an automation object
[20141112-103947 WordFileConvertSrv.exe] ERR> 轉檔作業失敗. 從 "D:\NTAKWeb\NTAK_DDQS\Exec\Manager\FileStore\98年度簡再字第13號(2).doc" 轉換至 "D:\NTAKWeb\NTAK_DDQS\Exec\ConvertArea\98年度簡再字第13號(2).doc.txt" 時發生錯誤, 原因: Variant does not reference an automation object
[20141112-103947 WordFileConvertSrv.exe] ERR> 轉檔作業失敗. 從 "D:\NTAKWeb\NTAK_DDQS\Exec\Manager\FileStore\99年度簡再字第9號.doc" 轉換至 "D:\NTAKWeb\NTAK_DDQS\Exec\ConvertArea\99年度簡再字第9號.doc.txt" 時發生錯誤, 原因: Variant does not reference an automation object
[20141112-103947 WordFileConvertSrv.exe] ERR> 轉檔作業失敗. 從 "D:\NTAKWeb\NTAK_DDQS\Exec\Manager\FileStore\IE8302100730陳景生101本稅-短報5%－更正後.doc" 轉換至 "D:\NTAKWeb\NTAK_DDQS\Exec\ConvertArea\IE8302100730陳景生101本稅-短報5%－更正後.doc.txt" 時發生錯誤, 原因: Variant does not reference an automation object
[20141112-103947 WordFileConvertSrv.exe] ERR> 轉檔作業失敗. 從 "D:\NTAKWeb\NTAK_DDQS\Exec\Manager\FileStore\JVP-LST.doc" 轉換至 "D:\NTAKWeb\NTAK_DDQS\Exec\ConvertArea\JVP-LST.doc.txt" 時發生錯誤, 原因: Variant does not reference an automation object
[20141112-103947 WordFileConvertSrv.exe] ERR> 轉檔作業失敗. 從 "D:\NTAKWeb\NTAK_DDQS\Exec\Manager\FileStore\NE0402400815邱翠蓮99罰鍰-未據實申報扣繳憑單20%-維持.doc" 轉換至 "D:\NTAKWeb\NTAK_DDQS\Exec\ConvertArea\NE0402400815邱翠蓮99罰鍰-未據實申報扣繳憑單20%-維持.doc.txt" 時發生錯誤, 原因: Variant does not reference an automation object
[20141112-103947 WordFileConvertSrv.exe] ERR> 轉檔作業失敗. 從 "D:\NTAKWeb\NTAK_DDQS\Exec\Manager\FileStore\NE0403100144章一民101年復查決定書-稿.doc" 轉換至 "D:\NTAKWeb\NTAK_DDQS\Exec\ConvertArea\NE0403100144章一民101年復查決定書-稿.doc.txt" 時發生錯誤, 原因: Variant does not reference an automation object
[20141112-103947 WordFileConvertSrv.exe] ERR> 轉檔作業失敗. 從 "D:\NTAKWeb\NTAK_DDQS\Exec\Manager\FileStore\NE8302100123莊全勝100免稅額-追減-核定.doc" 轉換至 "D:\NTAKWeb\NTAK_DDQS\Exec\ConvertArea\NE8302100123莊全勝100免稅額-追減-核定.doc.txt" 時發生錯誤, 原因: Variant does not reference an automation object
[20141112-103947 WordFileConvertSrv.exe] ERR> 轉檔作業失敗. 從 "D:\NTAKWeb\NTAK_DDQS\Exec\Manager\FileStore\NE8302400498潘&#21843;銘100罰鍰-委託他人代為申報-維持.doc" 轉換至 "D:\NTAKWeb\NTAK_DDQS\Exec\ConvertArea\NE8302400498潘&#21843;銘100罰鍰-委託他人代為申報-維持.doc.txt" 時發生錯誤, 原因: Variant does not reference an automation object
[20141112-103947 WordFileConvertSrv.exe] ERR> 轉檔作業失敗. 從 "D:\NTAKWeb\NTAK_DDQS\Exec\Manager\FileStore\何海鷗101虛列免稅額決定書(本+罰)正本.doc" 轉換至 "D:\NTAKWeb\NTAK_DDQS\Exec\ConvertArea\何海鷗101虛列免稅額決定書(本+罰)正本.doc.txt" 時發生錯誤, 原因: Variant does not reference an automation object
[20141112-103947 WordFileConvertSrv.exe] ERR> 轉檔作業失敗. 從 "D:\NTAKWeb\NTAK_DDQS\Exec\Manager\FileStore\佳勝營造(第09903392號)-94年度.doc" 轉換至 "D:\NTAKWeb\NTAK_DDQS\Exec\ConvertArea\佳勝營造(第09903392號)-94年度.doc.txt" 時發生錯誤, 原因: Variant does not reference an automation object
[20141112-103947 WordFileConvertSrv.exe] ERR> 轉檔作業失敗. 從 "D:\NTAKWeb\NTAK_DDQS\Exec\Manager\FileStore\北方之星(第09800030號)-89年度.doc" 轉換至 "D:\NTAKWeb\NTAK_DDQS\Exec\ConvertArea\北方之星(第09800030號)-89年度.doc.txt" 時發生錯誤, 原因: Variant does not reference an automation object
[20141112-103947 WordFileConvertSrv.exe] ERR> 轉檔作業失敗. 從 "D:\NTAKWeb\NTAK_DDQS\Exec\Manager\FileStore\呂冠霖(第09704361~09704365號)-91~95年度.doc" 轉換至 "D:\NTAKWeb\NTAK_DDQS\Exec\ConvertArea\呂冠霖(第09704361~09704365號)-91~95年度.doc.txt" 時發生錯誤, 原因: Variant does not reference an automation object
[20141112-103947 WordFileConvertSrv.exe] ERR> 轉檔作業失敗. 從 "D:\NTAKWeb\NTAK_DDQS\Exec\Manager\FileStore\周王金珍(第09800157號)-94年度.doc" 轉換至 "D:\NTAKWeb\NTAK_DDQS\Exec\ConvertArea\周王金珍(第09800157號)-94年度.doc.txt" 時發生錯誤, 原因: Variant does not reference an automation object
[20141112-103947 WordFileConvertSrv.exe] ERR> 轉檔作業失敗. 從 "D:\NTAKWeb\NTAK_DDQS\Exec\Manager\FileStore\廖東建(第10001282號)-98年度.doc" 轉換至 "D:\NTAKWeb\NTAK_DDQS\Exec\ConvertArea\廖東建(第10001282號)-98年度.doc.txt" 時發生錯誤, 原因: Variant does not reference an automation object
[20141112-103947 WordFileConvertSrv.exe] ERR> 轉檔作業失敗. 從 "D:\NTAKWeb\NTAK_DDQS\Exec\Manager\FileStore\廣建95營所稅決定書(虛銷8%).doc" 轉換至 "D:\NTAKWeb\NTAK_DDQS\Exec\ConvertArea\廣建95營所稅決定書(虛銷8%).doc.txt" 時發生錯誤, 原因: Variant does not reference an automation object
[20141112-103947 WordFileConvertSrv.exe] ERR> 轉檔作業失敗. 從 "D:\NTAKWeb\NTAK_DDQS\Exec\Manager\FileStore\彭宴祥(第09801703號)-96年度.doc" 轉換至 "D:\NTAKWeb\NTAK_DDQS\Exec\ConvertArea\彭宴祥(第09801703號)-96年度.doc.txt" 時發生錯誤, 原因: Variant does not reference an automation object
[20141112-103947 WordFileConvertSrv.exe] ERR> 轉檔作業失敗. 從 "D:\NTAKWeb\NTAK_DDQS\Exec\Manager\FileStore\復查決定-函洪俊良93信託營利所得-實質課稅-核課期間.doc" 轉換至 "D:\NTAKWeb\NTAK_DDQS\Exec\ConvertArea\復查決定-函洪俊良93信託營利所得-實質課稅-核課期間.doc.txt" 時發生錯誤, 原因: Variant does not reference an automation object
[20141112-103947 WordFileConvertSrv.exe] ERR> 轉檔作業失敗. 從 "D:\NTAKWeb\NTAK_DDQS\Exec\Manager\FileStore\日月光電子100年度營所稅復查決定書.doc" 轉換至 "D:\NTAKWeb\NTAK_DDQS\Exec\ConvertArea\日月光電子100年度營所稅復查決定書.doc.txt" 時發生錯誤, 原因: Variant does not reference an automation object
[20141112-103947 WordFileConvertSrv.exe] ERR> 轉檔作業失敗. 從 "D:\NTAKWeb\NTAK_DDQS\Exec\Manager\FileStore\李淑&#32137;決定書.doc" 轉換至 "D:\NTAKWeb\NTAK_DDQS\Exec\ConvertArea\李淑&#32137;決定書.doc.txt" 時發生錯誤, 原因: Variant does not reference an automation object
[20141112-103947 WordFileConvertSrv.exe] ERR> 轉檔作業失敗. 從 "D:\NTAKWeb\NTAK_DDQS\Exec\Manager\FileStore\李清 復查決定書.doc.doc" 轉換至 "D:\NTAKWeb\NTAK_DDQS\Exec\ConvertArea\李清 復查決定書.doc.doc.txt" 時發生錯誤, 原因: Variant does not reference an automation object
[20141112-103947 WordFileConvertSrv.exe] ERR> 轉檔作業失敗. 從 "D:\NTAKWeb\NTAK_DDQS\Exec\Manager\FileStore\李清&#23791;復查決定書.doc" 轉換至 "D:\NTAKWeb\NTAK_DDQS\Exec\ConvertArea\李清&#23791;復查決定書.doc.txt" 時發生錯誤, 原因: Variant does not reference an automation object
[20141112-103947 WordFileConvertSrv.exe] ERR> 轉檔作業失敗. 從 "D:\NTAKWeb\NTAK_DDQS\Exec\Manager\FileStore\林&#37979;宏決定書.doc" 轉換至 "D:\NTAKWeb\NTAK_DDQS\Exec\ConvertArea\林&#37979;宏決定書.doc.txt" 時發生錯誤, 原因: Variant does not reference an automation object
[20141112-103947 WordFileConvertSrv.exe] ERR> 轉檔作業失敗. 從 "D:\NTAKWeb\NTAK_DDQS\Exec\Manager\FileStore\林奇峰95年度復查報告確定版.doc" 轉換至 "D:\NTAKWeb\NTAK_DDQS\Exec\ConvertArea\林奇峰95年度復查報告確定版.doc.txt" 時發生錯誤, 原因: Variant does not reference an automation object
[20141112-103947 WordFileConvertSrv.exe] ERR> 轉檔作業失敗. 從 "D:\NTAKWeb\NTAK_DDQS\Exec\Manager\FileStore\林宜靜(第09903210號)-94~96年度.doc" 轉換至 "D:\NTAKWeb\NTAK_DDQS\Exec\ConvertArea\林宜靜(第09903210號)-94~96年度.doc.txt" 時發生錯誤, 原因: Variant does not reference an automation object
[20141112-103947 WordFileConvertSrv.exe] ERR> 轉檔作業失敗. 從 "D:\NTAKWeb\NTAK_DDQS\Exec\Manager\FileStore\林茂雄98年度綜合所得稅正本.doc" 轉換至 "D:\NTAKWeb\NTAK_DDQS\Exec\ConvertArea\林茂雄98年度綜合所得稅正本.doc.txt" 時發生錯誤, 原因: Variant does not reference an automation object
[20141112-103947 WordFileConvertSrv.exe] ERR> 轉檔作業失敗. 從 "D:\NTAKWeb\NTAK_DDQS\Exec\Manager\FileStore\林麗俐(第10002578號)-93年度.doc" 轉換至 "D:\NTAKWeb\NTAK_DDQS\Exec\ConvertArea\林麗俐(第10002578號)-93年度.doc.txt" 時發生錯誤, 原因: Variant does not reference an automation object
[20141112-103947 WordFileConvertSrv.exe] ERR> 轉檔作業失敗. 從 "D:\NTAKWeb\NTAK_DDQS\Exec\Manager\FileStore\楊肅泰(第09804135號)-96年度.doc" 轉換至 "D:\NTAKWeb\NTAK_DDQS\Exec\ConvertArea\楊肅泰(第09804135號)-96年度.doc.txt" 時發生錯誤, 原因: Variant does not reference an automation object
[20141112-103947 WordFileConvertSrv.exe] ERR> 轉檔作業失敗. 從 "D:\NTAKWeb\NTAK_DDQS\Exec\Manager\FileStore\歐陽建華(第09902018號)-88年度.doc" 轉換至 "D:\NTAKWeb\NTAK_DDQS\Exec\ConvertArea\歐陽建華(第09902018號)-88年度.doc.txt" 時發生錯誤, 原因: Variant does not reference an automation object
[20141112-103947 WordFileConvertSrv.exe] ERR> 轉檔作業失敗. 從 "D:\NTAKWeb\NTAK_DDQS\Exec\Manager\FileStore\武穎決~1.DOC" 轉換至 "D:\NTAKWeb\NTAK_DDQS\Exec\ConvertArea\武穎決~1.DOC.txt" 時發生錯誤, 原因: Variant does not reference an automation object
[20141112-103947 WordFileConvertSrv.exe] ERR> 轉檔作業失敗. 從 "D:\NTAKWeb\NTAK_DDQS\Exec\Manager\FileStore\潘&#21843;銘100罰鍰-委託他人代為申報-維持.doc" 轉換至 "D:\NTAKWeb\NTAK_DDQS\Exec\ConvertArea\潘&#21843;銘100罰鍰-委託他人代為申報-維持.doc.txt" 時發生錯誤, 原因: Variant does not reference an automation object
[20141112-103947 WordFileConvertSrv.exe] ERR> 轉檔作業失敗. 從 "D:\NTAKWeb\NTAK_DDQS\Exec\Manager\FileStore\王&#28702;苡101年特銷稅罰鍰決定書-函.docx" 轉換至 "D:\NTAKWeb\NTAK_DDQS\Exec\ConvertArea\王&#28702;苡101年特銷稅罰鍰決定書-函.docx.txt" 時發生錯誤, 原因: Variant does not reference an automation object
[20141112-103947 WordFileConvertSrv.exe] ERR> 轉檔作業失敗. 從 "D:\NTAKWeb\NTAK_DDQS\Exec\Manager\FileStore\白美香(第09803188號)-96年度.doc" 轉換至 "D:\NTAKWeb\NTAK_DDQS\Exec\ConvertArea\白美香(第09803188號)-96年度.doc.txt" 時發生錯誤, 原因: Variant does not reference an automation object
[20141112-103947 WordFileConvertSrv.exe] ERR> 轉檔作業失敗. 從 "D:\NTAKWeb\NTAK_DDQS\Exec\Manager\FileStore\蘇宏典(第10001702號)-95年度.doc" 轉換至 "D:\NTAKWeb\NTAK_DDQS\Exec\ConvertArea\蘇宏典(第10001702號)-95年度.doc.txt" 時發生錯誤, 原因: Variant does not reference an automation object
[20141112-103947 WordFileConvertSrv.exe] ERR> 轉檔作業失敗. 從 "D:\NTAKWeb\NTAK_DDQS\Exec\Manager\FileStore\達旺廣告(第09803394號)-95年度.doc" 轉換至 "D:\NTAKWeb\NTAK_DDQS\Exec\ConvertArea\達旺廣告(第09803394號)-95年度.doc.txt" 時發生錯誤, 原因: Variant does not reference an automation object
[20141112-103947 WordFileConvertSrv.exe] ERR> 轉檔作業失敗. 從 "D:\NTAKWeb\NTAK_DDQS\Exec\Manager\FileStore\鍇億國際95營所稅決定書(虛銷8%).doc" 轉換至 "D:\NTAKWeb\NTAK_DDQS\Exec\ConvertArea\鍇億國際95營所稅決定書(虛銷8%).doc.txt" 時發生錯誤, 原因: Variant does not reference an automation object
[20141112-103947 WordFileConvertSrv.exe] ERR> 轉檔作業失敗. 從 "D:\NTAKWeb\NTAK_DDQS\Exec\Manager\FileStore\鍇億國際95營所稅決定書虛銷8%.doc" 轉換至 "D:\NTAKWeb\NTAK_DDQS\Exec\ConvertArea\鍇億國際95營所稅決定書虛銷8%.doc.txt" 時發生錯誤, 原因: Variant does not reference an automation object
[20141112-103947 WordFileConvertSrv.exe] ERR> 轉檔作業失敗. 從 "D:\NTAKWeb\NTAK_DDQS\Exec\Manager\FileStore\陳麗文(第09801332號)-96年度.doc" 轉換至 "D:\NTAKWeb\NTAK_DDQS\Exec\ConvertArea\陳麗文(第09801332號)-96年度.doc.txt" 時發生錯誤, 原因: Variant does not reference an automation object
[20141112-103947 WordFileConvertSrv.exe] ERR> 轉檔作業失敗. 從 "D:\NTAKWeb\NTAK_DDQS\Exec\Manager\FileStore\黃&#28702;瑢復查決定書-海外所得.doc" 轉換至 "D:\NTAKWeb\NTAK_DDQS\Exec\ConvertArea\黃&#28702;瑢復查決定書-海外所得.doc.txt" 時發生錯誤, 原因: Variant does not reference an automation object
[20141112-103947 WordFileConvertSrv.exe] ERR> 轉檔作業失敗. 從 "D:\NTAKWeb\NTAK_DDQS\Exec\Manager\FileStore\黃鳳珠(第09703642號)-95年度.doc" 轉換至 "D:\NTAKWeb\NTAK_DDQS\Exec\ConvertArea\黃鳳珠(第09703642號)-95年度.doc.txt" 時發生錯誤, 原因: Variant does not reference an automation object
[20141113-091021 WordFileConvertSrv.exe] <LOG_SYSTEM>程式結束[D:\NTAKWeb\NTAK_DDQS\Exec\Install\Service\WordFileConvertSrv.exe]
[20220106-101928 WordFileConvertSrv.exe] <LOG_SYSTEM>程式啟動[D:\www\NTBK_Web\NTAK_DDQS\Exec\Install\Service\WordFileConvertSrv.exe]
[20220106-101928 WordFileConvertSrv.exe] <LOG_SYSTEM>重新整理紀錄, 使紀錄只保留最後3000筆.
[20220106-101928 WordFileConvertSrv.exe] <LOG_SYSTEM>程式結束[D:\www\NTBK_Web\NTAK_DDQS\Exec\Install\Service\WordFileConvertSrv.exe]
